"C:/PG/TGS_TeamK/TGS_TeamK.uproject" 1
"../../../Engine/Plugins/AudioGameplay/AudioGameplay.uplugin" 2
"../../../Engine/Plugins/FastBuildController/FastBuildController.uplugin" 3
"../../../Engine/Plugins/AudioGameplayVolume/AudioGameplayVolume.uplugin" 4
"../../../Engine/Plugins/Bridge/Bridge.uplugin" 5
"../../../Engine/Plugins/BlueprintFileUtils/BlueprintFileUtils.uplugin" 6
"../../../Engine/Plugins/RenderGraphInsights/RenderGraphInsights.uplugin" 7
"../../../Engine/Plugins/LightWeightInstancesEditor/LightWeightInstancesEditor.uplugin" 8
"../../../Engine/Plugins/ScriptPlugin/ScriptPlugin.uplugin" 9
"../../../Engine/Plugins/Developer/BlankPlugin/BlankPlugin.uplugin" 10
"../../../Engine/Plugins/TraceUtilities/TraceUtilities.uplugin" 11
"../../../Engine/Plugins/JsonBlueprintUtilities/JsonBlueprintUtilities.uplugin" 12
"../../../Engine/Plugins/EnhancedInput/EnhancedInput.uplugin" 13
"../../../Engine/Plugins/XGEController/XGEController.uplugin" 14
"../../../Engine/Plugins/Developer/AnimationSharing/AnimationSharing.uplugin" 15
"../../../Engine/Plugins/Developer/PixWinPlugin/PixWinPlugin.uplugin" 16
"../../../Engine/Plugins/Developer/RiderSourceCodeAccess/RiderSourceCodeAccess.uplugin" 17
"../../../Engine/Plugins/Developer/RenderDocPlugin/RenderDocPlugin.uplugin" 18
"../../../Engine/Plugins/Developer/DumpGPUServices/DumpGPUServices.uplugin" 19
"../../../Engine/Plugins/Developer/GitSourceControl/GitSourceControl.uplugin" 20
"../../../Engine/Plugins/Developer/TextureFormatOodle/TextureFormatOodle.uplugin" 21
"../../../Engine/Plugins/Developer/NullSourceCodeAccess/NullSourceCodeAccess.uplugin" 22
"../../../Engine/Plugins/Developer/PerforceSourceControl/PerforceSourceControl.uplugin" 23
"../../../Engine/Plugins/Developer/OneSkyLocalizationService/OneSkyLocalizationService.uplugin" 24
"../../../Engine/Plugins/Developer/UObjectPlugin/UObjectPlugin.uplugin" 25
"../../../Engine/Plugins/MeshPainting/MeshPainting.uplugin" 26
"../../../Engine/Plugins/Developer/CLionSourceCodeAccess/CLionSourceCodeAccess.uplugin" 27
"../../../Engine/Plugins/Developer/VisualStudioCodeSourceCodeAccess/VisualStudioCodeSourceCodeAccess.uplugin" 28
"../../../Engine/Plugins/Developer/KDevelopSourceCodeAccess/KDevelopSourceCodeAccess.uplugin" 29
"../../../Engine/Plugins/Developer/XcodeGPUDebuggerPlugin/XcodeGPUDebuggerPlugin.uplugin" 30
"../../../Engine/Plugins/Developer/PlasticSourceControl/PlasticSourceControl.uplugin" 31
"../../../Engine/Plugins/NetcodeUnitTest/NUTUnrealEngine/NUTUnrealEngine.uplugin" 32
"../../../Engine/Plugins/Developer/TraceDataFiltering/TraceDataFilters.uplugin" 33
"../../../Engine/Plugins/Developer/TraceSourceFiltering/TraceSourceFilters.uplugin" 34
"../../../Engine/Plugins/Marketplace/TargetSystemComponent/TargetSystem.uplugin" 35
"../../../Engine/Plugins/Tests/InterchangeTests/InterchangeTests.uplugin" 36
"../../../Engine/Plugins/Developer/XCodeSourceCodeAccess/XCodeSourceCodeAccess.uplugin" 37
"../../../Engine/Plugins/Tests/EditorTests/EditorTests.uplugin" 38
"../../../Engine/Plugins/Marketplace/FabLauncher/FabLauncher.uplugin" 39
"../../../Engine/Plugins/Tests/RuntimeTests/RuntimeTests.uplugin" 40
"../../../Engine/Plugins/Tests/FunctionalTestingEditor/FunctionalTestingEditor.uplugin" 41
"../../../Engine/Plugins/Marketplace/Chestory/Chestory.uplugin" 42
"../../../Engine/Plugins/FX/ExampleCustomDataInterface/ExampleCustomDataInterface.uplugin" 43
"../../../Engine/Plugins/Tests/TestSamples/TestSamples.uplugin" 44
"../../../Engine/Plugins/Developer/VisualStudioSourceCodeAccess/VisualStudioSourceCodeAccess.uplugin" 45
"../../../Engine/Plugins/Tests/RHITests/RHITests.uplugin" 46
"../../../Engine/Plugins/FX/Niagara/Niagara.uplugin" 47
"../../../Engine/Plugins/Tests/FbxAutomationTestBuilder/FbxAutomationTestBuilder.uplugin" 48
"../../../Engine/Plugins/FX/NiagaraSimCaching/NiagaraSimCaching.uplugin" 49
"../../../Engine/Plugins/Runtime/AndroidDeviceProfileSelector/AndroidDeviceProfileSelector.uplugin" 50
"../../../Engine/Plugins/Tests/PythonAutomationTest/PythonAutomationTest.uplugin" 51
"../../../Engine/Plugins/Runtime/AndroidBackgroundService/AndroidBackgroundService.uplugin" 52
"../../../Engine/Plugins/Runtime/AppleMoviePlayer/AppleMoviePlayer.uplugin" 53
"../../../Engine/Plugins/Runtime/AndroidMoviePlayer/AndroidMoviePlayer.uplugin" 54
"../../../Engine/Plugins/Runtime/AudioMotorSim/AudioMotorSim.uplugin" 55
"../../../Engine/Plugins/FX/CascadeToNiagaraConverter/CascadeToNiagaraConverter.uplugin" 56
"../../../Engine/Plugins/Runtime/AppleImageUtils/AppleImageUtils.uplugin" 57
"../../../Engine/Plugins/NetcodeUnitTest/NetcodeUnitTest/NetcodeUnitTest.uplugin" 58
"../../../Engine/Plugins/Runtime/ArchVisCharacter/ArchVisCharacter.uplugin" 59
"../../../Engine/Plugins/Runtime/AnimationBudgetAllocator/AnimationBudgetAllocator.uplugin" 60
"../../../Engine/Plugins/Runtime/AndroidFileServer/AndroidFileServer.uplugin" 61
"../../../Engine/Plugins/Runtime/ActorLayerUtilities/ActorLayerUtilities.uplugin" 62
"../../../Engine/Plugins/Runtime/CustomMeshComponent/CustomMeshComponent.uplugin" 63
"../../../Engine/Plugins/Runtime/AssetTags/AssetTags.uplugin" 64
"../../../Engine/Plugins/Runtime/AudioModulation/AudioModulation.uplugin" 65
"../../../Engine/Plugins/FX/NiagaraFluids/NiagaraFluids.uplugin" 66
"../../../Engine/Plugins/Runtime/AndroidPermission/AndroidPermission.uplugin" 67
"../../../Engine/Plugins/Runtime/ChunkDownloader/ChunkDownloader.uplugin" 68
"../../../Engine/Plugins/Runtime/CableComponent/CableComponent.uplugin" 69
"../../../Engine/Plugins/Runtime/AudioWidgets/AudioWidgets.uplugin" 70
"../../../Engine/Plugins/Runtime/AudioCapture/AudioCapture.uplugin" 71
"../../../Engine/Plugins/Runtime/DataRegistry/DataRegistry.uplugin" 72
"../../../Engine/Plugins/Runtime/GameplayAbilities/GameplayAbilities.uplugin" 73
"../../../Engine/Plugins/Runtime/ApexDestruction/ApexDestruction.uplugin" 74
"../../../Engine/Plugins/Runtime/GameplayInteractions/GameplayInteractions.uplugin" 75
"../../../Engine/Plugins/Developer/CodeLiteSourceCodeAccess/CodeLiteSourceCodeAccess.uplugin" 76
"../../../Engine/Plugins/Runtime/GeometryProcessing/GeometryProcessing.uplugin" 77
"../../../Engine/Plugins/Runtime/HairStrands/HairStrands.uplugin" 78
"../../../Engine/Plugins/Runtime/HDRIBackdrop/HDRIBackdrop.uplugin" 79
"../../../Engine/Plugins/Runtime/HTTPChunkInstaller/HTTPChunkInstaller.uplugin" 80
"../../../Engine/Plugins/Runtime/GoogleCloudMessaging/GoogleCloudMessaging.uplugin" 81
"../../../Engine/Plugins/Runtime/GameplayStateTree/GameplayStateTree.uplugin" 82
"../../../Engine/Plugins/Runtime/LiveLinkOvernDisplay/LiveLinkOverNDisplay.uplugin" 83
"../../../Engine/Plugins/Runtime/Firebase/Firebase.uplugin" 84
"../../../Engine/Plugins/Runtime/IOSReplayKit/IOSReplayKit.uplugin" 85
"../../../Engine/Plugins/Runtime/HPMotionController/HPMotionController.uplugin" 86
"../../../Engine/Plugins/Runtime/GameplayBehaviorSmartObjects/GameplayBehaviorSmartObjects.uplugin" 87
"../../../Engine/Plugins/Runtime/InputDebugging/InputDebugging.uplugin" 88
"../../../Engine/Plugins/Runtime/GeometryCache/GeometryCache.uplugin" 89
"../../../Engine/Plugins/Runtime/LocationServicesBPLibrary/LocationServicesBPLibrary.uplugin" 90
"../../../Engine/Plugins/Runtime/MassGameplay/MassGameplay.uplugin" 91
"../../../Engine/Plugins/Runtime/GooglePAD/GooglePAD.uplugin" 92
"../../../Engine/Plugins/Developer/PropertyAccessNode/PropertyAccessNode.uplugin" 93
"../../../Engine/Plugins/Runtime/IOSDeviceProfileSelector/IOSDeviceProfileSelector.uplugin" 94
"../../../Engine/Plugins/Runtime/MeshModelingToolset/MeshModelingToolset.uplugin" 95
"../../../Engine/Plugins/Runtime/Metasound/Metasound.uplugin" 96
"../../../Engine/Plugins/Runtime/LinuxDeviceProfileSelector/LinuxDeviceProfileSelector.uplugin" 97
"../../../Engine/Plugins/Developer/PluginUtils/PluginUtils.uplugin" 98
"../../../Engine/Plugins/Developer/SubversionSourceControl/SubversionSourceControl.uplugin" 99
"../../../Engine/Plugins/Runtime/MIDIDevice/MIDIDevice.uplugin" 100
"../../../Engine/Plugins/Runtime/ModelViewViewModel/ModelViewViewModel.uplugin" 101
"../../../Engine/Plugins/Runtime/LocationServicesAndroidImpl/LocationServicesAndroidImpl.uplugin" 102
"../../../Engine/Plugins/Runtime/MixedRealityCaptureFramework/MixedRealityCaptureFramework.uplugin" 103
"../../../Engine/Plugins/Runtime/AudioSynesthesia/AudioSynesthesia.uplugin" 104
"../../../Engine/Plugins/Runtime/LocationServicesIOSImpl/LocationServicesIOSImpl.uplugin" 105
"../../../Engine/Plugins/Runtime/NavCorridor/NavCorridor.uplugin" 106
"../../../Engine/Plugins/Runtime/nDisplayModularFeatures/nDisplayModularFeatures.uplugin" 107
"../../../Engine/Plugins/Runtime/MobileFSR/MobileFSR.uplugin" 108
"../../../Engine/Plugins/Runtime/MicrosoftSpatialAudio/MicroSoftSpatialSound.uplugin" 109
"../../../Engine/Plugins/Runtime/MassEntity/MassEntity.uplugin" 110
"../../../Engine/Plugins/Runtime/OpenXR/OpenXR.uplugin" 111
"../../../Engine/Plugins/Runtime/NetworkPredictionInsights/NetworkPredictionInsights.uplugin" 112
"../../../Engine/Plugins/Runtime/MobilePatchingUtils/MobilePatchingUtils.uplugin" 113
"../../../Engine/Plugins/Tests/AutomationDriverTests/AutomationDriverTests.uplugin" 114
"../../../Engine/Plugins/Runtime/nDisplay/nDisplay.uplugin" 115
"../../../Engine/Plugins/Runtime/ExampleDeviceProfileSelector/ExampleDeviceProfileSelector.uplugin" 116
"../../../Engine/Plugins/Runtime/OpenXRHandTracking/OpenXRHandTracking.uplugin" 117
"../../../Engine/Plugins/Runtime/OSCModulationMixing/OSCModulationMixing.uplugin" 118
"../../../Engine/Plugins/Runtime/PreLoadScreenMoviePlayer/PreLoadScreenMoviePlayer.uplugin" 119
"../../../Engine/Plugins/Runtime/ComputeFramework/ComputeFramework.uplugin" 120
"../../../Engine/Plugins/Runtime/OSC/OSC.uplugin" 121
"../../../Engine/Plugins/Runtime/RenderTrace/RenderTrace.uplugin" 122
"../../../Engine/Plugins/Runtime/PropertyAccess/PropertyAccessEditor.uplugin" 123
"../../../Engine/Plugins/Runtime/NetworkPrediction/NetworkPrediction.uplugin" 124
"../../../Engine/Plugins/Runtime/OpenXRMsftHandInteraction/OpenXRMsftHandInteraction.uplugin" 125
"../../../Engine/Plugins/Runtime/NetworkPredictionExtras/NetworkPredictionExtras.uplugin" 126
"../../../Engine/Plugins/Runtime/OpenCV/OpenCV.uplugin" 127
"../../../Engine/Plugins/Runtime/SkeletalMerging/SkeletalMerging.uplugin" 128
"../../../Engine/Plugins/Runtime/Soundscape/Soundscape.uplugin" 129
"../../../Engine/Plugins/Runtime/OpenXREyeTracker/OpenXREyeTracker.uplugin" 130
"../../../Engine/Plugins/Runtime/ResonanceAudio/ResonanceAudio.uplugin" 131
"../../../Engine/Plugins/Runtime/SignificanceManager/SignificanceManager.uplugin" 132
"../../../Engine/Plugins/Runtime/SoundMod/SoundMod.uplugin" 133
"../../../Engine/Plugins/Runtime/StateTree/StateTree.uplugin" 134
"../../../Engine/Plugins/Runtime/ReplicationSystemTestPlugin/ReplicationSystemTestPlugin.uplugin" 135
"../../../Engine/Plugins/Runtime/ProceduralMeshComponent/ProceduralMeshComponent.uplugin" 136
"../../../Engine/Plugins/Runtime/SoundCueTemplates/SoundCueTemplates.uplugin" 137
"../../../Engine/Plugins/Runtime/SoundFields/SoundFields.uplugin" 138
"../../../Engine/Plugins/Runtime/WaveTable/WaveTable.uplugin" 139
"../../../Engine/Plugins/Runtime/SoundUtilities/SoundUtilities.uplugin" 140
"../../../Engine/Plugins/Runtime/SmartObjects/SmartObjects.uplugin" 141
"../../../Engine/Plugins/Runtime/WebMMoviePlayer/WebMMoviePlayer.uplugin" 142
"../../../Engine/Plugins/Runtime/SunPosition/SunPosition.uplugin" 143
"../../../Engine/Plugins/Runtime/WindowsDeviceProfileSelector/WindowsDeviceProfileSelector.uplugin" 144
"../../../Engine/Plugins/2D/Paper2D/Paper2D.uplugin" 145
"../../../Engine/Plugins/Runtime/WebBrowserNativeProxy/WebBrowserNativeProxy.uplugin" 146
"../../../Engine/Plugins/Animation/AnimToTexture/AnimToTexture.uplugin" 147
"../../../Engine/Plugins/Runtime/WindowsMoviePlayer/WindowsMoviePlayer.uplugin" 148
"../../../Engine/Plugins/Runtime/Synthesis/Synthesis.uplugin" 149
"../../../Engine/Plugins/Runtime/ZoneGraph/ZoneGraph.uplugin" 150
"../../../Engine/Plugins/Runtime/WarpUtils/WarpUtils.uplugin" 151
"../../../Engine/Plugins/Runtime/ReplicationGraph/ReplicationGraph.uplugin" 152
"../../../Engine/Plugins/Runtime/ZoneGraphAnnotations/ZoneGraphAnnotations.uplugin" 153
"../../../Engine/Plugins/Animation/ControlRig/ControlRig.uplugin" 154
"../../../Engine/Plugins/Runtime/OptionalMobileFeaturesBPLibrary/OptionalMobileFeaturesBPLibrary.uplugin" 155
"../../../Engine/Plugins/Animation/AnimationModifierLibrary/AnimationModifierLibrary.uplugin" 156
"../../../Engine/Plugins/Runtime/Spatialization/Spatialization.uplugin" 157
"../../../Engine/Plugins/Animation/BlendSpaceMotionAnalysis/BlendSpaceMotionAnalysis.uplugin" 158
"../../../Engine/Plugins/Animation/GameplayInsights/GameplayInsights.uplugin" 159
"../../../Engine/Plugins/Animation/DeformerGraph/DeformerGraph.uplugin" 160
"../../../Engine/Plugins/Animation/AnimationLocomotionLibrary/AnimationLocomotionLibrary.uplugin" 161
"../../../Engine/Plugins/Animation/LiveLink/LiveLink.uplugin" 162
"../../../Engine/Plugins/Runtime/WebBrowserWidget/WebBrowserWidget.uplugin" 163
"../../../Engine/Plugins/Animation/IKRig/IKRig.uplugin" 164
"../../../Engine/Plugins/Animation/AnimationWarping/AnimationWarping.uplugin" 165
"../../../Engine/Plugins/Importers/AlembicHairImporter/AlembicHairImporter.uplugin" 166
"../../../Engine/Plugins/Runtime/GeoReferencing/GeoReferencing.uplugin" 167
"../../../Engine/Plugins/Animation/MotionWarping/MotionWarping.uplugin" 168
"../../../Engine/Plugins/Messaging/MessagingDebugger/MessagingDebugger.uplugin" 169
"../../../Engine/Plugins/Editor/AssetManagerEditor/AssetManagerEditor.uplugin" 170
"../../../Engine/Plugins/Animation/LiveLinkCurveDebugUI/LiveLinkCurveDebugUI.uplugin" 171
"../../../Engine/Plugins/Messaging/TcpMessaging/TcpMessaging.uplugin" 172
"../../../Engine/Plugins/Animation/ControlRigSpline/ControlRigSpline.uplugin" 173
"../../../Engine/Plugins/Editor/AssetSearch/AssetSearch.uplugin" 174
"../../../Engine/Plugins/Editor/BlueprintHeaderView/BlueprintHeaderView.uplugin" 175
"../../../Engine/Plugins/Editor/AssetRegistryExport/AssetRegistryExport.uplugin" 176
"../../../Engine/Plugins/Web/HttpBlueprint/HttpBlueprint.uplugin" 177
"../../../Engine/Plugins/Editor/AssetReferenceRestrictions/AssetReferenceRestrictions.uplugin" 178
"../../../Engine/Plugins/Messaging/UdpMessaging/UdpMessaging.uplugin" 179
"../../../Engine/Plugins/Importers/USDMultiUser/USDMultiUser.uplugin" 180
"../../../Engine/Plugins/Importers/AlembicImporter/AlembicImporter.uplugin" 181
"../../../Engine/Plugins/Editor/BlueprintMaterialTextureNodes/BlueprintMaterialTextureNodes.uplugin" 182
"../../../Engine/Plugins/Importers/USDImporter/USDImporter.uplugin" 183
"../../../Engine/Plugins/Editor/DisplayClusterLaunch/DisplayClusterLaunch.uplugin" 184
"../../../Engine/Plugins/Editor/EditorScriptingUtilities/EditorScriptingUtilities.uplugin" 185
"../../../Engine/Plugins/Editor/ConsoleVariablesEditor/ConsoleVariables.uplugin" 186
"../../../Engine/Plugins/Editor/FacialAnimation/FacialAnimation.uplugin" 187
"../../../Engine/Plugins/Editor/GameplayTagsEditor/GameplayTagsEditor.uplugin" 188
"../../../Engine/Plugins/Editor/GeometryMode/GeometryMode.uplugin" 189
"../../../Engine/Plugins/Editor/MakeCookedEditorAsDLC/MakeCookedEditorAsDLC.uplugin" 190
"../../../Engine/Plugins/Editor/CurveEditorTools/CurveEditorTools.uplugin" 191
"../../../Engine/Plugins/Editor/GLTFImporter/GLTFImporter.uplugin" 192
"../../../Engine/Plugins/Editor/EditorDebugTools/EditorDebugTools.uplugin" 193
"../../../Engine/Plugins/Animation/RigLogic/RigLogic.uplugin" 194
"../../../Engine/Plugins/Editor/CryptoKeys/CryptoKeys.uplugin" 195
"../../../Engine/Plugins/Editor/DataValidation/DataValidation.uplugin" 196
"../../../Engine/Plugins/Editor/GuidedTutorials/GuidedTutorials.uplugin" 197
"../../../Engine/Plugins/Editor/MacGraphicsSwitching/MacGraphicsSwitching.uplugin" 198
"../../../Engine/Plugins/Editor/MaterialAnalyzer/MaterialAnalyzer.uplugin" 199
"../../../Engine/Plugins/Editor/MobileLauncherProfileWizard/MobileLauncherProfileWizard.uplugin" 200
"../../../Engine/Plugins/Enterprise/AxFImporter/AxFImporter.uplugin" 201
"../../../Engine/Plugins/Editor/WorldPartitionHLODUtilities/WorldPartitionHLODUtilities.uplugin" 202
"../../../Engine/Plugins/Enterprise/DataprepEditor/DataprepEditor.uplugin" 203
"../../../Engine/Plugins/Editor/StylusInput/StylusInput.uplugin" 204
"../../../Engine/Plugins/Editor/SpeedTreeImporter/SpeedTreeImporter.uplugin" 205
"../../../Engine/Plugins/Editor/PluginBrowser/PluginBrowser.uplugin" 206
"../../../Engine/Plugins/Enterprise/DatasmithCADImporter/DatasmithCADImporter.uplugin" 207
"../../../Engine/Plugins/Editor/ModelingToolsEditorMode/ModelingToolsEditorMode.uplugin" 208
"../../../Engine/Plugins/Enterprise/LidarPointCloud/LidarPointCloud.uplugin" 209
"../../../Engine/Plugins/MovieScene/ActorSequence/ActorSequence.uplugin" 210
"../../../Engine/Plugins/Enterprise/VariantManagerContent/VariantManagerContent.uplugin" 211
"../../../Engine/Plugins/Enterprise/DatasmithC4DImporter/DatasmithC4DImporter.uplugin" 212
"../../../Engine/Plugins/Enterprise/DatasmithImporter/DatasmithImporter.uplugin" 213
"../../../Engine/Plugins/Performance/PerformanceMonitor/PerformanceMonitor.uplugin" 214
"../../../Engine/Plugins/Enterprise/DatasmithFBXImporter/DatasmithFBXImporter.uplugin" 215
"../../../Engine/Plugins/MovieScene/LevelSequenceEditor/LevelSequenceEditor.uplugin" 216
"../../../Engine/Plugins/MovieScene/MoviePipelineMaskRenderPass/MoviePipelineMaskRenderPass.uplugin" 217
"../../../Engine/Plugins/Enterprise/DatasmithIFCImporter/DatasmithIFCImporter.uplugin" 218
"../../../Engine/Plugins/Editor/SequencerAnimTools/SequencerAnimTools.uplugin" 219
"../../../Engine/Plugins/Enterprise/MDLImporter/MDLImporter.uplugin" 220
"../../../Engine/Plugins/Enterprise/GLTFExporter/GLTFExporter.uplugin" 221
"../../../Engine/Plugins/MovieScene/ReplayTracks/ReplayTracks.uplugin" 222
"../../../Engine/Plugins/Compression/OodleNetwork/OodleNetwork.uplugin" 223
"../../../Engine/Plugins/MovieScene/MovieRenderPipeline/MovieRenderPipeline.uplugin" 224
"../../../Engine/Plugins/Protocols/MQTT/MQTT.uplugin" 225
"../../../Engine/Plugins/AI/EnvironmentQueryEditor/EnvironmentQueryEditor.uplugin" 226
"../../../Engine/Plugins/AI/MassAI/MassAI.uplugin" 227
"../../../Engine/Plugins/MovieScene/CustomizableSequencerTracks/CustomizableSequencerTracks.uplugin" 228
"../../../Engine/Plugins/Editor/WaveformEditor/WaveformEditor.uplugin" 229
"../../../Engine/Plugins/AI/AISupport/AISupport.uplugin" 230
"../../../Engine/Plugins/MovieScene/TemplateSequence/TemplateSequence.uplugin" 231
"../../../Engine/Plugins/Enterprise/DatasmithContent/DatasmithContent.uplugin" 232
"../../../Engine/Plugins/Enterprise/VariantManager/VariantManager.uplugin" 233
"../../../Engine/Plugins/AI/MLAdapter/MLAdapter.uplugin" 234
"../../../Engine/Plugins/Experimental/BackChannel/BackChannel.uplugin" 235
"../../../Engine/Plugins/Experimental/AssetPlacementEdMode/AssetPlacementEdMode.uplugin" 236
"../../../Engine/Plugins/Experimental/ActorPalette/ActorPalette.uplugin" 237
"../../../Engine/Plugins/Experimental/BlueprintSnapNodes/BlueprintSnapNodes.uplugin" 238
"../../../Engine/Plugins/Experimental/AbilitySystemGameFeatureActions/AbilitySystemGameFeatureActions.uplugin" 239
"../../../Engine/Plugins/Enterprise/DatasmithGLTFImporter/DatasmithGLTFImporter.uplugin" 240
"../../../Engine/Plugins/AI/HTNPlanner/HTNPlanner.uplugin" 241
"../../../Engine/Plugins/MovieScene/SequencerScripting/SequencerScripting.uplugin" 242
"../../../Engine/Plugins/Experimental/ChaosUserDataPT/ChaosUserDataPT.uplugin" 243
"../../../Engine/Plugins/Experimental/ChaosVehiclesPlugin/ChaosVehiclesPlugin.uplugin" 244
"../../../Engine/Plugins/Experimental/ChaosEditor/ChaosEditor.uplugin" 245
"../../../Engine/Plugins/Experimental/ChaosCloth/ChaosCloth.uplugin" 246
"../../../Engine/Plugins/Experimental/BlueprintStats/BlueprintStats.uplugin" 247
"../../../Engine/Plugins/Experimental/Chooser/Chooser.uplugin" 248
"../../../Engine/Plugins/Experimental/ColorCorrectRegions/ColorCorrectRegions.uplugin" 249
"../../../Engine/Plugins/Experimental/AutomationUtils/AutomationUtils.uplugin" 250
"../../../Engine/Plugins/Experimental/ChaosCaching/ChaosCaching.uplugin" 251
"../../../Engine/Plugins/Experimental/CommonUI/CommonUI.uplugin" 252
"../../../Engine/Plugins/Experimental/AppleVision/AppleVision.uplugin" 253
"../../../Engine/Plugins/Experimental/ChaosSolverPlugin/ChaosSolverPlugin.uplugin" 254
"../../../Engine/Plugins/Experimental/ChaosNiagara/ChaosNiagara.uplugin" 255
"../../../Engine/Plugins/Experimental/DataInterfaceGraph/DataInterfaceGraph.uplugin" 256
"../../../Engine/Plugins/AI/MassCrowd/MassCrowd.uplugin" 257
"../../../Engine/Plugins/Experimental/ChaosClothEditor/ChaosClothEditor.uplugin" 258
"../../../Engine/Plugins/Experimental/CodeView/CodeView.uplugin" 259
"../../../Engine/Plugins/Experimental/CharacterAI/CharacterAI.uplugin" 260
"../../../Engine/Plugins/Experimental/DataInterface/DataInterface.uplugin" 261
"../../../Engine/Plugins/Experimental/GameFeatures/GameFeatures.uplugin" 262
"../../../Engine/Plugins/Experimental/CommonConversation/CommonConversation.uplugin" 263
"../../../Engine/Plugins/Experimental/FieldSystemPlugin/FieldSystemPlugin.uplugin" 264
"../../../Engine/Plugins/Experimental/GameplayBehaviors/GameplayBehaviors.uplugin" 265
"../../../Engine/Plugins/Experimental/Iris/Iris.uplugin" 266
"../../../Engine/Plugins/Experimental/GeometryCollectionPlugin/GeometryCollectionPlugin.uplugin" 267
"../../../Engine/Plugins/Experimental/CinematicPrestreaming/CinematicPrestreaming.uplugin" 268
"../../../Engine/Plugins/Experimental/Gauntlet/Gauntlet.uplugin" 269
"../../../Engine/Plugins/Experimental/LandscapePatch/LandscapePatch.uplugin" 270
"../../../Engine/Plugins/Experimental/ExampleAssetEditor/ExampleAssetEditor.uplugin" 271
"../../../Engine/Plugins/Experimental/GizmoEdMode/GizmoEdMode.uplugin" 272
"../../../Engine/Plugins/Experimental/GeometryCacheAbcFile/GeometryCacheAbcFile.uplugin" 273
"../../../Engine/Plugins/Experimental/Dataflow/Dataflow.uplugin" 274
"../../../Engine/Plugins/Experimental/ControlFlows/ControlFlows.uplugin" 275
"../../../Engine/Plugins/Experimental/JWT/JWT.uplugin" 276
"../../../Engine/Plugins/Experimental/CodeEditor/CodeEditor.uplugin" 277
"../../../Engine/Plugins/Experimental/GeometryFlow/GeometryFlow.uplugin" 278
"../../../Engine/Plugins/Experimental/MeshModelingToolsetExp/MeshModelingToolsetExp.uplugin" 279
"../../../Engine/Plugins/Experimental/DefaultInstallBundleManager/DefaultInstallBundleManager.uplugin" 280
"../../../Engine/Plugins/Experimental/HairModelingToolset/HairModelingToolset.uplugin" 281
"../../../Engine/Plugins/Experimental/MeshLODToolset/MeshLODToolset.uplugin" 282
"../../../Engine/Plugins/Experimental/Mutable/Mutable.uplugin" 283
"../../../Engine/Plugins/Experimental/GPULightmass/GPULightmass.uplugin" 284
"../../../Engine/Plugins/Experimental/ImpostorBaker/ImpostorBaker.uplugin" 285
"../../../Engine/Plugins/Experimental/LiveLinkFaceImporter/LiveLinkFaceImporter.uplugin" 286
"../../../Engine/Plugins/Experimental/ModularGameplay/ModularGameplay.uplugin" 287
"../../../Engine/Plugins/Experimental/PCG/PCG.uplugin" 288
"../../../Engine/Plugins/Experimental/NaniteDisplacedMesh/NaniteDisplacedMesh.uplugin" 289
"../../../Engine/Plugins/Experimental/MotorSimOutputMotoSynth/MotorSimOutputMotoSynth.uplugin" 290
"../../../Engine/Plugins/Experimental/FullBodyIK/FullBodyIK.uplugin" 291
"../../../Engine/Plugins/Experimental/LiveLinkControlRig/LiveLinkControlRig.uplugin" 292
"../../../Engine/Plugins/Experimental/ProxyLODPlugin/ProxyLODPlugin.uplugin" 293
"../../../Engine/Plugins/Experimental/OptiXDenoise/OptiXDenoise.uplugin" 294
"../../../Engine/Plugins/Experimental/OpenImageDenoise/OpenImageDenoise.uplugin" 295
"../../../Engine/Plugins/Experimental/Landmass/Landmass.uplugin" 296
"../../../Engine/Plugins/Experimental/PanoramicCapture/PanoramicCapture.uplugin" 297
"../../../Engine/Plugins/Experimental/MotoSynth/MotoSynth.uplugin" 298
"../../../Engine/Plugins/Experimental/GeometryScripting/GeometryScripting.uplugin" 299
"../../../Engine/Plugins/Experimental/PlatformCrypto/PlatformCrypto.uplugin" 300
"../../../Engine/Plugins/Experimental/RemoteSession/RemoteSession.uplugin" 301
"../../../Engine/Plugins/Experimental/PythonFoundationPackages/PythonFoundationPackages.uplugin" 302
"../../../Engine/Plugins/Experimental/ImagePlate/ImagePlate.uplugin" 303
"../../../Engine/Plugins/Experimental/NNI/NeuralNetworkInference.uplugin" 304
"../../../Engine/Plugins/Experimental/Shotgrid/Shotgrid.uplugin" 305
"../../../Engine/Plugins/Experimental/PythonScriptPlugin/PythonScriptPlugin.uplugin" 306
"../../../Engine/Plugins/Experimental/PlanarCutPlugin/PlanarCut.uplugin" 307
"../../../Engine/Plugins/Experimental/PhysicsControl/PhysicsControl.uplugin" 308
"../../../Engine/Plugins/Experimental/VirtualCamera/VirtualCamera.uplugin" 309
"../../../Engine/Plugins/Experimental/UIFramework/UIFramework.uplugin" 310
"../../../Engine/Plugins/Experimental/Text3D/Text3D.uplugin" 311
"../../../Engine/Plugins/Experimental/StructUtils/StructUtils.uplugin" 312
"../../../Engine/Plugins/Experimental/TextToSpeech/TextToSpeech.uplugin" 313
"../../../Engine/Plugins/Experimental/SkeletalReduction/SkeletalReduction.uplugin" 314
"../../../Engine/Plugins/Experimental/Volumetrics/Volumetrics.uplugin" 315
"../../../Engine/Plugins/Experimental/WaterExtras/WaterExtras.uplugin" 316
"../../../Engine/Plugins/Experimental/StaticMeshEditorModeling/StaticMeshEditorModeling.uplugin" 317
"../../../Engine/Plugins/Experimental/VirtualScouting/VirtualScouting.uplugin" 318
"../../../Engine/Plugins/Experimental/VirtualProductionUtilities/VirtualProductionUtilities.uplugin" 319
"../../../Engine/Plugins/Experimental/ScreenReader/ScreenReader.uplugin" 320
"../../../Engine/Plugins/Experimental/SlateScreenReader/SlateScreenReader.uplugin" 321
"../../../Engine/Plugins/Experimental/SampleToolsEditorMode/SampleToolsEditorMode.uplugin" 322
"../../../Engine/Plugins/Experimental/WaveFunctionCollapse/WaveFunctionCollapse.uplugin" 323
"../../../Engine/Plugins/Experimental/VirtualHeightfieldMesh/VirtualHeightfieldMesh.uplugin" 324
"../../../Engine/Plugins/Slate/SlateScripting/SlateScripting.uplugin" 325
"../../../Engine/Plugins/Experimental/SimpleHMD/SimpleHMD.uplugin" 326
"../../../Engine/Plugins/Experimental/RawInput/RawInput.uplugin" 327
"../../../Engine/Plugins/Interchange/Editor/InterchangeEditor.uplugin" 328
"../../../Engine/Plugins/Slate/SlateInsights/SlateInsights.uplugin" 329
"../../../Engine/Plugins/Experimental/Water/Water.uplugin" 330
"../../../Engine/Plugins/Online/OnlineBase/OnlineBase.uplugin" 331
"../../../Engine/Plugins/Online/OnlineServicesOSSAdapter/OnlineServicesOSSAdapter.uplugin" 332
"../../../Engine/Plugins/Online/OnlineSubsystem/OnlineSubsystem.uplugin" 333
"../../../Engine/Plugins/Online/OnlineSubsystemNull/OnlineSubsystemNull.uplugin" 334
"../../../Engine/Plugins/Experimental/WidgetEditorToolPalette/WidgetEditorToolPalette.uplugin" 335
"../../../Engine/Plugins/Online/OnlineSubsystemAmazon/OnlineSubsystemAmazon.uplugin" 336
"../../../Engine/Plugins/Online/OnlineSubsystemGoogle/OnlineSubsystemGoogle.uplugin" 337
"../../../Engine/Plugins/Online/WebAuth/WebAuth.uplugin" 338
"../../../Engine/Plugins/Online/OnlineSubsystemTencent/OnlineSubsystemTencent.uplugin" 339
"../../../Engine/Plugins/Online/OnlineSubsystemEOS/OnlineSubsystemEOS.uplugin" 340
"../../../Engine/Plugins/Online/OnlineSubsystemFacebook/OnlineSubsystemFacebook.uplugin" 341
"../../../Engine/Plugins/Media/AndroidCamera/AndroidCamera.uplugin" 342
"../../../Engine/Plugins/Online/OnlineSubsystemOculus/OnlineSubsystemOculus.uplugin" 343
"../../../Engine/Plugins/Online/SocketSubsystemEOS/SocketSubsystemEOS.uplugin" 344
"../../../Engine/Plugins/Media/AndroidMedia/AndroidMedia.uplugin" 345
"../../../Engine/Plugins/Online/OnlineSubsystemSteam/OnlineSubsystemSteam.uplugin" 346
"../../../Engine/Plugins/Media/AvidDNxMedia/AvidDNxMedia.uplugin" 347
"../../../Engine/Plugins/Media/BinkMedia/BinkMedia.uplugin" 348
"../../../Engine/Plugins/Media/ElectraSubtitles/ElectraSubtitles.uplugin" 349
"../../../Engine/Plugins/Media/AppleProResMedia/AppleProResMedia.uplugin" 350
"../../../Engine/Plugins/Media/AvfMedia/AvfMedia.uplugin" 351
"../../../Engine/Plugins/Media/BlackmagicMedia/BlackmagicMedia.uplugin" 352
"../../../Engine/Plugins/Media/ElectraPlayer/ElectraPlayer.uplugin" 353
"../../../Engine/Plugins/Media/AjaMedia/AjaMedia.uplugin" 354
"../../../Engine/Plugins/Experimental/UVEditor/UVEditor.uplugin" 355
"../../../Engine/Plugins/Media/ElectraCDM/ElectraCDM.uplugin" 356
"../../../Engine/Plugins/Online/EOSShared/EOSShared.uplugin" 357
"../../../Engine/Plugins/Online/OnlineServicesEOS/OnlineServicesEOS.uplugin" 358
"../../../Engine/Plugins/Online/OnlineSubsystemUtils/OnlineSubsystemUtils.uplugin" 359
"../../../Engine/Plugins/Online/OnlineServicesEOSGS/OnlineServicesEOSGS.uplugin" 360
"../../../Engine/Plugins/Media/AudioCaptureTimecodeProvider/AudioCaptureTimecodeProvider.uplugin" 361
"../../../Engine/Plugins/Media/HAPMedia/HAPMedia.uplugin" 362
"../../../Engine/Plugins/Online/OnlineServices/OnlineServices.uplugin" 363
"../../../Engine/Plugins/Online/OnlineServicesNull/OnlineServicesNull.uplugin" 364
"../../../Engine/Plugins/Media/ElectraUtil/ElectraUtil.uplugin" 365
"../../../Engine/Plugins/Interchange/Runtime/Interchange.uplugin" 366
"../../../Engine/Plugins/Media/MediaFrameworkUtilities/MediaFrameworkUtilities.uplugin" 367
"../../../Engine/Plugins/Media/LinearTimecode/LinearTimecode.uplugin" 368
"../../../Engine/Plugins/Experimental/WebSocketNetworking/WebSocketNetworking.uplugin" 369
"../../../Engine/Plugins/Media/MediaPlate/MediaPlate.uplugin" 370
"../../../Engine/Plugins/Experimental/RenderGrid/RenderGrid.uplugin" 371
"../../../Engine/Plugins/Media/HLMedia/HLMedia.uplugin" 372
"../../../Engine/Plugins/Media/ImgMedia/ImgMedia.uplugin" 373
"../../../Engine/Plugins/Media/MfMedia/MfMedia.uplugin" 374
"../../../Engine/Plugins/Media/TimecodeSynchronizer/TimecodeSynchronizer.uplugin" 375
"../../../Engine/Plugins/Online/OnlineSubsystemApple/OnlineSubsystemApple.uplugin" 376
"../../../Engine/Plugins/Media/MediaIOFramework/MediaIOFramework.uplugin" 377
"../../../Engine/Plugins/VirtualProduction/CameraCalibration/CameraCalibration.uplugin" 378
"../../../Engine/Plugins/Cameras/CameraShakePreviewer/CameraShakePreviewer.uplugin" 379
"../../../Engine/Plugins/Media/HardwareEncoders/HardwareEncoders.uplugin" 380
"../../../Engine/Plugins/VirtualProduction/CameraCalibrationCore/CameraCalibrationCore.uplugin" 381
"../../../Engine/Plugins/Media/MediaMovieStreamer/MediaMovieStreamer.uplugin" 382
"../../../Engine/Plugins/VirtualProduction/CompositePlane/CompositePlane.uplugin" 383
"../../../Engine/Plugins/Online/OnlineFramework/OnlineFramework.uplugin" 384
"../../../Engine/Plugins/VirtualProduction/LiveLinkFreeD/LiveLinkFreeD.uplugin" 385
"../../../Engine/Plugins/Media/WebMMedia/WebMMedia.uplugin" 386
"../../../Engine/Plugins/VirtualProduction/EpicStageApp/EpicStageApp.uplugin" 387
"../../../Engine/Plugins/VirtualProduction/LiveLinkCamera/LiveLinkCamera.uplugin" 388
"../../../Engine/Plugins/VirtualProduction/DataCharts/DataCharts.uplugin" 389
"../../../Engine/Plugins/Media/WmfMedia/WmfMedia.uplugin" 390
"../../../Engine/Plugins/Media/MediaCompositing/MediaCompositing.uplugin" 391
"../../../Engine/Plugins/Media/MediaPlayerEditor/MediaPlayerEditor.uplugin" 392
"../../../Engine/Plugins/Media/PixelCapture/PixelCapture.uplugin" 393
"../../../Engine/Plugins/VirtualProduction/LiveLinkLens/LiveLinkLens.uplugin" 394
"../../../Engine/Plugins/Media/PixelStreaming/PixelStreaming.uplugin" 395
"../../../Engine/Plugins/VirtualProduction/LiveLinkPrestonMDR/LiveLinkPrestonMDR.uplugin" 396
"../../../Engine/Plugins/Cameras/GameplayCameras/GameplayCameras.uplugin" 397
"../../../Engine/Plugins/VirtualProduction/ICVFX/ICVFX.uplugin" 398
"../../../Engine/Plugins/VirtualProduction/LevelSnapshots/LevelSnapshots.uplugin" 399
"../../../Engine/Plugins/VirtualProduction/LiveLinkMasterLockit/LiveLinkMasterLockit.uplugin" 400
"../../../Engine/Plugins/VirtualProduction/RemoteControl/RemoteControl.uplugin" 401
"../../../Engine/Plugins/VirtualProduction/LiveLinkXR/LiveLinkXR.uplugin" 402
"../../../Engine/Plugins/VirtualProduction/RemoteControlProtocolMIDI/RemoteControlProtocolMIDI.uplugin" 403
"../../../Engine/Plugins/VirtualProduction/StageMonitoring/StageMonitoring.uplugin" 404
"../../../Engine/Plugins/VirtualProduction/RemoteControlInterception/RemoteControlInterception.uplugin" 405
"../../../Engine/Plugins/VirtualProduction/MultiUserTakes/MultiUserTakes.uplugin" 406
"../../../Engine/Plugins/VirtualProduction/Switchboard/Switchboard.uplugin" 407
"../../../Engine/Plugins/Media/PixelStreamingPlayer/PixelStreamingPlayer.uplugin" 408
"../../../Engine/Plugins/VirtualProduction/RemoteControlProtocolOSC/RemoteControlProtocolOSC.uplugin" 409
"../../../Engine/Plugins/VirtualProduction/RemoteControlWebInterface/RemoteControlWebInterface.uplugin" 410
"../../../Engine/Plugins/Experimental/GizmoFramework/GizmoFramework.uplugin" 411
"../../../Engine/Plugins/VirtualProduction/Takes/Takes.uplugin" 412
"../../../Engine/Plugins/Compositing/Composure/Composure.uplugin" 413
"../../../Engine/Plugins/Compositing/LensDistortion/LensDistortion.uplugin" 414
"../../../Engine/Plugins/VirtualProduction/SequencerPlaylists/SequencerPlaylists.uplugin" 415
"../../../Engine/Plugins/Portal/LauncherChunkInstaller/LauncherChunkInstaller.uplugin" 416
"../../../Engine/Plugins/Compositing/OpenColorIO/OpenColorIO.uplugin" 417
"../../../Engine/Plugins/VirtualProduction/LiveLinkVRPN/LiveLinkVRPN.uplugin" 418
"../../../Engine/Plugins/VirtualProduction/RemoteControlProtocolDMX/RemoteControlProtocolDMX.uplugin" 419
"../../../Engine/Plugins/VirtualProduction/TimedDataMonitor/TimedDataMonitor.uplugin" 420
"../../../Engine/Plugins/Compositing/OpenCVLensDistortion/OpenCVLensDistortion.uplugin" 421
"../../../Engine/Plugins/Runtime/Analytics/AnalyticsMulticast/AnalyticsMulticast.uplugin" 422
"../../../Engine/Plugins/Runtime/Database/DatabaseSupport/DatabaseSupport.uplugin" 423
"../../../Engine/Plugins/Runtime/Database/RemoteDatabaseSupport/RemoteDatabaseSupport.uplugin" 424
"../../../Engine/Plugins/Runtime/Analytics/FileLogging/FileLogging.uplugin" 425
"../../../Engine/Plugins/VirtualProduction/TextureShare/TextureShare.uplugin" 426
"../../../Engine/Plugins/Runtime/Analytics/Adjust/Adjust.uplugin" 427
"../../../Engine/Plugins/Runtime/Analytics/AnalyticsBlueprintLibrary/AnalyticsBlueprintLibrary.uplugin" 428
"../../../Engine/Plugins/Runtime/Analytics/Flurry/Flurry.uplugin" 429
"../../../Engine/Plugins/Experimental/Web/WebAPI/WebAPI.uplugin" 430
"../../../Engine/Plugins/Runtime/AR/AzureSpatialAnchors/AzureSpatialAnchors.uplugin" 431
"../../../Engine/Plugins/Developer/Concert/ConcertMain/ConcertMain.uplugin" 432
"../../../Engine/Plugins/Runtime/Database/SQLiteCore/SQLiteCore.uplugin" 433
"../../../Engine/Plugins/Experimental/Enterprise/DatasmithRuntime/DatasmithRuntime.uplugin" 434
"../../../Engine/Plugins/Runtime/Database/ADOSupport/ADOSupport.uplugin" 435
"../../../Engine/Plugins/Experimental/Enterprise/DatasmithInterchange/DatasmithInterchange.uplugin" 436
"../../../Engine/Plugins/Runtime/Advertising/IOSTapJoy/IOSTapJoy.uplugin" 437
"../../../Engine/Plugins/Runtime/Database/SQLiteSupport/SQLiteSupport.uplugin" 438
"../../../Engine/Plugins/Editor/ContentBrowser/ContentBrowserClassDataSource/ContentBrowserClassDataSource.uplugin" 439
"../../../Engine/Plugins/Runtime/AR/ARUtilities/ARUtilities.uplugin" 440
"../../../Engine/Plugins/Runtime/AR/AzureSpatialAnchorsForARKit/AzureSpatialAnchorsForARKit.uplugin" 441
"../../../Engine/Plugins/Runtime/Steam/SteamShared/SteamShared.uplugin" 442
"../../../Engine/Plugins/Runtime/Steam/SteamController/SteamController.uplugin" 443
"../../../Engine/Plugins/Runtime/PacketHandlers/DTLSHandlerComponent/DTLSHandlerComponent.uplugin" 444
"../../../Engine/Plugins/Experimental/VirtualProduction/LedWallCalibration/LedWallCalibration.uplugin" 445
"../../../Engine/Plugins/Editor/ContentBrowser/ContentBrowserFileDataSource/ContentBrowserFileDataSource.uplugin" 446
"../../../Engine/Plugins/Runtime/PacketHandlers/AESGCMHandlerComponent/AESGCMHandlerComponent.uplugin" 447
"../../../Engine/Plugins/Runtime/MeshReconstruction/DummyMeshReconstructor/DummyMeshReconstructor.uplugin" 448
"../../../Engine/Plugins/Runtime/AR/AzureSpatialAnchorsForARCore/AzureSpatialAnchorsForARCore.uplugin" 449
"../../../Engine/Plugins/Runtime/Steam/SteamSockets/SteamSockets.uplugin" 450
"../../../Engine/Plugins/Animation/MLDeformer/MLDeformerFramework/MLDeformerFramework.uplugin" 451
"../../../Engine/Plugins/Runtime/Steam/SteamVR/SteamVR.uplugin" 452
"../../../Engine/Plugins/Runtime/Steam/SteamAudio/SteamAudio.uplugin" 453
"../../../Engine/Plugins/Editor/ContentBrowser/ContentBrowserAliasDataSoure/ContentBrowserAliasDataSource.uplugin" 454
"../../../Engine/Plugins/VirtualProduction/DMX/DMXModularFeatures/DMXModularFeatures.uplugin" 455
"../../../Engine/Plugins/VirtualProduction/DMX/DMXFixtures/DMXFixtures.uplugin" 456
"../../../Engine/Plugins/Animation/MLDeformer/NearestNeighborModel/NearestNeighborModel.uplugin" 457
"../../../Engine/Plugins/VirtualProduction/Rivermax/RivermaxCore/RivermaxCore.uplugin" 458
"../../../Engine/Plugins/VirtualProduction/DMX/DMXProtocol/DMXProtocol.uplugin" 459
"../../../Engine/Plugins/VirtualProduction/Rivermax/RivermaxMedia/RivermaxMedia.uplugin" 460
"../../../Engine/Plugins/Animation/MLDeformer/VertexDeltaModel/VertexDeltaModel.uplugin" 461
"../../../Engine/Plugins/Animation/MLDeformer/NeuralMorphModel/NeuralMorphModel.uplugin" 462
"../../../Engine/Plugins/Runtime/XR/XRVisualization/XRVisualization.uplugin" 463
"../../../Engine/Plugins/VirtualProduction/DMX/DMXDisplayCluster/DMXDisplayCluster.uplugin" 464
"../../../Engine/Plugins/Runtime/Nvidia/GeForceNOWWrapper/GeForceNOWWrapper.uplugin" 465
"../../../Engine/Plugins/VirtualProduction/DMX/DatasmithMVR/DatasmithMVR.uplugin" 466
"../../../Engine/Plugins/VirtualProduction/DMX/DMXEngine/DMXEngine.uplugin" 467
"../../../Engine/Plugins/Editor/ContentBrowser/ContentBrowserAssetDataSource/ContentBrowserAssetDataSource.uplugin" 468
"../../../Engine/Plugins/Online/Android/OnlineSubsystemGooglePlay/OnlineSubsystemGooglePlay.uplugin" 469
"../../../Engine/Plugins/Runtime/Nvidia/Reflex/Reflex.uplugin" 470
"../../../Engine/Plugins/Experimental/Enterprise/DataprepGeometryOperations/DataprepGeometryOperations.uplugin" 471
"../../../Engine/Plugins/Runtime/Windows/WinDualShock/WinDualShock.uplugin" 472
"../../../Engine/Plugins/Experimental/Animation/CurveExpression/CurveExpression.uplugin" 473
"../../../Engine/Plugins/Online/VoiceChat/EOSVoiceChat/EOSVoiceChat.uplugin" 474
"../../../Engine/Plugins/Experimental/Animation/ContextualAnimation/ContextualAnimation.uplugin" 475
"../../../Engine/Plugins/Experimental/Animation/Optimus/Optimus.uplugin" 476
"../../../Engine/Plugins/Runtime/Oculus/OculusAudio/OculusAudio.uplugin" 477
"../../../Engine/Plugins/Editor/ObjectMixer/LightMixer/LightMixer.uplugin" 478
"../../../Engine/Plugins/Online/Android/AndroidFetchBackgroundDownload/AndroidFetchBackgroundDownload.uplugin" 479
"../../../Engine/Plugins/Online/IOS/OnlineSubsystemIOS/OnlineSubsystemIOS.uplugin" 480
"../../../Engine/Plugins/Experimental/Animation/MotionTrajectory/MotionTrajectory.uplugin" 481
"../../../Engine/Plugins/Editor/ObjectMixer/ObjectMixer/ObjectMixer.uplugin" 482
"../../../Engine/Plugins/Runtime/PacketHandlers/AESHandlerComponent/AESHandlerComponent.uplugin" 483
"../../../Engine/Plugins/Experimental/Animation/PoseSearch/PoseSearch.uplugin" 484
"../../../Engine/Plugins/Online/VoiceChat/VoiceChat/VoiceChat.uplugin" 485
"../../../Engine/Plugins/VirtualProduction/DMX/DMXPixelMapping/DMXPixelMapping.uplugin" 486
"../../../Engine/Plugins/Experimental/AR/PointCloud/PointCloud.uplugin" 487
"../../../Engine/Plugins/Experimental/Animation/SkeletalMeshModelingTools/SkeletalMeshModelingTools.uplugin" 488
"../../../Engine/Plugins/Runtime/AR/AppleAR/AppleARKit/AppleARKit.uplugin" 489
"../../../Engine/Plugins/Runtime/Oculus/OculusVR/OculusVR.uplugin" 490
"../../../Engine/Plugins/Developer/Concert/ConcertUI/ConcertClientSharedSlate/ConcertClientSharedSlate.uplugin" 491
"../../../Engine/Plugins/Runtime/AR/Google/GoogleARCore/GoogleARCore.uplugin" 492
"../../../Engine/Plugins/Developer/Concert/ConcertSync/ConcertSyncServer/ConcertSyncServer.uplugin" 493
"../../../Engine/Plugins/Developer/Concert/ConcertApp/DisasterRecoveryClient/DisasterRecoveryClient.uplugin" 494
"../../../Engine/Plugins/Developer/Concert/ConcertSync/ConcertSyncCore/ConcertSyncCore.uplugin" 495
"../../../Engine/Plugins/Runtime/AR/AppleAR/AppleARKitFaceSupport/AppleARKitFaceSupport.uplugin" 496
"../../../Engine/Plugins/Developer/Concert/ConcertSync/ConcertSyncClient/ConcertSyncClient.uplugin" 497
"../../../Engine/Plugins/Developer/Concert/ConcertSync/ConcertSyncTest/ConcertSyncTest.uplugin" 498
"../../../Engine/Plugins/Developer/Concert/ConcertApp/MultiUserClient/MultiUserClient.uplugin" 499
"../../../Engine/Plugins/Developer/Concert/ConcertUI/ConcertSharedSlate/ConcertSharedSlate.uplugin" 500
"../../../Engine/Plugins/Developer/Concert/ConcertApp/MultiUserServer/MultiUserServer.uplugin" 501
"../../../Engine/Plugins/Runtime/AR/Google/GoogleARCoreServices/GoogleARCoreServices.uplugin" 502
"../../../Engine/Platforms/HoloLens/Plugins/Media/HLMedia/HLMedia_HoloLens.uplugin" 503
"../../../Engine/Platforms/HoloLens/Plugins/Online/OnlineServicesEOS/OnlineServicesEOS_HoloLens.uplugin" 504
"../../../Engine/Platforms/HoloLens/Plugins/Media/BinkMedia/BinkMedia_HoloLens.uplugin" 505
"../../../Engine/Platforms/HoloLens/Plugins/Runtime/ApexDestruction/ApexDestruction_HoloLens.uplugin" 506
"../../../Engine/Platforms/HoloLens/Plugins/Runtime/GeoReferencing/GeoReferencing_HoloLens.uplugin" 507
"../../../Engine/Platforms/HoloLens/Plugins/Runtime/OpenXRHandTracking/OpenXRHandTracking_HoloLens.uplugin" 508
"../../../Engine/Platforms/HoloLens/Plugins/Media/MfMedia/MfMedia_HoloLens.uplugin" 509
"../../../Engine/Platforms/HoloLens/Plugins/Runtime/MicrosoftSpatialAudio/MicroSoftSpatialSound_HoloLens.uplugin" 510
"../../../Engine/Platforms/HoloLens/Plugins/Runtime/OpenXREyeTracker/OpenXREyeTracker_HoloLens.uplugin" 511
"../../../Engine/Platforms/HoloLens/Plugins/Compression/OodleNetwork/OodleNetwork_HoloLens.uplugin" 512
"../../../Engine/Platforms/HoloLens/Plugins/Runtime/OpenXR/OpenXR_HoloLens.uplugin" 513
"../../../Engine/Platforms/HoloLens/Plugins/Runtime/AR/AzureSpatialAnchors/AzureSpatialAnchors_HoloLens.uplugin" 514
"../../../Engine/Platforms/HoloLens/Plugins/Online/OnlineServicesEOSGS/OnlineServicesEOSGS_HoloLens.uplugin" 515
"../../../Engine/Platforms/HoloLens/Plugins/Runtime/OpenXRMsftHandInteraction/OpenXRMsftHandInteraction_HoloLens.uplugin" 516
"../../../Engine/Content/Internationalization/icudt64l/cnvalias.icu" 517
"../../../Engine/Content/Internationalization/icudt64l/res_index.res" 518
"../../../Engine/Content/Internationalization/icudt64l/plurals.res" 519
"../../../Engine/Content/Internationalization/icudt64l/lang/ja_JP.res" 520
"../../../Engine/Content/Internationalization/icudt64l/lang/pool.res" 521
"../../../Engine/Content/Internationalization/icudt64l/lang/ja.res" 522
"../../../Engine/Content/Internationalization/icudt64l/lang/root.res" 523
"../../../Engine/Content/Internationalization/icudt64l/region/ja_JP.res" 524
"../../../Engine/Content/Internationalization/icudt64l/region/pool.res" 525
"../../../Engine/Content/Internationalization/icudt64l/region/ja.res" 526
"../../../Engine/Content/Internationalization/icudt64l/region/root.res" 527
"../../../Engine/Content/Internationalization/icudt64l/lang/en.res" 528
"../../../Engine/Content/Internationalization/icudt64l/region/en.res" 529
"../../../Engine/Content/Internationalization/icudt64l/windowsZones.res" 530
"../../../Engine/Content/Internationalization/icudt64l/zoneinfo64.res" 531
"../../../Engine/Content/Internationalization/icudt64l/keyTypeData.res" 532
"../../../Engine/Content/Internationalization/icudt64l/timezoneTypes.res" 533
"../../../Engine/Content/Internationalization/icudt64l/likelySubtags.res" 534
"../../../Engine/Content/Internationalization/icudt64l/ja_JP.res" 535
"../../../Engine/Content/Internationalization/icudt64l/pool.res" 536
"../../../Engine/Content/Internationalization/icudt64l/ja.res" 537
"../../../Engine/Content/Internationalization/icudt64l/root.res" 538
"../../../Engine/Content/Internationalization/icudt64l/supplementalData.res" 539
"../../../Engine/Config/ConfigRedirects.ini" 540
"../../../Engine/Config/Base.ini" 541
"../../../Engine/Config/BaseEngine.ini" 542
"../../../Engine/Config/IOS/BaseIOSEngine.ini" 543
"../../../Engine/Config/Mac/BaseMacEngine.ini" 544
"../../../../../../PG/TGS_TeamK/Config/DefaultEngine.ini" 545
"../../../Engine/Config/IOS/IOSEngine.ini" 546
"../../../Engine/Config/Mac/MacEngine.ini" 547
"../../../Engine/Config/HoloLens/HoloLensEngine.ini" 548
"../../../Engine/Config/Android/BaseAndroidEngine.ini" 549
"C:/Users/kbc12306156/AppData/Local/UnrealEngine/5.1/Saved/Config/WindowsEditor/Manifest.ini" 550
"../../../Engine/Config/Linux/BaseLinuxEngine.ini" 551
"../../../Engine/Config/Unix/UnixEngine.ini" 552
"../../../Engine/Config/Windows/BaseWindowsEngine.ini" 553
"../../../../../../PG/TGS_TeamK/Platforms/HoloLens/Config/HoloLensEngine.ini" 554
"../../../Engine/Config/LinuxArm64/LinuxArm64Engine.ini" 555
"../../../Engine/Config/Android/AndroidEngine.ini" 556
"../../../Engine/Config/Linux/LinuxEngine.ini" 557
"../../../Engine/Config/BaseGame.ini" 558
"../../../Engine/Config/TVOS/TVOSEngine.ini" 559
"../../../Engine/Config/IOS/BaseIOSGame.ini" 560
"../../../Engine/Config/Windows/WindowsEngine.ini" 561
"../../../../../../PG/TGS_TeamK/Config/DefaultGame.ini" 562
"../../../Engine/Config/IOS/IOSGame.ini" 563
"../../../Engine/Config/Android/BaseAndroidGame.ini" 564
"../../../Engine/Config/Mac/MacGame.ini" 565
"../../../Engine/Config/HoloLens/HoloLensGame.ini" 566
"../../../Engine/Config/Windows/WindowsGame.ini" 567
"C:/PG/TGS_TeamK/Saved/Config/WindowsEditor/Engine.ini" 568
"../../../Engine/Config/Linux/LinuxGame.ini" 569
"C:/PG/TGS_TeamK/Saved/Config/WindowsEditor/Game.ini" 570
"../../../Engine/Config/BaseInput.ini" 571
"../../../../../../PG/TGS_TeamK/Config/DefaultInput.ini" 572
"../../../Engine/Config/BaseDeviceProfiles.ini" 573
"C:/PG/TGS_TeamK/Saved/Config/WindowsEditor/Input.ini" 574
"C:/PG/TGS_TeamK/Saved/Config/WindowsEditor/DeviceProfiles.ini" 575
"../../../Engine/Config/BaseGameUserSettings.ini" 576
"../../../Engine/Config/BaseScalability.ini" 577
"../../../Engine/Config/BaseRuntimeOptions.ini" 578
"../../../Engine/Config/IOS/IOSScalability.ini" 579
"../../../Engine/Config/Android/AndroidScalability.ini" 580
"C:/PG/TGS_TeamK/Saved/Config/WindowsEditor/GameUserSettings.ini" 581
"../../../Engine/Config/BaseInstallBundle.ini" 582
"C:/PG/TGS_TeamK/Saved/Config/WindowsEditor/Scalability.ini" 583
"../../../Engine/Config/BaseHardware.ini" 584
"C:/PG/TGS_TeamK/Saved/Config/WindowsEditor/RuntimeOptions.ini" 585
"C:/PG/TGS_TeamK/Saved/Config/WindowsEditor/Hardware.ini" 586
"../../../Engine/Config/BaseCompat.ini" 587
"C:/PG/TGS_TeamK/Saved/Config/WindowsEditor/Compat.ini" 588
"../../../Engine/Config/BaseLightmass.ini" 589
"C:/PG/TGS_TeamK/Saved/Config/WindowsEditor/Lightmass.ini" 590
"../../../Engine/Config/BaseEditor.ini" 591
"../../../../../../PG/TGS_TeamK/Config/DefaultEditor.ini" 592
"C:/PG/TGS_TeamK/Saved/Config/WindowsEditor/Editor.ini" 593
"../../../Engine/Config/BaseEditorPerProjectUserSettings.ini" 594
"../../../../../../PG/TGS_TeamK/Config/DefaultEditorPerProjectUserSettings.ini" 595
"../../../Engine/Config/Windows/WindowsEditorPerProjectUserSettings.ini" 596
"C:/PG/TGS_TeamK/Saved/Config/WindowsEditor/EditorPerProjectUserSettings.ini" 597
"../../../Engine/Config/BaseEditorSettings.ini" 598
"C:/Users/kbc12306156/AppData/Local/UnrealEngine/5.1/Saved/Config/WindowsEditor/EditorSettings.ini" 599
"../../../Engine/Config/BaseEditorKeyBindings.ini" 600
"C:/Users/kbc12306156/AppData/Local/UnrealEngine/5.1/Saved/Config/WindowsEditor/EditorKeyBindings.ini" 601
"C:/Users/kbc12306156/AppData/Local/UnrealEngine/5.1/Saved/Config/WindowsEditor/EditorLayout.ini" 602
"../../../Engine/Binaries/Win64/BootstrapPackagedGame-Win64-Shipping.target" 603
"../../../Engine/Binaries/Win64/BuildPatchTool-Win64-Shipping.target" 604
"../../../Engine/Binaries/Win64/CrashReportClient-Win64-Shipping.target" 605
"../../../Engine/Binaries/Win64/CrashReportClientEditor-Win64-Shipping.target" 606
"../../../Engine/Binaries/Win64/DatasmithCADWorker.target" 607
"../../../Engine/Binaries/Win64/EpicWebHelper.target" 608
"../../../Engine/Binaries/Win64/LiveCodingConsole.target" 609
"../../../Engine/Binaries/Win64/ShaderCompileWorker.target" 610
"../../../Engine/Binaries/Win64/SwitchboardListener.target" 611
"../../../Engine/Binaries/Win64/UnrealEditor-Win64-DebugGame.target" 612
"../../../Engine/Binaries/Win64/UnrealEditor.target" 613
"../../../Engine/Plugins/EnhancedInput/Config/BaseEnhancedInput.ini" 614
"C:/PG/TGS_TeamK/Saved/Config/WindowsEditor/EnhancedInput.ini" 615
"../../../Engine/Plugins/Developer/TraceDataFiltering/Config/BaseTraceDataFilters.ini" 616
"C:/PG/TGS_TeamK/Saved/Config/WindowsEditor/TraceDataFilters.ini" 617
"../../../Engine/Plugins/FX/Niagara/Config/BaseNiagara.ini" 618
"C:/PG/TGS_TeamK/Saved/Config/WindowsEditor/Niagara.ini" 619
"../../../Engine/Plugins/Runtime/HairStrands/Config/BaseHairStrands.ini" 620
"C:/PG/TGS_TeamK/Saved/Config/WindowsEditor/HairStrands.ini" 621
"../../../Engine/Plugins/Runtime/Metasound/Config/BaseMetasound.ini" 622
"C:/PG/TGS_TeamK/Saved/Config/WindowsEditor/Metasound.ini" 623
"../../../Engine/Plugins/2D/Paper2D/Config/BasePaper2D.ini" 624
"C:/PG/TGS_TeamK/Saved/Config/WindowsEditor/Paper2D.ini" 625
"../../../Engine/Plugins/Runtime/Synthesis/Config/BaseSynthesis.ini" 626
"C:/PG/TGS_TeamK/Saved/Config/WindowsEditor/Synthesis.ini" 627
"../../../Engine/Plugins/Animation/ControlRig/Config/BaseControlRig.ini" 628
"C:/PG/TGS_TeamK/Saved/Config/WindowsEditor/ControlRig.ini" 629
"../../../Engine/Plugins/Animation/LiveLink/Config/BaseLiveLink.ini" 630
"C:/PG/TGS_TeamK/Saved/Config/WindowsEditor/LiveLink.ini" 631
"../../../Engine/Plugins/Animation/IKRig/Config/BaseIKRig.ini" 632
"../../../Engine/Plugins/Editor/EditorScriptingUtilities/Config/BaseEditorScriptingUtilities.ini" 633
"C:/PG/TGS_TeamK/Saved/Config/WindowsEditor/EditorScriptingUtilities.ini" 634
"../../../Engine/Plugins/Enterprise/VariantManagerContent/Config/BaseVariantManagerContent.ini" 635
"C:/PG/TGS_TeamK/Saved/Config/WindowsEditor/VariantManagerContent.ini" 636
"../../../Engine/Plugins/Enterprise/GLTFExporter/Config/BaseGLTFExporter.ini" 637
"../../../Engine/Plugins/Enterprise/GLTFExporter/Config/DefaultGLTFExporter.ini" 638
"C:/PG/TGS_TeamK/Saved/Config/WindowsEditor/GLTFExporter.ini" 639
"../../../Engine/Plugins/Enterprise/MDLImporter/Config/BaseMDLImporter.ini" 640
"C:/PG/TGS_TeamK/Saved/Config/WindowsEditor/MDLImporter.ini" 641
"../../../Engine/Plugins/Enterprise/DatasmithContent/Config/BaseDatasmithContent.ini" 642
"C:/PG/TGS_TeamK/Saved/Config/WindowsEditor/DatasmithContent.ini" 643
"../../../Engine/Plugins/Experimental/FullBodyIK/Config/BaseFullBodyIK.ini" 644
"C:/PG/TGS_TeamK/Saved/Config/WindowsEditor/FullBodyIK.ini" 645
"../../../Engine/Plugins/Interchange/Runtime/Config/BaseInterchange.ini" 646
"C:/PG/TGS_TeamK/Saved/Config/WindowsEditor/Interchange.ini" 647
"../../../Engine/Plugins/Interchange/Runtime/Config/Game.ini" 648
"../../../Engine/Plugins/Developer/Concert/ConcertSync/ConcertSyncCore/Config/BaseConcertSyncCore.ini" 649
"C:/PG/TGS_TeamK/Saved/Config/WindowsEditor/ConcertSyncCore.ini" 650
"../../../Engine/Plugins/Editor/ModelingToolsEditorMode/Binaries/Win64/UnrealEditor.modules" 651
"../../../Engine/Plugins/Runtime/MeshModelingToolset/Binaries/Win64/UnrealEditor.modules" 652
"../../../Engine/Plugins/Experimental/MeshModelingToolsetExp/Binaries/Win64/UnrealEditor.modules" 653
"../../../Engine/Plugins/Experimental/MeshLODToolset/Binaries/Win64/UnrealEditor.modules" 654
"../../../Engine/Plugins/Editor/StylusInput/Binaries/Win64/UnrealEditor.modules" 655
"../../../Engine/Plugins/Runtime/GeometryProcessing/Binaries/Win64/UnrealEditor.modules" 656
"../../../Engine/Plugins/Experimental/ProxyLODPlugin/Binaries/Win64/UnrealEditor.modules" 657
"../../../Engine/Plugins/Experimental/GeometryFlow/Binaries/Win64/UnrealEditor.modules" 658
"../../../Engine/Plugins/Editor/EditorScriptingUtilities/Binaries/Win64/UnrealEditor.modules" 659
"../../../Engine/Plugins/FastBuildController/Binaries/Win64/UnrealEditor.modules" 660
"../../../Engine/Plugins/Bridge/Binaries/Win64/UnrealEditor.modules" 661
"../../../Engine/Plugins/MeshPainting/Binaries/Win64/UnrealEditor.modules" 662
"../../../Engine/Plugins/Interchange/Editor/Binaries/Win64/UnrealEditor.modules" 663
"../../../Engine/Plugins/Interchange/Runtime/Binaries/Win64/UnrealEditor.modules" 664
"../../../Engine/Plugins/Editor/GLTFImporter/Binaries/Win64/UnrealEditor.modules" 665
"../../../Engine/Plugins/Enterprise/VariantManagerContent/Binaries/Win64/UnrealEditor.modules" 666
"../../../Engine/Plugins/Enterprise/VariantManager/Binaries/Win64/UnrealEditor.modules" 667
"../../../Engine/Plugins/EnhancedInput/Binaries/Win64/UnrealEditor.modules" 668
"../../../Engine/Plugins/TraceUtilities/Binaries/Win64/UnrealEditor.modules" 669
"../../../Engine/Plugins/XGEController/Binaries/Win64/UnrealEditor.modules" 670
"../../../Engine/Plugins/Developer/AnimationSharing/Binaries/Win64/UnrealEditor.modules" 671
"../../../Engine/Plugins/Runtime/SignificanceManager/Binaries/Win64/UnrealEditor.modules" 672
"../../../Engine/Plugins/Developer/CLionSourceCodeAccess/Binaries/Win64/UnrealEditor.modules" 673
"../../../Engine/Plugins/Developer/PerforceSourceControl/Binaries/Win64/UnrealEditor.modules" 674
"../../../Engine/Plugins/Developer/PixWinPlugin/Binaries/Win64/UnrealEditor.modules" 675
"../../../Engine/Plugins/Developer/DumpGPUServices/Binaries/Win64/UnrealEditor.modules" 676
"../../../Engine/Plugins/Developer/RiderSourceCodeAccess/Binaries/Win64/UnrealEditor.modules" 677
"../../../Engine/Plugins/Developer/TextureFormatOodle/Binaries/Win64/UnrealEditor.modules" 678
"../../../Engine/Plugins/Developer/GitSourceControl/Binaries/Win64/UnrealEditor.modules" 679
"../../../Engine/Plugins/Developer/UObjectPlugin/Binaries/Win64/UnrealEditor.modules" 680
"../../../Engine/Plugins/Developer/PlasticSourceControl/Binaries/Win64/UnrealEditor.modules" 681
"../../../Engine/Plugins/Developer/VisualStudioCodeSourceCodeAccess/Binaries/Win64/UnrealEditor.modules" 682
"../../../Engine/Plugins/Developer/TraceDataFiltering/Binaries/Win64/UnrealEditor.modules" 683
"../../../Engine/Plugins/Developer/VisualStudioSourceCodeAccess/Binaries/Win64/UnrealEditor.modules" 684
"../../../Engine/Plugins/Tests/InterchangeTests/Binaries/Win64/UnrealEditor.modules" 685
"../../../Engine/Plugins/Marketplace/FabLauncher/Binaries/Win64/UnrealEditor.modules" 686
"../../../Engine/Plugins/Importers/USDImporter/Binaries/Win64/UnrealEditor.modules" 687
"../../../Engine/Plugins/Experimental/PythonScriptPlugin/Binaries/Win64/UnrealEditor.modules" 688
"../../../Engine/Plugins/Importers/AlembicImporter/Binaries/Win64/UnrealEditor.modules" 689
"../../../Engine/Plugins/Runtime/Analytics/AnalyticsBlueprintLibrary/Binaries/Win64/UnrealEditor.modules" 690
"../../../Engine/Plugins/Animation/ControlRig/Binaries/Win64/UnrealEditor.modules" 691
"../../../Engine/Plugins/Runtime/GeometryCache/Binaries/Win64/UnrealEditor.modules" 692
"../../../Engine/Plugins/MovieScene/LevelSequenceEditor/Binaries/Win64/UnrealEditor.modules" 693
"../../../Engine/Plugins/Animation/LiveLink/Binaries/Win64/UnrealEditor.modules" 694
"../../../Engine/Plugins/Enterprise/MDLImporter/Binaries/Win64/UnrealEditor.modules" 695
"../../../Engine/Plugins/MovieScene/SequencerScripting/Binaries/Win64/UnrealEditor.modules" 696
"../../../Engine/Plugins/Runtime/HairStrands/Binaries/Win64/UnrealEditor.modules" 697
"../../../Engine/Plugins/Editor/ContentBrowser/ContentBrowserFileDataSource/Binaries/Win64/UnrealEditor.modules" 698
"../../../Engine/Plugins/Runtime/PropertyAccess/Binaries/Win64/UnrealEditor.modules" 699
"../../../Engine/Plugins/FX/Niagara/Binaries/Win64/UnrealEditor.modules" 700
"../../../Engine/Plugins/VirtualProduction/Takes/Binaries/Win64/UnrealEditor.modules" 701
"../../../Engine/Plugins/Developer/Concert/ConcertSync/ConcertSyncClient/Binaries/Win64/UnrealEditor.modules" 702
"../../../Engine/Plugins/Developer/Concert/ConcertSync/ConcertSyncCore/Binaries/Win64/UnrealEditor.modules" 703
"../../../Engine/Plugins/Developer/Concert/ConcertMain/Binaries/Win64/UnrealEditor.modules" 704
"../../../Engine/Plugins/Runtime/Database/SQLiteCore/Binaries/Win64/UnrealEditor.modules" 705
"../../../Engine/Plugins/Runtime/AndroidDeviceProfileSelector/Binaries/Win64/UnrealEditor.modules" 706
"../../../Engine/Plugins/Runtime/AndroidPermission/Binaries/Win64/UnrealEditor.modules" 707
"../../../Engine/Plugins/Runtime/ActorLayerUtilities/Binaries/Win64/UnrealEditor.modules" 708
"../../../Engine/Plugins/Runtime/AppleImageUtils/Binaries/Win64/UnrealEditor.modules" 709
"../../../Engine/Plugins/Runtime/AndroidFileServer/Binaries/Win64/UnrealEditor.modules" 710
"../../../Engine/Plugins/Runtime/AssetTags/Binaries/Win64/UnrealEditor.modules" 711
"../../../Engine/Plugins/Runtime/ArchVisCharacter/Binaries/Win64/UnrealEditor.modules" 712
"../../../Engine/Plugins/Runtime/CustomMeshComponent/Binaries/Win64/UnrealEditor.modules" 713
"../../../Engine/Plugins/Runtime/AudioCapture/Binaries/Win64/UnrealEditor.modules" 714
"../../../Engine/Plugins/Runtime/ChunkDownloader/Binaries/Win64/UnrealEditor.modules" 715
"../../../Engine/Plugins/Runtime/CableComponent/Binaries/Win64/UnrealEditor.modules" 716
"../../../Engine/Plugins/Runtime/InputDebugging/Binaries/Win64/UnrealEditor.modules" 717
"../../../Engine/Plugins/Runtime/GooglePAD/Binaries/Win64/UnrealEditor.modules" 718
"../../../Engine/Plugins/Runtime/LocationServicesBPLibrary/Binaries/Win64/UnrealEditor.modules" 719
"../../../Engine/Plugins/Developer/PropertyAccessNode/Binaries/Win64/UnrealEditor.modules" 720
"../../../Engine/Plugins/Runtime/Metasound/Binaries/Win64/UnrealEditor.modules" 721
"../../../Engine/Plugins/Runtime/AudioWidgets/Binaries/Win64/UnrealEditor.modules" 722
"../../../Engine/Plugins/Runtime/AudioSynesthesia/Binaries/Win64/UnrealEditor.modules" 723
"../../../Engine/Plugins/Runtime/WaveTable/Binaries/Win64/UnrealEditor.modules" 724
"../../../Engine/Plugins/Developer/SubversionSourceControl/Binaries/Win64/UnrealEditor.modules" 725
"../../../Engine/Plugins/Developer/PluginUtils/Binaries/Win64/UnrealEditor.modules" 726
"../../../Engine/Plugins/Runtime/MobilePatchingUtils/Binaries/Win64/UnrealEditor.modules" 727
"../../../Engine/Plugins/Runtime/ExampleDeviceProfileSelector/Binaries/Win64/UnrealEditor.modules" 728
"../../../Engine/Plugins/Runtime/ResonanceAudio/Binaries/Win64/UnrealEditor.modules" 729
"../../../Engine/Plugins/Runtime/ProceduralMeshComponent/Binaries/Win64/UnrealEditor.modules" 730
"../../../Engine/Plugins/Runtime/SoundFields/Binaries/Win64/UnrealEditor.modules" 731
"../../../Engine/Plugins/Runtime/WebMMoviePlayer/Binaries/Win64/UnrealEditor.modules" 732
"../../../Engine/Plugins/Media/WebMMedia/Binaries/Win64/UnrealEditor.modules" 733
"../../../Engine/Plugins/Runtime/WindowsDeviceProfileSelector/Binaries/Win64/UnrealEditor.modules" 734
"../../../Engine/Plugins/2D/Paper2D/Binaries/Win64/UnrealEditor.modules" 735
"../../../Engine/Plugins/Runtime/WindowsMoviePlayer/Binaries/Win64/UnrealEditor.modules" 736
"../../../Engine/Plugins/Runtime/Synthesis/Binaries/Win64/UnrealEditor.modules" 737
"../../../Engine/Plugins/Animation/AnimationModifierLibrary/Binaries/Win64/UnrealEditor.modules" 738
"../../../Engine/Plugins/Animation/BlendSpaceMotionAnalysis/Binaries/Win64/UnrealEditor.modules" 739
"../../../Engine/Plugins/Animation/IKRig/Binaries/Win64/UnrealEditor.modules" 740
"../../../Engine/Plugins/Experimental/FullBodyIK/Binaries/Win64/UnrealEditor.modules" 741
"../../../Engine/Plugins/Editor/AssetManagerEditor/Binaries/Win64/UnrealEditor.modules" 742
"../../../Engine/Plugins/Messaging/TcpMessaging/Binaries/Win64/UnrealEditor.modules" 743
"../../../Engine/Plugins/Animation/ControlRigSpline/Binaries/Win64/UnrealEditor.modules" 744
"../../../Engine/Plugins/Editor/BlueprintHeaderView/Binaries/Win64/UnrealEditor.modules" 745
"../../../Engine/Plugins/Messaging/UdpMessaging/Binaries/Win64/UnrealEditor.modules" 746
"../../../Engine/Plugins/Editor/CurveEditorTools/Binaries/Win64/UnrealEditor.modules" 747
"../../../Engine/Plugins/Editor/FacialAnimation/Binaries/Win64/UnrealEditor.modules" 748
"../../../Engine/Plugins/Editor/GameplayTagsEditor/Binaries/Win64/UnrealEditor.modules" 749
"../../../Engine/Plugins/Editor/GeometryMode/Binaries/Win64/UnrealEditor.modules" 750
"../../../Engine/Plugins/Editor/EditorDebugTools/Binaries/Win64/UnrealEditor.modules" 751
"../../../Engine/Plugins/Editor/DataValidation/Binaries/Win64/UnrealEditor.modules" 752
"../../../Engine/Plugins/Editor/CryptoKeys/Binaries/Win64/UnrealEditor.modules" 753
"../../../Engine/Plugins/Editor/MaterialAnalyzer/Binaries/Win64/UnrealEditor.modules" 754
"../../../Engine/Plugins/Editor/MobileLauncherProfileWizard/Binaries/Win64/UnrealEditor.modules" 755
"../../../Engine/Plugins/Editor/WorldPartitionHLODUtilities/Binaries/Win64/UnrealEditor.modules" 756
"../../../Engine/Plugins/Editor/SpeedTreeImporter/Binaries/Win64/UnrealEditor.modules" 757
"../../../Engine/Plugins/Editor/PluginBrowser/Binaries/Win64/UnrealEditor.modules" 758
"../../../Engine/Plugins/MovieScene/ActorSequence/Binaries/Win64/UnrealEditor.modules" 759
"../../../Engine/Plugins/Editor/SequencerAnimTools/Binaries/Win64/UnrealEditor.modules" 760
"../../../Engine/Plugins/Enterprise/GLTFExporter/Binaries/Win64/UnrealEditor.modules" 761
"../../../Engine/Plugins/Compression/OodleNetwork/Binaries/Win64/UnrealEditor.modules" 762
"../../../Engine/Plugins/AI/EnvironmentQueryEditor/Binaries/Win64/UnrealEditor.modules" 763
"../../../Engine/Plugins/AI/AISupport/Binaries/Win64/UnrealEditor.modules" 764
"../../../Engine/Plugins/Enterprise/DatasmithContent/Binaries/Win64/UnrealEditor.modules" 765
"../../../Engine/Plugins/Experimental/BackChannel/Binaries/Win64/UnrealEditor.modules" 766
"../../../Engine/Plugins/Experimental/ChaosEditor/Binaries/Win64/UnrealEditor.modules" 767
"../../../Engine/Plugins/Experimental/PlanarCutPlugin/Binaries/Win64/UnrealEditor.modules" 768
"../../../Engine/Plugins/Experimental/GeometryCollectionPlugin/Binaries/Win64/UnrealEditor.modules" 769
"../../../Engine/Plugins/Experimental/ChaosSolverPlugin/Binaries/Win64/UnrealEditor.modules" 770
"../../../Engine/Plugins/Experimental/Dataflow/Binaries/Win64/UnrealEditor.modules" 771
"../../../Engine/Plugins/Experimental/AutomationUtils/Binaries/Win64/UnrealEditor.modules" 772
"../../../Engine/Plugins/Experimental/ChaosUserDataPT/Binaries/Win64/UnrealEditor.modules" 773
"../../../Engine/Plugins/Experimental/ChaosCloth/Binaries/Win64/UnrealEditor.modules" 774
"../../../Engine/Plugins/Experimental/ChaosCaching/Binaries/Win64/UnrealEditor.modules" 775
"../../../Engine/Plugins/Experimental/CharacterAI/Binaries/Win64/UnrealEditor.modules" 776
"../../../Engine/Plugins/Experimental/ChaosClothEditor/Binaries/Win64/UnrealEditor.modules" 777
"../../../Engine/Plugins/Experimental/ChaosNiagara/Binaries/Win64/UnrealEditor.modules" 778
"../../../Engine/Plugins/Experimental/Iris/Binaries/Win64/UnrealEditor.modules" 779
"../../../Engine/Plugins/Experimental/OpenImageDenoise/Binaries/Win64/UnrealEditor.modules" 780
"../../../Engine/Plugins/Experimental/PlatformCrypto/Binaries/Win64/UnrealEditor.modules" 781
"../../../Engine/Plugins/Experimental/SkeletalReduction/Binaries/Win64/UnrealEditor.modules" 782
"../../../Engine/Plugins/Online/OnlineBase/Binaries/Win64/UnrealEditor.modules" 783
"../../../Engine/Plugins/Online/OnlineSubsystem/Binaries/Win64/UnrealEditor.modules" 784
"../../../Engine/Plugins/Online/OnlineSubsystemNull/Binaries/Win64/UnrealEditor.modules" 785
"../../../Engine/Plugins/Online/OnlineSubsystemUtils/Binaries/Win64/UnrealEditor.modules" 786
"../../../Engine/Plugins/Online/OnlineServices/Binaries/Win64/UnrealEditor.modules" 787
"../../../Engine/Plugins/Media/AndroidMedia/Binaries/Win64/UnrealEditor.modules" 788
"../../../Engine/Plugins/Media/AvfMedia/Binaries/Win64/UnrealEditor.modules" 789
"../../../Engine/Plugins/Experimental/UVEditor/Binaries/Win64/UnrealEditor.modules" 790
"../../../Engine/Plugins/Media/MediaCompositing/Binaries/Win64/UnrealEditor.modules" 791
"../../../Engine/Plugins/Media/ImgMedia/Binaries/Win64/UnrealEditor.modules" 792
"../../../Engine/Plugins/Media/MediaPlate/Binaries/Win64/UnrealEditor.modules" 793
"../../../Engine/Plugins/Media/MediaPlayerEditor/Binaries/Win64/UnrealEditor.modules" 794
"../../../Engine/Plugins/Media/WmfMedia/Binaries/Win64/UnrealEditor.modules" 795
"../../../Engine/Plugins/Cameras/CameraShakePreviewer/Binaries/Win64/UnrealEditor.modules" 796
"../../../Engine/Plugins/Cameras/GameplayCameras/Binaries/Win64/UnrealEditor.modules" 797
"../../../Engine/Plugins/MovieScene/TemplateSequence/Binaries/Win64/UnrealEditor.modules" 798
"../../../Engine/Plugins/Portal/LauncherChunkInstaller/Binaries/Win64/UnrealEditor.modules" 799
"../../../Engine/Plugins/Editor/ContentBrowser/ContentBrowserClassDataSource/Binaries/Win64/UnrealEditor.modules" 800
"../../../Engine/Plugins/Editor/ContentBrowser/ContentBrowserAssetDataSource/Binaries/Win64/UnrealEditor.modules" 801
"../../../Engine/Plugins/Editor/ObjectMixer/ObjectMixer/Binaries/Win64/UnrealEditor.modules" 802
"../../../Engine/Plugins/Editor/ObjectMixer/LightMixer/Binaries/Win64/UnrealEditor.modules" 803
"C:/Users/kbc12306156/AppData/Local/UnrealEngine/5.1/Saved/Config/WindowsEditor/SourceControlSettings.ini" 804
"../../../Engine/Content/Certificates/ThirdParty/cacert.pem" 805
"../../../Engine/Config/ConsoleVariables.ini" 806
"../../../Engine/Binaries/Win64/Android/UnrealEditor.modules" 807
"../../../Engine/Binaries/Win64/IOS/UnrealEditor.modules" 808
"../../../Engine/Binaries/Win64/Linux/UnrealEditor.modules" 809
"../../../Engine/Binaries/Win64/LinuxArm64/UnrealEditor.modules" 810
"C:\Program Files\Epic Games\UE_5.1\Engine\Binaries\ThirdParty\ShaderConductor\Win64\dxcompiler.dll" 811
"C:\Program Files\Epic Games\UE_5.1\Engine\Binaries\ThirdParty\ShaderConductor\Win64\dxil.dll" 812
"C:\Program Files\Epic Games\UE_5.1\Engine\Binaries\ThirdParty\ShaderConductor\Win64\ShaderConductor.dll" 813
"../../../Engine/Content/Localization/Editor/ja/Editor.locres" 814
"../../../Engine/Content/Localization/EditorTutorials/ja/EditorTutorials.locres" 815
"../../../Engine/Content/Localization/Keywords/ja/Keywords.locres" 816
"../../../Engine/Content/Localization/Category/ja/Category.locres" 817
"../../../Engine/Content/Localization/ToolTips/ja/ToolTips.locres" 818
"../../../Engine/Content/Localization/PropertyNames/ja/PropertyNames.locres" 819
"../../../Engine/Content/Localization/Engine/ja/Engine.locres" 820
"../../../Engine/Plugins/Online/OnlineSubsystem/Content/Localization/OnlineSubsystem/ja/OnlineSubsystem.locres" 821
"../../../Engine/Plugins/Online/OnlineSubsystemUtils/Content/Localization/OnlineSubsystemUtils/ja/OnlineSubsystemUtils.locres" 822
"../../../Engine/Plugins/Online/Android/OnlineSubsystemGooglePlay/Content/Localization/OnlineSubsystemGooglePlay/ja/OnlineSubsystemGooglePlay.locres" 823
"../../../Engine/Plugins/Online/IOS/OnlineSubsystemIOS/Content/Localization/OnlineSubsystemIOS/ja/OnlineSubsystemIOS.locres" 824
"../../../Engine/Content/Internationalization/icudt64l/numberingSystems.res" 825
"../../../Engine/Content/Internationalization/icudt64l/curr/supplementalData.res" 826
"../../../Engine/Content/Internationalization/icudt64l/curr/ja_JP.res" 827
"../../../Engine/Content/Internationalization/icudt64l/curr/pool.res" 828
"../../../Engine/Content/Internationalization/icudt64l/curr/ja.res" 829
"../../../Engine/Content/Internationalization/icudt64l/curr/root.res" 830
"../../../Engine/Content/Internationalization/icudt64l/lang/af.res" 831
"../../../Engine/Content/Internationalization/icudt64l/region/af.res" 832
"../../../Engine/Content/Internationalization/icudt64l/lang/agq.res" 833
"../../../Engine/Content/Internationalization/icudt64l/region/agq.res" 834
"../../../Engine/Content/Internationalization/icudt64l/lang/ak.res" 835
"../../../Engine/Content/Internationalization/icudt64l/region/ak.res" 836
"../../../Engine/Content/Internationalization/icudt64l/lang/am.res" 837
"../../../Engine/Content/Internationalization/icudt64l/region/am.res" 838
"../../../Engine/Content/Internationalization/icudt64l/lang/ar.res" 839
"../../../Engine/Content/Internationalization/icudt64l/region/ar.res" 840
"../../../Engine/Content/Internationalization/icudt64l/region/ar_AE.res" 841
"../../../Engine/Content/Internationalization/icudt64l/lang/ar_EG.res" 842
"../../../Engine/Content/Internationalization/icudt64l/lang/ar_LY.res" 843
"../../../Engine/Content/Internationalization/icudt64l/region/ar_LY.res" 844
"../../../Engine/Content/Internationalization/icudt64l/lang/ar_SA.res" 845
"../../../Engine/Content/Internationalization/icudt64l/region/ar_SA.res" 846
"../../../Engine/Content/Internationalization/icudt64l/lang/as.res" 847
"../../../Engine/Content/Internationalization/icudt64l/region/as.res" 848
"../../../Engine/Content/Internationalization/icudt64l/lang/asa.res" 849
"../../../Engine/Content/Internationalization/icudt64l/region/asa.res" 850
"../../../Engine/Content/Internationalization/icudt64l/lang/ast.res" 851
"../../../Engine/Content/Internationalization/icudt64l/region/ast.res" 852
"../../../Engine/Content/Internationalization/icudt64l/lang/az.res" 853
"../../../Engine/Content/Internationalization/icudt64l/lang/az_Cyrl.res" 854
"../../../Engine/Content/Internationalization/icudt64l/lang/az_AZ.res" 855
"../../../Engine/Content/Internationalization/icudt64l/lang/az_Latn_AZ.res" 856
"../../../Engine/Content/Internationalization/icudt64l/lang/az_Latn.res" 857
"../../../Engine/Content/Internationalization/icudt64l/region/az_AZ.res" 858
"../../../Engine/Content/Internationalization/icudt64l/region/az_Latn_AZ.res" 859
"../../../Engine/Content/Internationalization/icudt64l/region/az_Latn.res" 860
"../../../Engine/Content/Internationalization/icudt64l/region/az.res" 861
"../../../Engine/Content/Internationalization/icudt64l/region/az_Cyrl.res" 862
"../../../Engine/Content/Internationalization/icudt64l/lang/bas.res" 863
"../../../Engine/Content/Internationalization/icudt64l/region/bas.res" 864
"../../../Engine/Content/Internationalization/icudt64l/lang/be.res" 865
"../../../Engine/Content/Internationalization/icudt64l/region/be.res" 866
"../../../Engine/Content/Internationalization/icudt64l/lang/bem.res" 867
"../../../Engine/Content/Internationalization/icudt64l/region/bem.res" 868
"../../../Engine/Content/Internationalization/icudt64l/lang/bez.res" 869
"../../../Engine/Content/Internationalization/icudt64l/region/bez.res" 870
"../../../Engine/Content/Internationalization/icudt64l/lang/bg.res" 871
"../../../Engine/Content/Internationalization/icudt64l/region/bg.res" 872
"../../../Engine/Content/Internationalization/icudt64l/lang/bm.res" 873
"../../../Engine/Content/Internationalization/icudt64l/region/bm.res" 874
"../../../Engine/Content/Internationalization/icudt64l/lang/bn.res" 875
"../../../Engine/Content/Internationalization/icudt64l/region/bn.res" 876
"../../../Engine/Content/Internationalization/icudt64l/lang/bn_IN.res" 877
"../../../Engine/Content/Internationalization/icudt64l/region/bn_IN.res" 878
"../../../Engine/Content/Internationalization/icudt64l/lang/bo.res" 879
"../../../Engine/Content/Internationalization/icudt64l/region/bo.res" 880
"../../../Engine/Content/Internationalization/icudt64l/region/bo_IN.res" 881
"../../../Engine/Content/Internationalization/icudt64l/lang/br.res" 882
"../../../Engine/Content/Internationalization/icudt64l/region/br.res" 883
"../../../Engine/Content/Internationalization/icudt64l/lang/brx.res" 884
"../../../Engine/Content/Internationalization/icudt64l/region/brx.res" 885
"../../../Engine/Content/Internationalization/icudt64l/lang/bs.res" 886
"../../../Engine/Content/Internationalization/icudt64l/lang/bs_Cyrl.res" 887
"../../../Engine/Content/Internationalization/icudt64l/lang/bs_BA.res" 888
"../../../Engine/Content/Internationalization/icudt64l/lang/bs_Latn_BA.res" 889
"../../../Engine/Content/Internationalization/icudt64l/lang/bs_Latn.res" 890
"../../../Engine/Content/Internationalization/icudt64l/region/bs_BA.res" 891
"../../../Engine/Content/Internationalization/icudt64l/region/bs_Latn_BA.res" 892
"../../../Engine/Content/Internationalization/icudt64l/region/bs_Latn.res" 893
"../../../Engine/Content/Internationalization/icudt64l/region/bs.res" 894
"../../../Engine/Content/Internationalization/icudt64l/region/bs_Cyrl.res" 895
"../../../Engine/Content/Internationalization/icudt64l/lang/ca.res" 896
"../../../Engine/Content/Internationalization/icudt64l/region/ca.res" 897
"../../../Engine/Content/Internationalization/icudt64l/lang/ccp.res" 898
"../../../Engine/Content/Internationalization/icudt64l/region/ccp.res" 899
"../../../Engine/Content/Internationalization/icudt64l/lang/ce.res" 900
"../../../Engine/Content/Internationalization/icudt64l/region/ce.res" 901
"../../../Engine/Content/Internationalization/icudt64l/lang/ceb.res" 902
"../../../Engine/Content/Internationalization/icudt64l/region/ceb.res" 903
"../../../Engine/Content/Internationalization/icudt64l/lang/cgg.res" 904
"../../../Engine/Content/Internationalization/icudt64l/region/cgg.res" 905
"../../../Engine/Content/Internationalization/icudt64l/lang/chr.res" 906
"../../../Engine/Content/Internationalization/icudt64l/region/chr.res" 907
"../../../Engine/Content/Internationalization/icudt64l/lang/ckb.res" 908
"../../../Engine/Content/Internationalization/icudt64l/region/ckb.res" 909
"../../../Engine/Content/Internationalization/icudt64l/lang/cs.res" 910
"../../../Engine/Content/Internationalization/icudt64l/region/cs.res" 911
"../../../Engine/Content/Internationalization/icudt64l/lang/cy.res" 912
"../../../Engine/Content/Internationalization/icudt64l/region/cy.res" 913
"../../../Engine/Content/Internationalization/icudt64l/lang/da.res" 914
"../../../Engine/Content/Internationalization/icudt64l/region/da.res" 915
"../../../Engine/Content/Internationalization/icudt64l/lang/dav.res" 916
"../../../Engine/Content/Internationalization/icudt64l/region/dav.res" 917
"../../../Engine/Content/Internationalization/icudt64l/lang/de.res" 918
"../../../Engine/Content/Internationalization/icudt64l/lang/de_AT.res" 919
"../../../Engine/Content/Internationalization/icudt64l/region/de_AT.res" 920
"../../../Engine/Content/Internationalization/icudt64l/region/de.res" 921
"../../../Engine/Content/Internationalization/icudt64l/lang/de_CH.res" 922
"../../../Engine/Content/Internationalization/icudt64l/region/de_CH.res" 923
"../../../Engine/Content/Internationalization/icudt64l/lang/de_LU.res" 924
"../../../Engine/Content/Internationalization/icudt64l/lang/dje.res" 925
"../../../Engine/Content/Internationalization/icudt64l/region/dje.res" 926
"../../../Engine/Content/Internationalization/icudt64l/lang/dsb.res" 927
"../../../Engine/Content/Internationalization/icudt64l/region/dsb.res" 928
"../../../Engine/Content/Internationalization/icudt64l/lang/dua.res" 929
"../../../Engine/Content/Internationalization/icudt64l/region/dua.res" 930
"../../../Engine/Content/Internationalization/icudt64l/lang/dyo.res" 931
"../../../Engine/Content/Internationalization/icudt64l/region/dyo.res" 932
"../../../Engine/Content/Internationalization/icudt64l/lang/dz.res" 933
"../../../Engine/Content/Internationalization/icudt64l/region/dz.res" 934
"../../../Engine/Content/Internationalization/icudt64l/lang/ebu.res" 935
"../../../Engine/Content/Internationalization/icudt64l/region/ebu.res" 936
"../../../Engine/Content/Internationalization/icudt64l/lang/ee.res" 937
"../../../Engine/Content/Internationalization/icudt64l/region/ee.res" 938
"../../../Engine/Content/Internationalization/icudt64l/lang/el.res" 939
"../../../Engine/Content/Internationalization/icudt64l/region/el.res" 940
"../../../Engine/Content/Internationalization/icudt64l/lang/en_001.res" 941
"../../../Engine/Content/Internationalization/icudt64l/lang/en_150.res" 942
"../../../Engine/Content/Internationalization/icudt64l/region/en_150.res" 943
"../../../Engine/Content/Internationalization/icudt64l/lang/en_AG.res" 944
"../../../Engine/Content/Internationalization/icudt64l/region/en_AG.res" 945
"../../../Engine/Content/Internationalization/icudt64l/lang/en_AI.res" 946
"../../../Engine/Content/Internationalization/icudt64l/region/en_AI.res" 947
"../../../Engine/Content/Internationalization/icudt64l/lang/en_AT.res" 948
"../../../Engine/Content/Internationalization/icudt64l/region/en_AT.res" 949
"../../../Engine/Content/Internationalization/icudt64l/lang/en_AU.res" 950
"../../../Engine/Content/Internationalization/icudt64l/region/en_AU.res" 951
"../../../Engine/Content/Internationalization/icudt64l/lang/en_BB.res" 952
"../../../Engine/Content/Internationalization/icudt64l/region/en_BB.res" 953
"../../../Engine/Content/Internationalization/icudt64l/lang/en_BE.res" 954
"../../../Engine/Content/Internationalization/icudt64l/region/en_BE.res" 955
"../../../Engine/Content/Internationalization/icudt64l/lang/en_BM.res" 956
"../../../Engine/Content/Internationalization/icudt64l/region/en_BM.res" 957
"../../../Engine/Content/Internationalization/icudt64l/lang/en_BS.res" 958
"../../../Engine/Content/Internationalization/icudt64l/region/en_BS.res" 959
"../../../Engine/Content/Internationalization/icudt64l/lang/en_BW.res" 960
"../../../Engine/Content/Internationalization/icudt64l/region/en_BW.res" 961
"../../../Engine/Content/Internationalization/icudt64l/lang/en_BZ.res" 962
"../../../Engine/Content/Internationalization/icudt64l/region/en_BZ.res" 963
"../../../Engine/Content/Internationalization/icudt64l/lang/en_CA.res" 964
"../../../Engine/Content/Internationalization/icudt64l/region/en_CA.res" 965
"../../../Engine/Content/Internationalization/icudt64l/lang/en_CC.res" 966
"../../../Engine/Content/Internationalization/icudt64l/region/en_CC.res" 967
"../../../Engine/Content/Internationalization/icudt64l/lang/en_CH.res" 968
"../../../Engine/Content/Internationalization/icudt64l/region/en_CH.res" 969
"../../../Engine/Content/Internationalization/icudt64l/lang/en_CK.res" 970
"../../../Engine/Content/Internationalization/icudt64l/region/en_CK.res" 971
"../../../Engine/Content/Internationalization/icudt64l/lang/en_CM.res" 972
"../../../Engine/Content/Internationalization/icudt64l/region/en_CM.res" 973
"../../../Engine/Content/Internationalization/icudt64l/lang/en_CX.res" 974
"../../../Engine/Content/Internationalization/icudt64l/region/en_CX.res" 975
"../../../Engine/Content/Internationalization/icudt64l/lang/en_CY.res" 976
"../../../Engine/Content/Internationalization/icudt64l/region/en_CY.res" 977
"../../../Engine/Content/Internationalization/icudt64l/lang/en_DE.res" 978
"../../../Engine/Content/Internationalization/icudt64l/region/en_DE.res" 979
"../../../Engine/Content/Internationalization/icudt64l/lang/en_DG.res" 980
"../../../Engine/Content/Internationalization/icudt64l/region/en_DG.res" 981
"../../../Engine/Content/Internationalization/icudt64l/lang/en_DK.res" 982
"../../../Engine/Content/Internationalization/icudt64l/region/en_DK.res" 983
"../../../Engine/Content/Internationalization/icudt64l/lang/en_DM.res" 984
"../../../Engine/Content/Internationalization/icudt64l/region/en_DM.res" 985
"../../../Engine/Content/Internationalization/icudt64l/lang/en_ER.res" 986
"../../../Engine/Content/Internationalization/icudt64l/region/en_ER.res" 987
"../../../Engine/Content/Internationalization/icudt64l/lang/en_FI.res" 988
"../../../Engine/Content/Internationalization/icudt64l/region/en_FI.res" 989
"../../../Engine/Content/Internationalization/icudt64l/lang/en_FJ.res" 990
"../../../Engine/Content/Internationalization/icudt64l/region/en_FJ.res" 991
"../../../Engine/Content/Internationalization/icudt64l/lang/en_FK.res" 992
"../../../Engine/Content/Internationalization/icudt64l/region/en_FK.res" 993
"../../../Engine/Content/Internationalization/icudt64l/lang/en_FM.res" 994
"../../../Engine/Content/Internationalization/icudt64l/region/en_FM.res" 995
"../../../Engine/Content/Internationalization/icudt64l/lang/en_GB.res" 996
"../../../Engine/Content/Internationalization/icudt64l/region/en_GB.res" 997
"../../../Engine/Content/Internationalization/icudt64l/lang/en_GD.res" 998
"../../../Engine/Content/Internationalization/icudt64l/region/en_GD.res" 999
"../../../Engine/Content/Internationalization/icudt64l/lang/en_GG.res" 1000
"../../../Engine/Content/Internationalization/icudt64l/region/en_GG.res" 1001
"../../../Engine/Content/Internationalization/icudt64l/lang/en_GH.res" 1002
"../../../Engine/Content/Internationalization/icudt64l/region/en_GH.res" 1003
"../../../Engine/Content/Internationalization/icudt64l/lang/en_GI.res" 1004
"../../../Engine/Content/Internationalization/icudt64l/region/en_GI.res" 1005
"../../../Engine/Content/Internationalization/icudt64l/lang/en_GM.res" 1006
"../../../Engine/Content/Internationalization/icudt64l/region/en_GM.res" 1007
"../../../Engine/Content/Internationalization/icudt64l/lang/en_GY.res" 1008
"../../../Engine/Content/Internationalization/icudt64l/region/en_GY.res" 1009
"../../../Engine/Content/Internationalization/icudt64l/lang/en_HK.res" 1010
"../../../Engine/Content/Internationalization/icudt64l/region/en_HK.res" 1011
"../../../Engine/Content/Internationalization/icudt64l/lang/en_IE.res" 1012
"../../../Engine/Content/Internationalization/icudt64l/region/en_IE.res" 1013
"../../../Engine/Content/Internationalization/icudt64l/lang/en_IL.res" 1014
"../../../Engine/Content/Internationalization/icudt64l/region/en_IL.res" 1015
"../../../Engine/Content/Internationalization/icudt64l/lang/en_IM.res" 1016
"../../../Engine/Content/Internationalization/icudt64l/region/en_IM.res" 1017
"../../../Engine/Content/Internationalization/icudt64l/lang/en_IN.res" 1018
"../../../Engine/Content/Internationalization/icudt64l/region/en_IN.res" 1019
"../../../Engine/Content/Internationalization/icudt64l/lang/en_IO.res" 1020
"../../../Engine/Content/Internationalization/icudt64l/region/en_IO.res" 1021
"../../../Engine/Content/Internationalization/icudt64l/lang/en_JE.res" 1022
"../../../Engine/Content/Internationalization/icudt64l/region/en_JE.res" 1023
"../../../Engine/Content/Internationalization/icudt64l/lang/en_JM.res" 1024
"../../../Engine/Content/Internationalization/icudt64l/region/en_JM.res" 1025
"../../../Engine/Content/Internationalization/icudt64l/lang/en_KE.res" 1026
"../../../Engine/Content/Internationalization/icudt64l/region/en_KE.res" 1027
"../../../Engine/Content/Internationalization/icudt64l/lang/en_KI.res" 1028
"../../../Engine/Content/Internationalization/icudt64l/region/en_KI.res" 1029
"../../../Engine/Content/Internationalization/icudt64l/lang/en_KN.res" 1030
"../../../Engine/Content/Internationalization/icudt64l/region/en_KN.res" 1031
"../../../Engine/Content/Internationalization/icudt64l/lang/en_KY.res" 1032
"../../../Engine/Content/Internationalization/icudt64l/region/en_KY.res" 1033
"../../../Engine/Content/Internationalization/icudt64l/lang/en_LC.res" 1034
"../../../Engine/Content/Internationalization/icudt64l/region/en_LC.res" 1035
"../../../Engine/Content/Internationalization/icudt64l/lang/en_LR.res" 1036
"../../../Engine/Content/Internationalization/icudt64l/region/en_LR.res" 1037
"../../../Engine/Content/Internationalization/icudt64l/lang/en_LS.res" 1038
"../../../Engine/Content/Internationalization/icudt64l/region/en_LS.res" 1039
"../../../Engine/Content/Internationalization/icudt64l/lang/en_MG.res" 1040
"../../../Engine/Content/Internationalization/icudt64l/region/en_MG.res" 1041
"../../../Engine/Content/Internationalization/icudt64l/lang/en_MO.res" 1042
"../../../Engine/Content/Internationalization/icudt64l/region/en_MO.res" 1043
"../../../Engine/Content/Internationalization/icudt64l/lang/en_MS.res" 1044
"../../../Engine/Content/Internationalization/icudt64l/region/en_MS.res" 1045
"../../../Engine/Content/Internationalization/icudt64l/lang/en_MT.res" 1046
"../../../Engine/Content/Internationalization/icudt64l/region/en_MT.res" 1047
"../../../Engine/Content/Internationalization/icudt64l/lang/en_MU.res" 1048
"../../../Engine/Content/Internationalization/icudt64l/region/en_MU.res" 1049
"../../../Engine/Content/Internationalization/icudt64l/lang/en_MW.res" 1050
"../../../Engine/Content/Internationalization/icudt64l/region/en_MW.res" 1051
"../../../Engine/Content/Internationalization/icudt64l/lang/en_MY.res" 1052
"../../../Engine/Content/Internationalization/icudt64l/region/en_MY.res" 1053
"../../../Engine/Content/Internationalization/icudt64l/lang/en_NA.res" 1054
"../../../Engine/Content/Internationalization/icudt64l/region/en_NA.res" 1055
"../../../Engine/Content/Internationalization/icudt64l/lang/en_NF.res" 1056
"../../../Engine/Content/Internationalization/icudt64l/region/en_NF.res" 1057
"../../../Engine/Content/Internationalization/icudt64l/lang/en_NG.res" 1058
"../../../Engine/Content/Internationalization/icudt64l/region/en_NG.res" 1059
"../../../Engine/Content/Internationalization/icudt64l/lang/en_NL.res" 1060
"../../../Engine/Content/Internationalization/icudt64l/region/en_NL.res" 1061
"../../../Engine/Content/Internationalization/icudt64l/lang/en_NR.res" 1062
"../../../Engine/Content/Internationalization/icudt64l/region/en_NR.res" 1063
"../../../Engine/Content/Internationalization/icudt64l/lang/en_NU.res" 1064
"../../../Engine/Content/Internationalization/icudt64l/region/en_NU.res" 1065
"../../../Engine/Content/Internationalization/icudt64l/lang/en_NZ.res" 1066
"../../../Engine/Content/Internationalization/icudt64l/region/en_NZ.res" 1067
"../../../Engine/Content/Internationalization/icudt64l/lang/en_PG.res" 1068
"../../../Engine/Content/Internationalization/icudt64l/region/en_PG.res" 1069
"../../../Engine/Content/Internationalization/icudt64l/lang/en_PH.res" 1070
"../../../Engine/Content/Internationalization/icudt64l/region/en_PH.res" 1071
"../../../Engine/Content/Internationalization/icudt64l/lang/en_PK.res" 1072
"../../../Engine/Content/Internationalization/icudt64l/region/en_PK.res" 1073
"../../../Engine/Content/Internationalization/icudt64l/lang/en_PN.res" 1074
"../../../Engine/Content/Internationalization/icudt64l/region/en_PN.res" 1075
"../../../Engine/Content/Internationalization/icudt64l/lang/en_PW.res" 1076
"../../../Engine/Content/Internationalization/icudt64l/region/en_PW.res" 1077
"../../../Engine/Content/Internationalization/icudt64l/lang/en_RW.res" 1078
"../../../Engine/Content/Internationalization/icudt64l/region/en_RW.res" 1079
"../../../Engine/Content/Internationalization/icudt64l/lang/en_SB.res" 1080
"../../../Engine/Content/Internationalization/icudt64l/region/en_SB.res" 1081
"../../../Engine/Content/Internationalization/icudt64l/lang/en_SC.res" 1082
"../../../Engine/Content/Internationalization/icudt64l/region/en_SC.res" 1083
"../../../Engine/Content/Internationalization/icudt64l/lang/en_SD.res" 1084
"../../../Engine/Content/Internationalization/icudt64l/region/en_SD.res" 1085
"../../../Engine/Content/Internationalization/icudt64l/lang/en_SE.res" 1086
"../../../Engine/Content/Internationalization/icudt64l/region/en_SE.res" 1087
"../../../Engine/Content/Internationalization/icudt64l/lang/en_SG.res" 1088
"../../../Engine/Content/Internationalization/icudt64l/region/en_SG.res" 1089
"../../../Engine/Content/Internationalization/icudt64l/lang/en_SH.res" 1090
"../../../Engine/Content/Internationalization/icudt64l/region/en_SH.res" 1091
"../../../Engine/Content/Internationalization/icudt64l/lang/en_SI.res" 1092
"../../../Engine/Content/Internationalization/icudt64l/region/en_SI.res" 1093
"../../../Engine/Content/Internationalization/icudt64l/lang/en_SL.res" 1094
"../../../Engine/Content/Internationalization/icudt64l/region/en_SL.res" 1095
"../../../Engine/Content/Internationalization/icudt64l/lang/en_SS.res" 1096
"../../../Engine/Content/Internationalization/icudt64l/region/en_SS.res" 1097
"../../../Engine/Content/Internationalization/icudt64l/lang/en_SX.res" 1098
"../../../Engine/Content/Internationalization/icudt64l/region/en_SX.res" 1099
"../../../Engine/Content/Internationalization/icudt64l/lang/en_SZ.res" 1100
"../../../Engine/Content/Internationalization/icudt64l/region/en_SZ.res" 1101
"../../../Engine/Content/Internationalization/icudt64l/lang/en_TC.res" 1102
"../../../Engine/Content/Internationalization/icudt64l/region/en_TC.res" 1103
"../../../Engine/Content/Internationalization/icudt64l/lang/en_TK.res" 1104
"../../../Engine/Content/Internationalization/icudt64l/region/en_TK.res" 1105
"../../../Engine/Content/Internationalization/icudt64l/lang/en_TO.res" 1106
"../../../Engine/Content/Internationalization/icudt64l/region/en_TO.res" 1107
"../../../Engine/Content/Internationalization/icudt64l/lang/en_TT.res" 1108
"../../../Engine/Content/Internationalization/icudt64l/region/en_TT.res" 1109
"../../../Engine/Content/Internationalization/icudt64l/lang/en_TV.res" 1110
"../../../Engine/Content/Internationalization/icudt64l/region/en_TV.res" 1111
"../../../Engine/Content/Internationalization/icudt64l/lang/en_TZ.res" 1112
"../../../Engine/Content/Internationalization/icudt64l/region/en_TZ.res" 1113
"../../../Engine/Content/Internationalization/icudt64l/lang/en_UG.res" 1114
"../../../Engine/Content/Internationalization/icudt64l/region/en_UG.res" 1115
"../../../Engine/Content/Internationalization/icudt64l/lang/en_VC.res" 1116
"../../../Engine/Content/Internationalization/icudt64l/region/en_VC.res" 1117
"../../../Engine/Content/Internationalization/icudt64l/lang/en_VG.res" 1118
"../../../Engine/Content/Internationalization/icudt64l/region/en_VG.res" 1119
"../../../Engine/Content/Internationalization/icudt64l/lang/en_VU.res" 1120
"../../../Engine/Content/Internationalization/icudt64l/region/en_VU.res" 1121
"../../../Engine/Content/Internationalization/icudt64l/lang/en_WS.res" 1122
"../../../Engine/Content/Internationalization/icudt64l/region/en_WS.res" 1123
"../../../Engine/Content/Internationalization/icudt64l/lang/en_ZA.res" 1124
"../../../Engine/Content/Internationalization/icudt64l/region/en_ZA.res" 1125
"../../../Engine/Content/Internationalization/icudt64l/lang/en_ZM.res" 1126
"../../../Engine/Content/Internationalization/icudt64l/region/en_ZM.res" 1127
"../../../Engine/Content/Internationalization/icudt64l/lang/en_ZW.res" 1128
"../../../Engine/Content/Internationalization/icudt64l/region/en_ZW.res" 1129
"../../../Engine/Content/Internationalization/icudt64l/lang/eo.res" 1130
"../../../Engine/Content/Internationalization/icudt64l/region/eo.res" 1131
"../../../Engine/Content/Internationalization/icudt64l/lang/es.res" 1132
"../../../Engine/Content/Internationalization/icudt64l/lang/es_419.res" 1133
"../../../Engine/Content/Internationalization/icudt64l/region/es_419.res" 1134
"../../../Engine/Content/Internationalization/icudt64l/region/es.res" 1135
"../../../Engine/Content/Internationalization/icudt64l/lang/es_AR.res" 1136
"../../../Engine/Content/Internationalization/icudt64l/region/es_AR.res" 1137
"../../../Engine/Content/Internationalization/icudt64l/lang/es_BO.res" 1138
"../../../Engine/Content/Internationalization/icudt64l/region/es_BO.res" 1139
"../../../Engine/Content/Internationalization/icudt64l/lang/es_BR.res" 1140
"../../../Engine/Content/Internationalization/icudt64l/region/es_BR.res" 1141
"../../../Engine/Content/Internationalization/icudt64l/lang/es_BZ.res" 1142
"../../../Engine/Content/Internationalization/icudt64l/region/es_BZ.res" 1143
"../../../Engine/Content/Internationalization/icudt64l/lang/es_CL.res" 1144
"../../../Engine/Content/Internationalization/icudt64l/region/es_CL.res" 1145
"../../../Engine/Content/Internationalization/icudt64l/lang/es_CO.res" 1146
"../../../Engine/Content/Internationalization/icudt64l/region/es_CO.res" 1147
"../../../Engine/Content/Internationalization/icudt64l/lang/es_CR.res" 1148
"../../../Engine/Content/Internationalization/icudt64l/region/es_CR.res" 1149
"../../../Engine/Content/Internationalization/icudt64l/lang/es_CU.res" 1150
"../../../Engine/Content/Internationalization/icudt64l/region/es_CU.res" 1151
"../../../Engine/Content/Internationalization/icudt64l/lang/es_DO.res" 1152
"../../../Engine/Content/Internationalization/icudt64l/region/es_DO.res" 1153
"../../../Engine/Content/Internationalization/icudt64l/lang/es_EC.res" 1154
"../../../Engine/Content/Internationalization/icudt64l/region/es_EC.res" 1155
"../../../Engine/Content/Internationalization/icudt64l/lang/es_GT.res" 1156
"../../../Engine/Content/Internationalization/icudt64l/region/es_GT.res" 1157
"../../../Engine/Content/Internationalization/icudt64l/lang/es_HN.res" 1158
"../../../Engine/Content/Internationalization/icudt64l/region/es_HN.res" 1159
"../../../Engine/Content/Internationalization/icudt64l/lang/es_MX.res" 1160
"../../../Engine/Content/Internationalization/icudt64l/region/es_MX.res" 1161
"../../../Engine/Content/Internationalization/icudt64l/lang/es_NI.res" 1162
"../../../Engine/Content/Internationalization/icudt64l/region/es_NI.res" 1163
"../../../Engine/Content/Internationalization/icudt64l/lang/es_PA.res" 1164
"../../../Engine/Content/Internationalization/icudt64l/region/es_PA.res" 1165
"../../../Engine/Content/Internationalization/icudt64l/lang/es_PE.res" 1166
"../../../Engine/Content/Internationalization/icudt64l/region/es_PE.res" 1167
"../../../Engine/Content/Internationalization/icudt64l/lang/es_PR.res" 1168
"../../../Engine/Content/Internationalization/icudt64l/region/es_PR.res" 1169
"../../../Engine/Content/Internationalization/icudt64l/lang/es_PY.res" 1170
"../../../Engine/Content/Internationalization/icudt64l/region/es_PY.res" 1171
"../../../Engine/Content/Internationalization/icudt64l/lang/es_SV.res" 1172
"../../../Engine/Content/Internationalization/icudt64l/region/es_SV.res" 1173
"../../../Engine/Content/Internationalization/icudt64l/lang/es_US.res" 1174
"../../../Engine/Content/Internationalization/icudt64l/region/es_US.res" 1175
"../../../Engine/Content/Internationalization/icudt64l/lang/es_UY.res" 1176
"../../../Engine/Content/Internationalization/icudt64l/region/es_UY.res" 1177
"../../../Engine/Content/Internationalization/icudt64l/lang/es_VE.res" 1178
"../../../Engine/Content/Internationalization/icudt64l/region/es_VE.res" 1179
"../../../Engine/Content/Internationalization/icudt64l/lang/et.res" 1180
"../../../Engine/Content/Internationalization/icudt64l/region/et.res" 1181
"../../../Engine/Content/Internationalization/icudt64l/lang/eu.res" 1182
"../../../Engine/Content/Internationalization/icudt64l/region/eu.res" 1183
"../../../Engine/Content/Internationalization/icudt64l/lang/ewo.res" 1184
"../../../Engine/Content/Internationalization/icudt64l/region/ewo.res" 1185
"../../../Engine/Content/Internationalization/icudt64l/lang/fa.res" 1186
"../../../Engine/Content/Internationalization/icudt64l/lang/fa_AF.res" 1187
"../../../Engine/Content/Internationalization/icudt64l/region/fa_AF.res" 1188
"../../../Engine/Content/Internationalization/icudt64l/region/fa.res" 1189
"../../../Engine/Content/Internationalization/icudt64l/lang/ff.res" 1190
"../../../Engine/Content/Internationalization/icudt64l/lang/ff_Latn.res" 1191
"../../../Engine/Content/Internationalization/icudt64l/region/ff.res" 1192
"../../../Engine/Content/Internationalization/icudt64l/region/ff_Latn.res" 1193
"../../../Engine/Content/Internationalization/icudt64l/lang/ff_CM.res" 1194
"../../../Engine/Content/Internationalization/icudt64l/lang/ff_Latn_CM.res" 1195
"../../../Engine/Content/Internationalization/icudt64l/region/ff_CM.res" 1196
"../../../Engine/Content/Internationalization/icudt64l/region/ff_Latn_CM.res" 1197
"../../../Engine/Content/Internationalization/icudt64l/lang/ff_GN.res" 1198
"../../../Engine/Content/Internationalization/icudt64l/lang/ff_Latn_GN.res" 1199
"../../../Engine/Content/Internationalization/icudt64l/region/ff_GN.res" 1200
"../../../Engine/Content/Internationalization/icudt64l/region/ff_Latn_GN.res" 1201
"../../../Engine/Content/Internationalization/icudt64l/lang/ff_MR.res" 1202
"../../../Engine/Content/Internationalization/icudt64l/lang/ff_Latn_MR.res" 1203
"../../../Engine/Content/Internationalization/icudt64l/region/ff_MR.res" 1204
"../../../Engine/Content/Internationalization/icudt64l/region/ff_Latn_MR.res" 1205
"../../../Engine/Content/Internationalization/icudt64l/lang/ff_SN.res" 1206
"../../../Engine/Content/Internationalization/icudt64l/lang/ff_Latn_SN.res" 1207
"../../../Engine/Content/Internationalization/icudt64l/region/ff_SN.res" 1208
"../../../Engine/Content/Internationalization/icudt64l/region/ff_Latn_SN.res" 1209
"../../../Engine/Content/Internationalization/icudt64l/lang/fi.res" 1210
"../../../Engine/Content/Internationalization/icudt64l/region/fi.res" 1211
"../../../Engine/Content/Internationalization/icudt64l/lang/fil.res" 1212
"../../../Engine/Content/Internationalization/icudt64l/lang/fil_PH.res" 1213
"../../../Engine/Content/Internationalization/icudt64l/region/fil_PH.res" 1214
"../../../Engine/Content/Internationalization/icudt64l/region/fil.res" 1215
"../../../Engine/Content/Internationalization/icudt64l/lang/fo.res" 1216
"../../../Engine/Content/Internationalization/icudt64l/region/fo.res" 1217
"../../../Engine/Content/Internationalization/icudt64l/lang/fr.res" 1218
"../../../Engine/Content/Internationalization/icudt64l/lang/fr_BE.res" 1219
"../../../Engine/Content/Internationalization/icudt64l/region/fr_BE.res" 1220
"../../../Engine/Content/Internationalization/icudt64l/region/fr.res" 1221
"../../../Engine/Content/Internationalization/icudt64l/lang/fr_CA.res" 1222
"../../../Engine/Content/Internationalization/icudt64l/region/fr_CA.res" 1223
"../../../Engine/Content/Internationalization/icudt64l/lang/fr_CH.res" 1224
"../../../Engine/Content/Internationalization/icudt64l/lang/fur.res" 1225
"../../../Engine/Content/Internationalization/icudt64l/region/fur.res" 1226
"../../../Engine/Content/Internationalization/icudt64l/lang/fy.res" 1227
"../../../Engine/Content/Internationalization/icudt64l/region/fy.res" 1228
"../../../Engine/Content/Internationalization/icudt64l/lang/ga.res" 1229
"../../../Engine/Content/Internationalization/icudt64l/region/ga.res" 1230
"../../../Engine/Content/Internationalization/icudt64l/lang/gd.res" 1231
"../../../Engine/Content/Internationalization/icudt64l/region/gd.res" 1232
"../../../Engine/Content/Internationalization/icudt64l/lang/gl.res" 1233
"../../../Engine/Content/Internationalization/icudt64l/region/gl.res" 1234
"../../../Engine/Content/Internationalization/icudt64l/lang/gsw.res" 1235
"../../../Engine/Content/Internationalization/icudt64l/region/gsw.res" 1236
"../../../Engine/Content/Internationalization/icudt64l/lang/gu.res" 1237
"../../../Engine/Content/Internationalization/icudt64l/region/gu.res" 1238
"../../../Engine/Content/Internationalization/icudt64l/lang/guz.res" 1239
"../../../Engine/Content/Internationalization/icudt64l/region/guz.res" 1240
"../../../Engine/Content/Internationalization/icudt64l/lang/gv.res" 1241
"../../../Engine/Content/Internationalization/icudt64l/region/gv.res" 1242
"../../../Engine/Content/Internationalization/icudt64l/lang/ha.res" 1243
"../../../Engine/Content/Internationalization/icudt64l/region/ha.res" 1244
"../../../Engine/Content/Internationalization/icudt64l/lang/ha_NE.res" 1245
"../../../Engine/Content/Internationalization/icudt64l/region/ha_NE.res" 1246
"../../../Engine/Content/Internationalization/icudt64l/lang/haw.res" 1247
"../../../Engine/Content/Internationalization/icudt64l/region/haw.res" 1248
"../../../Engine/Content/Internationalization/icudt64l/lang/he.res" 1249
"../../../Engine/Content/Internationalization/icudt64l/lang/he_IL.res" 1250
"../../../Engine/Content/Internationalization/icudt64l/region/he_IL.res" 1251
"../../../Engine/Content/Internationalization/icudt64l/region/he.res" 1252
"../../../Engine/Content/Internationalization/icudt64l/lang/hi.res" 1253
"../../../Engine/Content/Internationalization/icudt64l/region/hi.res" 1254
"../../../Engine/Content/Internationalization/icudt64l/lang/hr.res" 1255
"../../../Engine/Content/Internationalization/icudt64l/region/hr.res" 1256
"../../../Engine/Content/Internationalization/icudt64l/lang/hsb.res" 1257
"../../../Engine/Content/Internationalization/icudt64l/region/hsb.res" 1258
"../../../Engine/Content/Internationalization/icudt64l/lang/hu.res" 1259
"../../../Engine/Content/Internationalization/icudt64l/region/hu.res" 1260
"../../../Engine/Content/Internationalization/icudt64l/lang/hy.res" 1261
"../../../Engine/Content/Internationalization/icudt64l/region/hy.res" 1262
"../../../Engine/Content/Internationalization/icudt64l/lang/ia.res" 1263
"../../../Engine/Content/Internationalization/icudt64l/region/ia.res" 1264
"../../../Engine/Content/Internationalization/icudt64l/lang/id.res" 1265
"../../../Engine/Content/Internationalization/icudt64l/lang/id_ID.res" 1266
"../../../Engine/Content/Internationalization/icudt64l/region/id_ID.res" 1267
"../../../Engine/Content/Internationalization/icudt64l/region/id.res" 1268
"../../../Engine/Content/Internationalization/icudt64l/lang/ig.res" 1269
"../../../Engine/Content/Internationalization/icudt64l/region/ig.res" 1270
"../../../Engine/Content/Internationalization/icudt64l/lang/ii.res" 1271
"../../../Engine/Content/Internationalization/icudt64l/region/ii.res" 1272
"../../../Engine/Content/Internationalization/icudt64l/lang/is.res" 1273
"../../../Engine/Content/Internationalization/icudt64l/region/is.res" 1274
"../../../Engine/Content/Internationalization/icudt64l/lang/it.res" 1275
"../../../Engine/Content/Internationalization/icudt64l/region/it.res" 1276
"../../../Engine/Content/Internationalization/icudt64l/lang/jgo.res" 1277
"../../../Engine/Content/Internationalization/icudt64l/region/jgo.res" 1278
"../../../Engine/Content/Internationalization/icudt64l/lang/jmc.res" 1279
"../../../Engine/Content/Internationalization/icudt64l/region/jmc.res" 1280
"../../../Engine/Content/Internationalization/icudt64l/lang/jv.res" 1281
"../../../Engine/Content/Internationalization/icudt64l/region/jv.res" 1282
"../../../Engine/Content/Internationalization/icudt64l/lang/ka.res" 1283
"../../../Engine/Content/Internationalization/icudt64l/region/ka.res" 1284
"../../../Engine/Content/Internationalization/icudt64l/lang/kab.res" 1285
"../../../Engine/Content/Internationalization/icudt64l/region/kab.res" 1286
"../../../Engine/Content/Internationalization/icudt64l/lang/kam.res" 1287
"../../../Engine/Content/Internationalization/icudt64l/region/kam.res" 1288
"../../../Engine/Content/Internationalization/icudt64l/lang/kde.res" 1289
"../../../Engine/Content/Internationalization/icudt64l/region/kde.res" 1290
"../../../Engine/Content/Internationalization/icudt64l/lang/kea.res" 1291
"../../../Engine/Content/Internationalization/icudt64l/region/kea.res" 1292
"../../../Engine/Content/Internationalization/icudt64l/lang/khq.res" 1293
"../../../Engine/Content/Internationalization/icudt64l/region/khq.res" 1294
"../../../Engine/Content/Internationalization/icudt64l/lang/ki.res" 1295
"../../../Engine/Content/Internationalization/icudt64l/region/ki.res" 1296
"../../../Engine/Content/Internationalization/icudt64l/lang/kk.res" 1297
"../../../Engine/Content/Internationalization/icudt64l/region/kk.res" 1298
"../../../Engine/Content/Internationalization/icudt64l/lang/kkj.res" 1299
"../../../Engine/Content/Internationalization/icudt64l/region/kkj.res" 1300
"../../../Engine/Content/Internationalization/icudt64l/lang/kl.res" 1301
"../../../Engine/Content/Internationalization/icudt64l/region/kl.res" 1302
"../../../Engine/Content/Internationalization/icudt64l/lang/kln.res" 1303
"../../../Engine/Content/Internationalization/icudt64l/region/kln.res" 1304
"../../../Engine/Content/Internationalization/icudt64l/lang/km.res" 1305
"../../../Engine/Content/Internationalization/icudt64l/region/km.res" 1306
"../../../Engine/Content/Internationalization/icudt64l/lang/kn.res" 1307
"../../../Engine/Content/Internationalization/icudt64l/region/kn.res" 1308
"../../../Engine/Content/Internationalization/icudt64l/lang/ko.res" 1309
"../../../Engine/Content/Internationalization/icudt64l/region/ko_KP.res" 1310
"../../../Engine/Content/Internationalization/icudt64l/region/ko.res" 1311
"../../../Engine/Content/Internationalization/icudt64l/lang/kok.res" 1312
"../../../Engine/Content/Internationalization/icudt64l/region/kok.res" 1313
"../../../Engine/Content/Internationalization/icudt64l/lang/ks.res" 1314
"../../../Engine/Content/Internationalization/icudt64l/region/ks.res" 1315
"../../../Engine/Content/Internationalization/icudt64l/lang/ksb.res" 1316
"../../../Engine/Content/Internationalization/icudt64l/region/ksb.res" 1317
"../../../Engine/Content/Internationalization/icudt64l/lang/ksf.res" 1318
"../../../Engine/Content/Internationalization/icudt64l/region/ksf.res" 1319
"../../../Engine/Content/Internationalization/icudt64l/lang/ksh.res" 1320
"../../../Engine/Content/Internationalization/icudt64l/region/ksh.res" 1321
"../../../Engine/Content/Internationalization/icudt64l/lang/ku.res" 1322
"../../../Engine/Content/Internationalization/icudt64l/region/ku.res" 1323
"../../../Engine/Content/Internationalization/icudt64l/lang/kw.res" 1324
"../../../Engine/Content/Internationalization/icudt64l/region/kw.res" 1325
"../../../Engine/Content/Internationalization/icudt64l/lang/ky.res" 1326
"../../../Engine/Content/Internationalization/icudt64l/region/ky.res" 1327
"../../../Engine/Content/Internationalization/icudt64l/lang/lag.res" 1328
"../../../Engine/Content/Internationalization/icudt64l/region/lag.res" 1329
"../../../Engine/Content/Internationalization/icudt64l/lang/lb.res" 1330
"../../../Engine/Content/Internationalization/icudt64l/region/lb.res" 1331
"../../../Engine/Content/Internationalization/icudt64l/lang/lg.res" 1332
"../../../Engine/Content/Internationalization/icudt64l/region/lg.res" 1333
"../../../Engine/Content/Internationalization/icudt64l/lang/lkt.res" 1334
"../../../Engine/Content/Internationalization/icudt64l/region/lkt.res" 1335
"../../../Engine/Content/Internationalization/icudt64l/lang/ln.res" 1336
"../../../Engine/Content/Internationalization/icudt64l/region/ln.res" 1337
"../../../Engine/Content/Internationalization/icudt64l/lang/lo.res" 1338
"../../../Engine/Content/Internationalization/icudt64l/region/lo.res" 1339
"../../../Engine/Content/Internationalization/icudt64l/lang/lrc.res" 1340
"../../../Engine/Content/Internationalization/icudt64l/region/lrc.res" 1341
"../../../Engine/Content/Internationalization/icudt64l/lang/lt.res" 1342
"../../../Engine/Content/Internationalization/icudt64l/region/lt.res" 1343
"../../../Engine/Content/Internationalization/icudt64l/lang/lu.res" 1344
"../../../Engine/Content/Internationalization/icudt64l/region/lu.res" 1345
"../../../Engine/Content/Internationalization/icudt64l/lang/luo.res" 1346
"../../../Engine/Content/Internationalization/icudt64l/region/luo.res" 1347
"../../../Engine/Content/Internationalization/icudt64l/lang/luy.res" 1348
"../../../Engine/Content/Internationalization/icudt64l/region/luy.res" 1349
"../../../Engine/Content/Internationalization/icudt64l/lang/lv.res" 1350
"../../../Engine/Content/Internationalization/icudt64l/region/lv.res" 1351
"../../../Engine/Content/Internationalization/icudt64l/lang/mas.res" 1352
"../../../Engine/Content/Internationalization/icudt64l/region/mas.res" 1353
"../../../Engine/Content/Internationalization/icudt64l/lang/mer.res" 1354
"../../../Engine/Content/Internationalization/icudt64l/region/mer.res" 1355
"../../../Engine/Content/Internationalization/icudt64l/lang/mfe.res" 1356
"../../../Engine/Content/Internationalization/icudt64l/region/mfe.res" 1357
"../../../Engine/Content/Internationalization/icudt64l/lang/mg.res" 1358
"../../../Engine/Content/Internationalization/icudt64l/region/mg.res" 1359
"../../../Engine/Content/Internationalization/icudt64l/lang/mgh.res" 1360
"../../../Engine/Content/Internationalization/icudt64l/region/mgh.res" 1361
"../../../Engine/Content/Internationalization/icudt64l/lang/mgo.res" 1362
"../../../Engine/Content/Internationalization/icudt64l/region/mgo.res" 1363
"../../../Engine/Content/Internationalization/icudt64l/lang/mi.res" 1364
"../../../Engine/Content/Internationalization/icudt64l/region/mi.res" 1365
"../../../Engine/Content/Internationalization/icudt64l/lang/mk.res" 1366
"../../../Engine/Content/Internationalization/icudt64l/region/mk.res" 1367
"../../../Engine/Content/Internationalization/icudt64l/lang/ml.res" 1368
"../../../Engine/Content/Internationalization/icudt64l/region/ml.res" 1369
"../../../Engine/Content/Internationalization/icudt64l/lang/mn.res" 1370
"../../../Engine/Content/Internationalization/icudt64l/region/mn.res" 1371
"../../../Engine/Content/Internationalization/icudt64l/lang/mr.res" 1372
"../../../Engine/Content/Internationalization/icudt64l/region/mr.res" 1373
"../../../Engine/Content/Internationalization/icudt64l/lang/ms.res" 1374
"../../../Engine/Content/Internationalization/icudt64l/region/ms.res" 1375
"../../../Engine/Content/Internationalization/icudt64l/lang/mt.res" 1376
"../../../Engine/Content/Internationalization/icudt64l/region/mt.res" 1377
"../../../Engine/Content/Internationalization/icudt64l/lang/mua.res" 1378
"../../../Engine/Content/Internationalization/icudt64l/region/mua.res" 1379
"../../../Engine/Content/Internationalization/icudt64l/lang/my.res" 1380
"../../../Engine/Content/Internationalization/icudt64l/region/my.res" 1381
"../../../Engine/Content/Internationalization/icudt64l/lang/mzn.res" 1382
"../../../Engine/Content/Internationalization/icudt64l/region/mzn.res" 1383
"../../../Engine/Content/Internationalization/icudt64l/lang/naq.res" 1384
"../../../Engine/Content/Internationalization/icudt64l/region/naq.res" 1385
"../../../Engine/Content/Internationalization/icudt64l/lang/nb.res" 1386
"../../../Engine/Content/Internationalization/icudt64l/lang/nb_NO.res" 1387
"../../../Engine/Content/Internationalization/icudt64l/region/nb_NO.res" 1388
"../../../Engine/Content/Internationalization/icudt64l/region/nb.res" 1389
"../../../Engine/Content/Internationalization/icudt64l/lang/nd.res" 1390
"../../../Engine/Content/Internationalization/icudt64l/region/nd.res" 1391
"../../../Engine/Content/Internationalization/icudt64l/lang/nds.res" 1392
"../../../Engine/Content/Internationalization/icudt64l/region/nds.res" 1393
"../../../Engine/Content/Internationalization/icudt64l/lang/ne.res" 1394
"../../../Engine/Content/Internationalization/icudt64l/region/ne.res" 1395
"../../../Engine/Content/Internationalization/icudt64l/lang/nl.res" 1396
"../../../Engine/Content/Internationalization/icudt64l/region/nl.res" 1397
"../../../Engine/Content/Internationalization/icudt64l/lang/nmg.res" 1398
"../../../Engine/Content/Internationalization/icudt64l/region/nmg.res" 1399
"../../../Engine/Content/Internationalization/icudt64l/lang/nn.res" 1400
"../../../Engine/Content/Internationalization/icudt64l/lang/nn_NO.res" 1401
"../../../Engine/Content/Internationalization/icudt64l/region/nn_NO.res" 1402
"../../../Engine/Content/Internationalization/icudt64l/region/nn.res" 1403
"../../../Engine/Content/Internationalization/icudt64l/lang/nnh.res" 1404
"../../../Engine/Content/Internationalization/icudt64l/region/nnh.res" 1405
"../../../Engine/Content/Internationalization/icudt64l/lang/nus.res" 1406
"../../../Engine/Content/Internationalization/icudt64l/region/nus.res" 1407
"../../../Engine/Content/Internationalization/icudt64l/lang/nyn.res" 1408
"../../../Engine/Content/Internationalization/icudt64l/region/nyn.res" 1409
"../../../Engine/Content/Internationalization/icudt64l/lang/om.res" 1410
"../../../Engine/Content/Internationalization/icudt64l/region/om.res" 1411
"../../../Engine/Content/Internationalization/icudt64l/lang/or.res" 1412
"../../../Engine/Content/Internationalization/icudt64l/region/or.res" 1413
"../../../Engine/Content/Internationalization/icudt64l/lang/os.res" 1414
"../../../Engine/Content/Internationalization/icudt64l/region/os.res" 1415
"../../../Engine/Content/Internationalization/icudt64l/lang/pa.res" 1416
"../../../Engine/Content/Internationalization/icudt64l/lang/pa_Arab.res" 1417
"../../../Engine/Content/Internationalization/icudt64l/lang/pa_PK.res" 1418
"../../../Engine/Content/Internationalization/icudt64l/lang/pa_Arab_PK.res" 1419
"../../../Engine/Content/Internationalization/icudt64l/region/pa_PK.res" 1420
"../../../Engine/Content/Internationalization/icudt64l/region/pa_Arab_PK.res" 1421
"../../../Engine/Content/Internationalization/icudt64l/region/pa_Arab.res" 1422
"../../../Engine/Content/Internationalization/icudt64l/lang/pa_Guru.res" 1423
"../../../Engine/Content/Internationalization/icudt64l/lang/pa_IN.res" 1424
"../../../Engine/Content/Internationalization/icudt64l/lang/pa_Guru_IN.res" 1425
"../../../Engine/Content/Internationalization/icudt64l/region/pa_IN.res" 1426
"../../../Engine/Content/Internationalization/icudt64l/region/pa_Guru_IN.res" 1427
"../../../Engine/Content/Internationalization/icudt64l/region/pa_Guru.res" 1428
"../../../Engine/Content/Internationalization/icudt64l/region/pa.res" 1429
"../../../Engine/Content/Internationalization/icudt64l/lang/pl.res" 1430
"../../../Engine/Content/Internationalization/icudt64l/region/pl.res" 1431
"../../../Engine/Content/Internationalization/icudt64l/lang/ps.res" 1432
"../../../Engine/Content/Internationalization/icudt64l/region/ps.res" 1433
"../../../Engine/Content/Internationalization/icudt64l/lang/ps_PK.res" 1434
"../../../Engine/Content/Internationalization/icudt64l/region/ps_PK.res" 1435
"../../../Engine/Content/Internationalization/icudt64l/lang/pt.res" 1436
"../../../Engine/Content/Internationalization/icudt64l/lang/pt_AO.res" 1437
"../../../Engine/Content/Internationalization/icudt64l/lang/pt_PT.res" 1438
"../../../Engine/Content/Internationalization/icudt64l/region/pt_AO.res" 1439
"../../../Engine/Content/Internationalization/icudt64l/region/pt_PT.res" 1440
"../../../Engine/Content/Internationalization/icudt64l/region/pt.res" 1441
"../../../Engine/Content/Internationalization/icudt64l/lang/pt_CH.res" 1442
"../../../Engine/Content/Internationalization/icudt64l/region/pt_CH.res" 1443
"../../../Engine/Content/Internationalization/icudt64l/lang/pt_CV.res" 1444
"../../../Engine/Content/Internationalization/icudt64l/region/pt_CV.res" 1445
"../../../Engine/Content/Internationalization/icudt64l/lang/pt_GQ.res" 1446
"../../../Engine/Content/Internationalization/icudt64l/region/pt_GQ.res" 1447
"../../../Engine/Content/Internationalization/icudt64l/lang/pt_GW.res" 1448
"../../../Engine/Content/Internationalization/icudt64l/region/pt_GW.res" 1449
"../../../Engine/Content/Internationalization/icudt64l/lang/pt_LU.res" 1450
"../../../Engine/Content/Internationalization/icudt64l/region/pt_LU.res" 1451
"../../../Engine/Content/Internationalization/icudt64l/lang/pt_MO.res" 1452
"../../../Engine/Content/Internationalization/icudt64l/region/pt_MO.res" 1453
"../../../Engine/Content/Internationalization/icudt64l/lang/pt_MZ.res" 1454
"../../../Engine/Content/Internationalization/icudt64l/region/pt_MZ.res" 1455
"../../../Engine/Content/Internationalization/icudt64l/lang/pt_ST.res" 1456
"../../../Engine/Content/Internationalization/icudt64l/region/pt_ST.res" 1457
"../../../Engine/Content/Internationalization/icudt64l/lang/pt_TL.res" 1458
"../../../Engine/Content/Internationalization/icudt64l/region/pt_TL.res" 1459
"../../../Engine/Content/Internationalization/icudt64l/lang/qu.res" 1460
"../../../Engine/Content/Internationalization/icudt64l/region/qu.res" 1461
"../../../Engine/Content/Internationalization/icudt64l/lang/rm.res" 1462
"../../../Engine/Content/Internationalization/icudt64l/region/rm.res" 1463
"../../../Engine/Content/Internationalization/icudt64l/lang/rn.res" 1464
"../../../Engine/Content/Internationalization/icudt64l/region/rn.res" 1465
"../../../Engine/Content/Internationalization/icudt64l/lang/ro.res" 1466
"../../../Engine/Content/Internationalization/icudt64l/lang/ro_MD.res" 1467
"../../../Engine/Content/Internationalization/icudt64l/region/ro_MD.res" 1468
"../../../Engine/Content/Internationalization/icudt64l/region/ro.res" 1469
"../../../Engine/Content/Internationalization/icudt64l/lang/rof.res" 1470
"../../../Engine/Content/Internationalization/icudt64l/region/rof.res" 1471
"../../../Engine/Content/Internationalization/icudt64l/lang/ru.res" 1472
"../../../Engine/Content/Internationalization/icudt64l/region/ru.res" 1473
"../../../Engine/Content/Internationalization/icudt64l/region/ru_UA.res" 1474
"../../../Engine/Content/Internationalization/icudt64l/lang/rw.res" 1475
"../../../Engine/Content/Internationalization/icudt64l/region/rw.res" 1476
"../../../Engine/Content/Internationalization/icudt64l/lang/rwk.res" 1477
"../../../Engine/Content/Internationalization/icudt64l/region/rwk.res" 1478
"../../../Engine/Content/Internationalization/icudt64l/lang/sah.res" 1479
"../../../Engine/Content/Internationalization/icudt64l/region/sah.res" 1480
"../../../Engine/Content/Internationalization/icudt64l/lang/saq.res" 1481
"../../../Engine/Content/Internationalization/icudt64l/region/saq.res" 1482
"../../../Engine/Content/Internationalization/icudt64l/lang/sbp.res" 1483
"../../../Engine/Content/Internationalization/icudt64l/region/sbp.res" 1484
"../../../Engine/Content/Internationalization/icudt64l/lang/sd.res" 1485
"../../../Engine/Content/Internationalization/icudt64l/region/sd.res" 1486
"../../../Engine/Content/Internationalization/icudt64l/lang/se.res" 1487
"../../../Engine/Content/Internationalization/icudt64l/lang/se_FI.res" 1488
"../../../Engine/Content/Internationalization/icudt64l/region/se_FI.res" 1489
"../../../Engine/Content/Internationalization/icudt64l/region/se.res" 1490
"../../../Engine/Content/Internationalization/icudt64l/lang/seh.res" 1491
"../../../Engine/Content/Internationalization/icudt64l/region/seh.res" 1492
"../../../Engine/Content/Internationalization/icudt64l/lang/ses.res" 1493
"../../../Engine/Content/Internationalization/icudt64l/region/ses.res" 1494
"../../../Engine/Content/Internationalization/icudt64l/lang/sg.res" 1495
"../../../Engine/Content/Internationalization/icudt64l/region/sg.res" 1496
"../../../Engine/Content/Internationalization/icudt64l/lang/shi.res" 1497
"../../../Engine/Content/Internationalization/icudt64l/lang/shi_Latn.res" 1498
"../../../Engine/Content/Internationalization/icudt64l/lang/shi_MA.res" 1499
"../../../Engine/Content/Internationalization/icudt64l/lang/shi_Tfng_MA.res" 1500
"../../../Engine/Content/Internationalization/icudt64l/lang/shi_Tfng.res" 1501
"../../../Engine/Content/Internationalization/icudt64l/region/shi_MA.res" 1502
"../../../Engine/Content/Internationalization/icudt64l/region/shi_Tfng_MA.res" 1503
"../../../Engine/Content/Internationalization/icudt64l/region/shi_Tfng.res" 1504
"../../../Engine/Content/Internationalization/icudt64l/region/shi.res" 1505
"../../../Engine/Content/Internationalization/icudt64l/region/shi_Latn.res" 1506
"../../../Engine/Content/Internationalization/icudt64l/lang/si.res" 1507
"../../../Engine/Content/Internationalization/icudt64l/region/si.res" 1508
"../../../Engine/Content/Internationalization/icudt64l/lang/sk.res" 1509
"../../../Engine/Content/Internationalization/icudt64l/region/sk.res" 1510
"../../../Engine/Content/Internationalization/icudt64l/lang/sl.res" 1511
"../../../Engine/Content/Internationalization/icudt64l/region/sl.res" 1512
"../../../Engine/Content/Internationalization/icudt64l/lang/smn.res" 1513
"../../../Engine/Content/Internationalization/icudt64l/region/smn.res" 1514
"../../../Engine/Content/Internationalization/icudt64l/lang/sn.res" 1515
"../../../Engine/Content/Internationalization/icudt64l/region/sn.res" 1516
"../../../Engine/Content/Internationalization/icudt64l/lang/so.res" 1517
"../../../Engine/Content/Internationalization/icudt64l/region/so.res" 1518
"../../../Engine/Content/Internationalization/icudt64l/lang/sq.res" 1519
"../../../Engine/Content/Internationalization/icudt64l/region/sq.res" 1520
"../../../Engine/Content/Internationalization/icudt64l/lang/sr.res" 1521
"../../../Engine/Content/Internationalization/icudt64l/lang/sr_Cyrl.res" 1522
"../../../Engine/Content/Internationalization/icudt64l/lang/sr_BA.res" 1523
"../../../Engine/Content/Internationalization/icudt64l/lang/sr_Cyrl_BA.res" 1524
"../../../Engine/Content/Internationalization/icudt64l/region/sr_BA.res" 1525
"../../../Engine/Content/Internationalization/icudt64l/region/sr_Cyrl_BA.res" 1526
"../../../Engine/Content/Internationalization/icudt64l/region/sr_Cyrl.res" 1527
"../../../Engine/Content/Internationalization/icudt64l/region/sr.res" 1528
"../../../Engine/Content/Internationalization/icudt64l/lang/sr_ME.res" 1529
"../../../Engine/Content/Internationalization/icudt64l/lang/sr_Latn_ME.res" 1530
"../../../Engine/Content/Internationalization/icudt64l/lang/sr_Latn.res" 1531
"../../../Engine/Content/Internationalization/icudt64l/region/sr_ME.res" 1532
"../../../Engine/Content/Internationalization/icudt64l/region/sr_Latn_ME.res" 1533
"../../../Engine/Content/Internationalization/icudt64l/region/sr_Latn.res" 1534
"../../../Engine/Content/Internationalization/icudt64l/lang/sr_Cyrl_ME.res" 1535
"../../../Engine/Content/Internationalization/icudt64l/region/sr_Cyrl_ME.res" 1536
"../../../Engine/Content/Internationalization/icudt64l/lang/sr_RS.res" 1537
"../../../Engine/Content/Internationalization/icudt64l/lang/sr_Cyrl_RS.res" 1538
"../../../Engine/Content/Internationalization/icudt64l/region/sr_RS.res" 1539
"../../../Engine/Content/Internationalization/icudt64l/region/sr_Cyrl_RS.res" 1540
"../../../Engine/Content/Internationalization/icudt64l/lang/sr_XK.res" 1541
"../../../Engine/Content/Internationalization/icudt64l/lang/sr_Cyrl_XK.res" 1542
"../../../Engine/Content/Internationalization/icudt64l/region/sr_XK.res" 1543
"../../../Engine/Content/Internationalization/icudt64l/region/sr_Cyrl_XK.res" 1544
"../../../Engine/Content/Internationalization/icudt64l/lang/sr_Latn_BA.res" 1545
"../../../Engine/Content/Internationalization/icudt64l/region/sr_Latn_BA.res" 1546
"../../../Engine/Content/Internationalization/icudt64l/lang/sr_Latn_RS.res" 1547
"../../../Engine/Content/Internationalization/icudt64l/region/sr_Latn_RS.res" 1548
"../../../Engine/Content/Internationalization/icudt64l/lang/sr_Latn_XK.res" 1549
"../../../Engine/Content/Internationalization/icudt64l/region/sr_Latn_XK.res" 1550
"../../../Engine/Content/Internationalization/icudt64l/lang/sv.res" 1551
"../../../Engine/Content/Internationalization/icudt64l/region/sv.res" 1552
"../../../Engine/Content/Internationalization/icudt64l/lang/sv_FI.res" 1553
"../../../Engine/Content/Internationalization/icudt64l/lang/sw.res" 1554
"../../../Engine/Content/Internationalization/icudt64l/lang/sw_CD.res" 1555
"../../../Engine/Content/Internationalization/icudt64l/region/sw_CD.res" 1556
"../../../Engine/Content/Internationalization/icudt64l/region/sw.res" 1557
"../../../Engine/Content/Internationalization/icudt64l/lang/sw_KE.res" 1558
"../../../Engine/Content/Internationalization/icudt64l/region/sw_KE.res" 1559
"../../../Engine/Content/Internationalization/icudt64l/lang/ta.res" 1560
"../../../Engine/Content/Internationalization/icudt64l/region/ta.res" 1561
"../../../Engine/Content/Internationalization/icudt64l/lang/te.res" 1562
"../../../Engine/Content/Internationalization/icudt64l/region/te.res" 1563
"../../../Engine/Content/Internationalization/icudt64l/lang/teo.res" 1564
"../../../Engine/Content/Internationalization/icudt64l/region/teo.res" 1565
"../../../Engine/Content/Internationalization/icudt64l/lang/tg.res" 1566
"../../../Engine/Content/Internationalization/icudt64l/region/tg.res" 1567
"../../../Engine/Content/Internationalization/icudt64l/lang/th.res" 1568
"../../../Engine/Content/Internationalization/icudt64l/lang/th_TH.res" 1569
"../../../Engine/Content/Internationalization/icudt64l/region/th_TH.res" 1570
"../../../Engine/Content/Internationalization/icudt64l/region/th.res" 1571
"../../../Engine/Content/Internationalization/icudt64l/lang/ti.res" 1572
"../../../Engine/Content/Internationalization/icudt64l/region/ti.res" 1573
"../../../Engine/Content/Internationalization/icudt64l/lang/tk.res" 1574
"../../../Engine/Content/Internationalization/icudt64l/region/tk.res" 1575
"../../../Engine/Content/Internationalization/icudt64l/lang/to.res" 1576
"../../../Engine/Content/Internationalization/icudt64l/region/to.res" 1577
"../../../Engine/Content/Internationalization/icudt64l/lang/tr.res" 1578
"../../../Engine/Content/Internationalization/icudt64l/region/tr.res" 1579
"../../../Engine/Content/Internationalization/icudt64l/lang/tt.res" 1580
"../../../Engine/Content/Internationalization/icudt64l/region/tt.res" 1581
"../../../Engine/Content/Internationalization/icudt64l/lang/twq.res" 1582
"../../../Engine/Content/Internationalization/icudt64l/region/twq.res" 1583
"../../../Engine/Content/Internationalization/icudt64l/lang/tzm.res" 1584
"../../../Engine/Content/Internationalization/icudt64l/region/tzm.res" 1585
"../../../Engine/Content/Internationalization/icudt64l/lang/ug.res" 1586
"../../../Engine/Content/Internationalization/icudt64l/region/ug.res" 1587
"../../../Engine/Content/Internationalization/icudt64l/lang/uk.res" 1588
"../../../Engine/Content/Internationalization/icudt64l/region/uk.res" 1589
"../../../Engine/Content/Internationalization/icudt64l/lang/ur.res" 1590
"../../../Engine/Content/Internationalization/icudt64l/lang/ur_IN.res" 1591
"../../../Engine/Content/Internationalization/icudt64l/region/ur_IN.res" 1592
"../../../Engine/Content/Internationalization/icudt64l/region/ur.res" 1593
"../../../Engine/Content/Internationalization/icudt64l/lang/uz.res" 1594
"../../../Engine/Content/Internationalization/icudt64l/lang/uz_Arab.res" 1595
"../../../Engine/Content/Internationalization/icudt64l/lang/uz_AF.res" 1596
"../../../Engine/Content/Internationalization/icudt64l/lang/uz_Arab_AF.res" 1597
"../../../Engine/Content/Internationalization/icudt64l/region/uz_AF.res" 1598
"../../../Engine/Content/Internationalization/icudt64l/region/uz_Arab_AF.res" 1599
"../../../Engine/Content/Internationalization/icudt64l/region/uz_Arab.res" 1600
"../../../Engine/Content/Internationalization/icudt64l/lang/uz_Cyrl.res" 1601
"../../../Engine/Content/Internationalization/icudt64l/lang/uz_UZ.res" 1602
"../../../Engine/Content/Internationalization/icudt64l/lang/uz_Latn_UZ.res" 1603
"../../../Engine/Content/Internationalization/icudt64l/lang/uz_Latn.res" 1604
"../../../Engine/Content/Internationalization/icudt64l/region/uz_UZ.res" 1605
"../../../Engine/Content/Internationalization/icudt64l/region/uz_Latn_UZ.res" 1606
"../../../Engine/Content/Internationalization/icudt64l/region/uz_Latn.res" 1607
"../../../Engine/Content/Internationalization/icudt64l/region/uz.res" 1608
"../../../Engine/Content/Internationalization/icudt64l/region/uz_Cyrl.res" 1609
"../../../Engine/Content/Internationalization/icudt64l/lang/vai.res" 1610
"../../../Engine/Content/Internationalization/icudt64l/lang/vai_Latn.res" 1611
"../../../Engine/Content/Internationalization/icudt64l/lang/vai_LR.res" 1612
"../../../Engine/Content/Internationalization/icudt64l/lang/vai_Vaii_LR.res" 1613
"../../../Engine/Content/Internationalization/icudt64l/lang/vai_Vaii.res" 1614
"../../../Engine/Content/Internationalization/icudt64l/region/vai_LR.res" 1615
"../../../Engine/Content/Internationalization/icudt64l/region/vai_Vaii_LR.res" 1616
"../../../Engine/Content/Internationalization/icudt64l/region/vai_Vaii.res" 1617
"../../../Engine/Content/Internationalization/icudt64l/region/vai.res" 1618
"../../../Engine/Content/Internationalization/icudt64l/region/vai_Latn.res" 1619
"../../../Engine/Content/Internationalization/icudt64l/lang/vi.res" 1620
"../../../Engine/Content/Internationalization/icudt64l/region/vi.res" 1621
"../../../Engine/Content/Internationalization/icudt64l/lang/vun.res" 1622
"../../../Engine/Content/Internationalization/icudt64l/region/vun.res" 1623
"../../../Engine/Content/Internationalization/icudt64l/lang/wae.res" 1624
"../../../Engine/Content/Internationalization/icudt64l/region/wae.res" 1625
"../../../Engine/Content/Internationalization/icudt64l/lang/wo.res" 1626
"../../../Engine/Content/Internationalization/icudt64l/region/wo.res" 1627
"../../../Engine/Content/Internationalization/icudt64l/lang/xh.res" 1628
"../../../Engine/Content/Internationalization/icudt64l/region/xh.res" 1629
"../../../Engine/Content/Internationalization/icudt64l/lang/xog.res" 1630
"../../../Engine/Content/Internationalization/icudt64l/region/xog.res" 1631
"../../../Engine/Content/Internationalization/icudt64l/lang/yav.res" 1632
"../../../Engine/Content/Internationalization/icudt64l/region/yav.res" 1633
"../../../Engine/Content/Internationalization/icudt64l/lang/yi.res" 1634
"../../../Engine/Content/Internationalization/icudt64l/region/yi.res" 1635
"../../../Engine/Content/Internationalization/icudt64l/lang/yo.res" 1636
"../../../Engine/Content/Internationalization/icudt64l/lang/yo_BJ.res" 1637
"../../../Engine/Content/Internationalization/icudt64l/region/yo_BJ.res" 1638
"../../../Engine/Content/Internationalization/icudt64l/region/yo.res" 1639
"../../../Engine/Content/Internationalization/icudt64l/lang/yue.res" 1640
"../../../Engine/Content/Internationalization/icudt64l/lang/yue_Hans.res" 1641
"../../../Engine/Content/Internationalization/icudt64l/lang/yue_CN.res" 1642
"../../../Engine/Content/Internationalization/icudt64l/lang/yue_Hans_CN.res" 1643
"../../../Engine/Content/Internationalization/icudt64l/region/yue_CN.res" 1644
"../../../Engine/Content/Internationalization/icudt64l/region/yue_Hans_CN.res" 1645
"../../../Engine/Content/Internationalization/icudt64l/region/yue_Hans.res" 1646
"../../../Engine/Content/Internationalization/icudt64l/lang/yue_Hant.res" 1647
"../../../Engine/Content/Internationalization/icudt64l/lang/yue_HK.res" 1648
"../../../Engine/Content/Internationalization/icudt64l/lang/yue_Hant_HK.res" 1649
"../../../Engine/Content/Internationalization/icudt64l/region/yue_HK.res" 1650
"../../../Engine/Content/Internationalization/icudt64l/region/yue_Hant_HK.res" 1651
"../../../Engine/Content/Internationalization/icudt64l/region/yue_Hant.res" 1652
"../../../Engine/Content/Internationalization/icudt64l/region/yue.res" 1653
"../../../Engine/Content/Internationalization/icudt64l/lang/zgh.res" 1654
"../../../Engine/Content/Internationalization/icudt64l/region/zgh.res" 1655
"../../../Engine/Content/Internationalization/icudt64l/lang/zh.res" 1656
"../../../Engine/Content/Internationalization/icudt64l/lang/zh_Hans.res" 1657
"../../../Engine/Content/Internationalization/icudt64l/lang/zh_CN.res" 1658
"../../../Engine/Content/Internationalization/icudt64l/lang/zh_Hans_CN.res" 1659
"../../../Engine/Content/Internationalization/icudt64l/region/zh_CN.res" 1660
"../../../Engine/Content/Internationalization/icudt64l/region/zh_Hans_CN.res" 1661
"../../../Engine/Content/Internationalization/icudt64l/region/zh_Hans.res" 1662
"../../../Engine/Content/Internationalization/icudt64l/region/zh.res" 1663
"../../../Engine/Content/Internationalization/icudt64l/lang/zh_HK.res" 1664
"../../../Engine/Content/Internationalization/icudt64l/lang/zh_Hant_HK.res" 1665
"../../../Engine/Content/Internationalization/icudt64l/lang/zh_Hant.res" 1666
"../../../Engine/Content/Internationalization/icudt64l/region/zh_HK.res" 1667
"../../../Engine/Content/Internationalization/icudt64l/region/zh_Hant_HK.res" 1668
"../../../Engine/Content/Internationalization/icudt64l/region/zh_Hant.res" 1669
"../../../Engine/Content/Internationalization/icudt64l/lang/zh_MO.res" 1670
"../../../Engine/Content/Internationalization/icudt64l/lang/zh_Hant_MO.res" 1671
"../../../Engine/Content/Internationalization/icudt64l/region/zh_MO.res" 1672
"../../../Engine/Content/Internationalization/icudt64l/region/zh_Hant_MO.res" 1673
"../../../Engine/Content/Internationalization/icudt64l/lang/zh_SG.res" 1674
"../../../Engine/Content/Internationalization/icudt64l/lang/zh_Hans_SG.res" 1675
"../../../Engine/Content/Internationalization/icudt64l/region/zh_SG.res" 1676
"../../../Engine/Content/Internationalization/icudt64l/region/zh_Hans_SG.res" 1677
"../../../Engine/Content/Internationalization/icudt64l/lang/zh_TW.res" 1678
"../../../Engine/Content/Internationalization/icudt64l/lang/zh_Hant_TW.res" 1679
"../../../Engine/Content/Internationalization/icudt64l/region/zh_TW.res" 1680
"../../../Engine/Content/Internationalization/icudt64l/region/zh_Hant_TW.res" 1681
"../../../Engine/Content/Internationalization/icudt64l/lang/zu.res" 1682
"../../../Engine/Content/Internationalization/icudt64l/region/zu.res" 1683
"../../../Engine/Content/Internationalization/icudt64l/lang/no.res" 1684
"../../../Engine/Content/Internationalization/icudt64l/lang/tl.res" 1685
"../../../Engine/Config/Android/DataDrivenPlatformInfo.ini" 1686
"../../../Engine/Config/HoloLens/DataDrivenPlatformInfo.ini" 1687
"../../../Engine/Config/IOS/DataDrivenPlatformInfo.ini" 1688
"../../../Engine/Config/Linux/DataDrivenPlatformInfo.ini" 1689
"../../../Engine/Config/LinuxArm64/DataDrivenPlatformInfo.ini" 1690
"../../../Engine/Config/Mac/DataDrivenPlatformInfo.ini" 1691
"../../../Engine/Config/TVOS/DataDrivenPlatformInfo.ini" 1692
"../../../Engine/Config/Unix/DataDrivenPlatformInfo.ini" 1693
"../../../Engine/Config/VulkanPC/DataDrivenPlatformInfo.ini" 1694
"../../../Engine/Config/Windows/DataDrivenPlatformInfo.ini" 1695
"../../../Engine/DerivedDataCache/Compressed.ddp" 1696
"C:/Users/kbc12306156/AppData/Local/UnrealEngine/Common/DerivedDataCache/TestData/0/TestData_4kb.dat" 1697
"C:/Users/kbc12306156/AppData/Local/UnrealEngine/Common/DerivedDataCache/TestData/1/TestData_4kb.dat" 1698
"C:/Users/kbc12306156/AppData/Local/UnrealEngine/Common/DerivedDataCache/TestData/0/TestData_8kb.dat" 1699
"C:/Users/kbc12306156/AppData/Local/UnrealEngine/Common/DerivedDataCache/TestData/1/TestData_8kb.dat" 1700
"C:/Users/kbc12306156/AppData/Local/UnrealEngine/Common/DerivedDataCache/TestData/0/TestData_16kb.dat" 1701
"C:/Users/kbc12306156/AppData/Local/UnrealEngine/Common/DerivedDataCache/TestData/1/TestData_16kb.dat" 1702
"C:/Users/kbc12306156/AppData/Local/UnrealEngine/Common/DerivedDataCache/TestData/0/TestData_64kb.dat" 1703
"C:/Users/kbc12306156/AppData/Local/UnrealEngine/Common/DerivedDataCache/TestData/1/TestData_64kb.dat" 1704
"C:/Users/kbc12306156/AppData/Local/UnrealEngine/Common/DerivedDataCache/TestData/0/TestData_128kb.dat" 1705
"C:/Users/kbc12306156/AppData/Local/UnrealEngine/Common/DerivedDataCache/TestData/1/TestData_128kb.dat" 1706
"C:/Users/kbc12306156/AppData/Local/UnrealEngine/Common/DerivedDataCache/TestData/0/TestData_256kb.dat" 1707
"C:/Users/kbc12306156/AppData/Local/UnrealEngine/Common/DerivedDataCache/TestData/1/TestData_256kb.dat" 1708
"../../../Engine/Shaders/Private/HairStrands/HairStrandsVertexFactory.ush" 1709
"../../../Engine/Shaders/Private/VertexFactoryCommon.ush" 1710
"../../../Engine/Shaders/Private/Common.ush" 1711
"../../../Engine/Shaders/Public/Platform.ush" 1712
"../../../Engine/Shaders/Public/FP16Math.ush" 1713
"../../../Engine/Shaders/Public/Platform/D3D/D3DCommon.ush" 1714
"../../../Engine/Shaders/Public/BindlessResources.ush" 1715
"../../../Engine/Shaders/Public/ShaderVersion.ush" 1716
"../../../Engine/Shaders/Private/GeneratedUniformBufferTypes.ush" 1717
"../../../Engine/Shaders/Private/Nanite/NanitePackedNaniteView.ush" 1718
"../../../Engine/Shaders/Private/HairStrands/HairStrandsVisibilityCommonStruct.ush" 1719
"../../../Engine/Shaders/Private/HairStrands/HairStrandsVoxelPageCommonStruct.ush" 1720
"../../../Engine/Shaders/Private/HairStrands/HairStrandsDeepShadowCommonStruct.ush" 1721
"../../../Engine/Shaders/Private/CommonViewUniformBuffer.ush" 1722
"../../../Engine/Shaders/Private/LargeWorldCoordinates.ush" 1723
"../../../Engine/Shaders/Private/LWCOperations.ush" 1724
"../../../Engine/Shaders/Private/InstancedStereo.ush" 1725
"../../../Engine/Shaders/Private/Definitions.usf" 1726
"../../../Engine/Shaders/Private/AssertionMacros.ush" 1727
"../../../Engine/Shaders/Private/FastMath.ush" 1728
"../../../Engine/Shaders/Private/FastMathThirdParty.ush" 1729
"../../../Engine/Shaders/Private/Random.ush" 1730
"../../../Engine/Shaders/Private/SceneData.ush" 1731
"../../../Engine/Shaders/Private/OctahedralCommon.ush" 1732
"../../../Engine/Shaders/Private/LocalVertexFactoryCommon.ush" 1733
"../../../Engine/Shaders/Private/HairStrands/HairStrandsVisibilityCommon.ush" 1734
"../../../Engine/Shaders/Private/HairStrands/HairStrandsVertexFactoryCommon.ush" 1735
"../../../Engine/Shaders/Private/HairStrands/HairStrandsAttributeCommon.ush" 1736
"../../../Engine/Shaders/Private/VertexFactoryDefaultInterface.ush" 1737
"../../../Engine/Shaders/Private/HairStrands/HairCardsVertexFactory.ush" 1738
"../../../Engine/Shaders/Private/HairStrands/HairCardsAttributeCommon.ush" 1739
"../../../Engine/Shaders/Private/RayTracing/RayTracingCommon.ush" 1740
"../../../Engine/Shaders/Private/ShadingCommon.ush" 1741
"../../../Engine/Shaders/Shared/RayTracingDefinitions.h" 1742
"../../../Engine/Shaders/Private/Strata/Strata.ush" 1743
"../../../Engine/Shaders/Private/ShadingEnergyConservation.ush" 1744
"../../../Engine/Shaders/Private/ShadingEnergyConservationTemplate.ush" 1745
"../../../Engine/Shaders/Private/BRDF.ush" 1746
"../../../Engine/Shaders/Private/ColorSpace.ush" 1747
"../../../Engine/Shaders/Private/DeferredShadingCommon.ush" 1748
"../../../Engine/Shaders/Private/LightAccumulator.ush" 1749
"../../../Engine/Shaders/Private/SceneTexturesCommon.ush" 1750
"../../../Engine/Shaders/Private/MonteCarlo.ush" 1751
"../../../Engine/Shaders/Private/GBufferHelpers.ush" 1752
"../../../Engine/Shaders/Private/SceneTextureParameters.ush" 1753
"C:/PG/TGS_TeamK/Intermediate/ShaderAutogen/PCD3D_SM5/AutogenShaderHeaders.ush" 1754
"../../../Engine/Shaders/Private/ParticipatingMediaCommon.ush" 1755
"../../../Engine/Shaders/Private/ThinFilmBSDF.ush" 1756
"../../../Engine/Shaders/Private/MortonCode.ush" 1757
"../../../Engine/Shaders/Private/SubsurfaceProfileCommon.ush" 1758
"../../../Engine/Shaders/Private/BurleyNormalizedSSSCommon.ush" 1759
"../../../Engine/Shaders/Shared/StrataDefinitions.h" 1760
"../../../Engine/Shaders/Private/Strata/StrataStatisticalOperators.ush" 1761
"../../../Engine/Shaders/Private/PositionReconstructionCommon.ush" 1762
"../../../Engine/Shaders/Private/RayTracing/RayTracingHitGroupCommon.ush" 1763
"../../../Engine/Shaders/Shared/RayTracingBuiltInResources.h" 1764
"../../../Engine/Plugins/FX/Niagara/Shaders/Private/NiagaraSpriteVertexFactory.ush" 1765
"../../../Engine/Shaders/Private/ParticleVertexFactoryCommon.ush" 1766
"../../../Engine/Plugins/FX/Niagara/Shaders/Private/NiagaraVFCommon.usf" 1767
"../../../Engine/Plugins/FX/Niagara/Shaders/Private/NiagaraVFParticleAccess.usf" 1768
"../../../Engine/Plugins/FX/Niagara/Shaders/Private/NiagaraParticleAccess.ush" 1769
"../../../Engine/Plugins/FX/Niagara/Shaders/Private/NiagaraRibbonVertexFactory.ush" 1770
"../../../Engine/Plugins/FX/Niagara/Shaders/Private/NiagaraMeshVertexFactory.ush" 1771
"../../../Engine/Plugins/FX/Niagara/Shaders/Private/NiagaraCommon.ush" 1772
"../../../Engine/Plugins/FX/Niagara/Shaders/Private/NiagaraMeshParticleUtils.ush" 1773
"../../../Engine/Shaders/Private/VectorFieldVisualizationVertexFactory.ush" 1774
"../../../Engine/Shaders/Private/Nanite/NaniteVertexFactory.ush" 1775
"../../../Engine/Shaders/Private/LightmapData.ush" 1776
"../../../Engine/Shaders/Private/Nanite/NaniteDataDecode.ush" 1777
"../../../Engine/Shaders/Private/BitPacking.ush" 1778
"../../../Engine/Shaders/Private/BitStreamReaderImplementation.ush" 1779
"../../../Engine/Shaders/Shared/NaniteDefinitions.h" 1780
"../../../Engine/Shaders/Private/Nanite/NaniteAttributeDecode.ush" 1781
"../../../Engine/Shaders/Public/WaveBroadcastIntrinsics.ush" 1782
"../../../Engine/Shaders/Private/ParticleSpriteVertexFactory.ush" 1783
"../../../Engine/Shaders/Private/ParticleGPUSpriteVertexFactory.ush" 1784
"../../../Engine/Shaders/Private/ParticleBeamTrailVertexFactory.ush" 1785
"../../../Engine/Shaders/Private/MeshParticleVertexFactory.ush" 1786
"../../../Engine/Shaders/Private/LocalVertexFactory.ush" 1787
"../../../Engine/Shaders/Private/GpuSkinCommon.ush" 1788
"../../../Engine/Shaders/Private/GpuSkinVertexFactory.ush" 1789
"../../../Engine/Shaders/Private/GeometryCollectionVertexFactory.ush" 1790
"../../../Engine/Shaders/Private/GeometryCacheVertexFactory.ush" 1791
"../../../Engine/Shaders/Private/LandscapeVertexFactory.ush" 1792
"../../../Engine/Plugins/Media/WmfMedia/Shaders/Private/MediaHardwareVideoDecoding.usf" 1793
"../../../Engine/Shaders/Private/GammaCorrectionCommon.ush" 1794
"../../../Engine/Shaders/Private/ColorUtils.ush" 1795
"../../../Engine/Plugins/Media/ImgMedia/Shaders/Private/ExrSwizzler.usf" 1796
"../../../Engine/Plugins/Enterprise/GLTFExporter/Shaders/Private/SimpleTexture2DPS.usf" 1797
"../../../Engine/Shaders/Private/SimpleElementNormalMapPixelShader.usf" 1798
"../../../Engine/Plugins/Enterprise/GLTFExporter/Shaders/Private/CubemapFacePS.usf" 1799
"../../../Engine/Plugins/Enterprise/GLTFExporter/Shaders/Private/CombinedTexturePS.usf" 1800
"../../../Engine/Plugins/Runtime/HairStrands/Shaders/Private/NiagaraCopyVelocityGrid.usf" 1801
"../../../Engine/Plugins/Runtime/HairStrands/Shaders/Private/NiagaraClearVelocityGrid.usf" 1802
"../../../Engine/Plugins/Runtime/HairStrands/Shaders/Private/NiagaraClearPressureGrid.usf" 1803
"../../../Engine/Plugins/Runtime/HairStrands/Shaders/Private/NiagaraInterpolateGroomGuides.usf" 1804
"../../../Engine/Plugins/Runtime/HairStrands/Shaders/Private/NiagaraGroomInterpolationUtils.ush" 1805
"../../../Engine/Plugins/FX/Niagara/Shaders/Private/NiagaraQuaternionUtils.ush" 1806
"../../../Engine/Shaders/Private/HairStrands/HairStrandsClusterCulling.usf" 1807
"../../../Engine/Shaders/Private/ColorMap.ush" 1808
"../../../Engine/Shaders/Private/HairStrands/HairStrandsAABBCommon.ush" 1809
"../../../Engine/Shaders/Private/HairStrands/HairStrandsClusterCommon.ush" 1810
"../../../Engine/Shaders/Private/ShaderPrint.ush" 1811
"../../../Engine/Shaders/Private/ShaderPrintCommon.ush" 1812
"../../../Engine/Shaders/Private/MiniFontCommon.ush" 1813
"../../../Engine/Shaders/Private/HairStrands/HairStrandsRaytracingGeometry.usf" 1814
"../../../Engine/Shaders/Private/HairStrands/HairStrandsTangent.usf" 1815
"../../../Engine/Shaders/Private/HairStrands/HairCardsDeformation.usf" 1816
"../../../Engine/Shaders/Private/HairStrands/HairStrandsMeshProjectionCommon.ush" 1817
"../../../Engine/Shaders/Private/HairStrands/HairStrandsInterpolation.usf" 1818
"../../../Engine/Shaders/Private/HairStrands/HairStrandsGuideDeform.usf" 1819
"../../../Engine/Shaders/Private/HairStrands/HairStrandsMesh.usf" 1820
"../../../Engine/Shaders/Private/HairStrands/HairStrandsFollicleMask.usf" 1821
"../../../Engine/Shaders/Private/HairStrands/HairStrandsSkinUpdate.usf" 1822
"../../../Engine/Shaders/Private/HairStrands/HairCardsGeneration.usf" 1823
"../../../Engine/Shaders/Private/HairStrands/HairCardsTextureCommon.ush" 1824
"../../../Engine/Shaders/Private/HairStrands/HairStrandsTexturesGeneration.usf" 1825
"../../../Engine/Shaders/Private/HairStrands/HairStrandsDebug.usf" 1826
"../../../Engine/Shaders/Private/PostProcessCommon.ush" 1827
"../../../Engine/Shaders/Private/Matrices.ush" 1828
"../../../Engine/Shaders/Private/ShadingModels.ush" 1829
"../../../Engine/Shaders/Private/CapsuleLight.ush" 1830
"../../../Engine/Shaders/Private/RectLight.ush" 1831
"../../../Engine/Shaders/Private/AreaLightCommon.ush" 1832
"../../../Engine/Shaders/Private/TransmissionCommon.ush" 1833
"../../../Engine/Shaders/Private/HairBsdf.ush" 1834
"../../../Engine/Shaders/Private/HairShadingCommon.ush" 1835
"../../../Engine/Shaders/Private/MobileGGX.ush" 1836
"../../../Engine/Shaders/Private/HairStrands/HairStrandsCommon.ush" 1837
"../../../Engine/Shaders/Private/HairStrands/HairStrandsEnvironmentLightingCommon.ush" 1838
"../../../Engine/Shaders/Private/HairStrands/HairStrandsDeepShadowCommon.ush" 1839
"../../../Engine/Shaders/Private/HairStrands/HairStrandsDeepTransmittanceCommon.ush" 1840
"../../../Engine/Shaders/Private/HairStrands/HairStrandsDeepTransmittanceDualScattering.ush" 1841
"../../../Engine/Shaders/Private/HairStrands/HairStrandsDebugCommonStruct.ush" 1842
"../../../Engine/Plugins/FX/Niagara/Shaders/Private/NiagaraFillIntBuffer.usf" 1843
"../../../Engine/Plugins/FX/Niagara/Shaders/Private/NiagaraComputeFreeIDs.usf" 1844
"../../../Engine/Plugins/FX/Niagara/Shaders/Private/NiagaraInitFreeIDBuffer.usf" 1845
"../../../Engine/Plugins/FX/Niagara/Shaders/Private/NiagaraEmitterInstanceShader.usf" 1846
"../../../Engine/Plugins/FX/Niagara/Shaders/Private/NiagaraShaderVersion.ush" 1847
"../../../Engine/Shaders/Private/DistanceField/GlobalDistanceFieldShared.ush" 1848
"../../../Engine/Plugins/FX/Niagara/Shaders/Private/NiagaraPhysicsCommon.ush" 1849
"../../../Engine/Plugins/FX/Niagara/Shaders/Private/Ribbons/NiagaraRibbonGenerateIndices.usf" 1850
"../../../Engine/Plugins/FX/Niagara/Shaders/Private/Ribbons/NiagaraRibbonCommon.ush" 1851
"../../../Engine/Plugins/FX/Niagara/Shaders/Private/Ribbons/NiagaraRibbonInitializeIndices.usf" 1852
"../../../Engine/Plugins/FX/Niagara/Shaders/Private/Ribbons/NiagaraRibbonRibbonUVParamCalculation.usf" 1853
"../../../Engine/Plugins/FX/Niagara/Shaders/Private/Ribbons/NiagaraRibbonVertexReductionFinalization.usf" 1854
"../../../Engine/Plugins/FX/Niagara/Shaders/Private/Ribbons/NiagaraRibbonVertexReductionPropagation.usf" 1855
"../../../Engine/Plugins/FX/Niagara/Shaders/Private/Ribbons/NiagaraRibbonVertexReductionInitialization.usf" 1856
"../../../Engine/Plugins/FX/Niagara/Shaders/Private/Ribbons/NiagaraRibbonSortParticles.usf" 1857
"../../../Engine/Plugins/FX/Niagara/Shaders/Private/NiagaraUpdateMeshGPUSceneInstances.usf" 1858
"../../../Engine/Shaders/Private/ComputeShaderUtils.ush" 1859
"../../../Engine/Shaders/Private/GPUScene/GPUSceneWriter.ush" 1860
"../../../Engine/Plugins/FX/Niagara/Shaders/Private/NiagaraGenerateMips.usf" 1861
"../../../Engine/Plugins/FX/Niagara/Shaders/Private/NiagaraDebugDraw.usf" 1862
"../../../Engine/Plugins/FX/Niagara/Shaders/Private/NiagaraDebugDraw.ush" 1863
"../../../Engine/Plugins/FX/Niagara/Shaders/Private/NiagaraVisualizeTexture.usf" 1864
"../../../Engine/Plugins/FX/Niagara/Shaders/Private/NiagaraClearCounts.usf" 1865
"../../../Engine/Plugins/FX/Niagara/Shaders/Private/NiagaraBatchedElements.usf" 1866
"../../../Engine/Plugins/FX/Niagara/Shaders/Private/NiagaraRayTracingShaders.usf" 1867
"../../../Engine/Plugins/FX/Niagara/Shaders/Private/NiagaraAsyncGpuTraceCommon.ush" 1868
"../../../Engine/Shaders/Private/HashTable.ush" 1869
"../../../Engine/Shaders/Private/Hash.ush" 1870
"../../../Engine/Shaders/Private/RayTracing/VFXTraceRay.ush" 1871
"../../../Engine/Plugins/FX/Niagara/Shaders/Private/NiagaraRayMarchingShaders.usf" 1872
"../../../Engine/Plugins/FX/Niagara/Shaders/Private/NiagaraRayTraceCollisionGroupShaders.usf" 1873
"../../../Engine/Plugins/FX/Niagara/Shaders/Private/NiagaraAsyncGpuTraceUtils.usf" 1874
"../../../Engine/Plugins/FX/Niagara/Shaders/Private/NiagaraSortKeyGen.usf" 1875
"../../../Engine/Plugins/FX/Niagara/Shaders/Private/NiagaraGPURayTracingTransforms.usf" 1876
"../../../Engine/Plugins/FX/Niagara/Shaders/Private/NiagaraDrawIndirectArgsGen.usf" 1877
"../../../Engine/Shaders/Private/SlateElementPixelShader.usf" 1878
"../../../Engine/Shaders/Private/SlateShaderCommon.ush" 1879
"../../../Engine/Shaders/Private/MaterialTemplate.ush" 1880
"../../../Engine/Shaders/Private/EyeAdaptationCommon.ush" 1881
"../../../Engine/Shaders/Private/SobolRandom.ush" 1882
"../../../Engine/Shaders/Private/DepthOfFieldCommon.ush" 1883
"../../../Engine/Shaders/Private/CircleDOFCommon.ush" 1884
"../../../Engine/Shaders/Private/PhysicsFieldSampler.ush" 1885
"../../../Engine/Shaders/Private/PhysicsFieldShared.ush" 1886
"../../../Engine/Shaders/Private/SpeedTreeCommon.ush" 1887
"../../../Engine/Shaders/Private/VirtualTextureCommon.ush" 1888
"../../../Engine/Shaders/Private/MaterialTexture.ush" 1889
"../../../Engine/Shaders/Private/MinMaterialTexCoords.ush" 1890
"../../../Engine/Shaders/Private/SkyAtmosphereCommon.ush" 1891
"../../../Engine/Shaders/Private/SingleLayerWaterCommon.ush" 1892
"../../../Engine/Shaders/Private/TextureSampling.ush" 1893
"../../../Engine/Shaders/Private/PaniniProjection.ush" 1894
"../../../Engine/Shaders/Private/DBufferNormalReprojection.ush" 1895
"../../../Engine/Shaders/Private/Strata/StrataTree.ush" 1896
"../../../Engine/Shaders/Private/Strata/StrataEvaluation.ush" 1897
"../../../Engine/Shaders/Private/SHCommon.ush" 1898
"../../../Engine/Shaders/Private/ShadingModelsSampling.ush" 1899
"../../../Engine/Shaders/Private/HairStrands/HairBsdfSample.ush" 1900
"../../../Engine/Shaders/Private/Strata/StrataLegacyConversion.ush" 1901
"../../../Engine/Shaders/Private/DBufferDecalShared.ush" 1902
"../../../Engine/Shaders/Private/CompositeUIPixelShader.usf" 1903
"../../../Engine/Shaders/Private/TonemapCommon.ush" 1904
"../../../Engine/Shaders/Private/ACES.ush" 1905
"../../../Engine/Shaders/Private/ColorDeficiency.ush" 1906
"../../../Engine/Shaders/Private/SlateMaskingShader.usf" 1907
"../../../Engine/Shaders/Private/SlatePostProcessColorDeficiencyPixelShader.usf" 1908
"../../../Engine/Shaders/Private/SlatePostProcessPixelShader.usf" 1909
"../../../Engine/Shaders/Private/SlateVertexShader.usf" 1910
"../../../Engine/Shaders/Private/TranslucentLightingShaders.usf" 1911
"../../../Engine/Shaders/Private/ShadowProjectionCommon.ush" 1912
"../../../Engine/Shaders/Private/CubemapCommon.ush" 1913
"../../../Engine/Shaders/Private/VectorFieldCompositeShaders.usf" 1914
"../../../Engine/Shaders/Private/UpdateTextureShaders.usf" 1915
"../../../Engine/Shaders/Private/StereoLayerShader.usf" 1916
"../../../Engine/Shaders/Private/MorphTargets.usf" 1917
"../../../Engine/Shaders/Private/SimpleElementColorChannelMaskPixelShader.usf" 1918
"../../../Engine/Shaders/Private/SimpleElementHitProxyPixelShader.usf" 1919
"../../../Engine/Shaders/Private/SimpleElementPixelShader.usf" 1920
"../../../Engine/Shaders/Private/IESLightProfilesCommon.ush" 1921
"../../../Engine/Shaders/Private/SimpleElementVertexShader.usf" 1922
"../../../Engine/Shaders/Private/ScreenPixelShaderOES.usf" 1923
"../../../Engine/Shaders/Private/ScreenVertexShader.usf" 1924
"../../../Engine/Shaders/Private/ScreenPixelShader.usf" 1925
"../../../Engine/Shaders/Private/SSProfilePreIntegratedMobile.usf" 1926
"../../../Engine/Shaders/Private/Nanite/NaniteClusterCulling.usf" 1927
"../../../Engine/Shaders/Private/Nanite/NaniteCulling.ush" 1928
"../../../Engine/Shaders/Private/Nanite/NaniteHierarchyTraversalCommon.ush" 1929
"../../../Engine/Shaders/Private/Nanite/NaniteHierarchyTraversal.ush" 1930
"../../../Engine/Shaders/Private/WaveOpUtil.ush" 1931
"../../../Engine/Shaders/Private/VirtualShadowMaps/VirtualShadowMapPageOverlap.ush" 1932
"../../../Engine/Shaders/Private/Nanite/NaniteHZBCull.ush" 1933
"../../../Engine/Shaders/Private/VirtualShadowMaps/VirtualShadowMapPageAccessCommon.ush" 1934
"../../../Engine/Shaders/Shared/VirtualShadowMapDefinitions.h" 1935
"../../../Engine/Shaders/Private/VirtualShadowMaps/VirtualShadowMapStaticCaching.ush" 1936
"../../../Engine/Shaders/Private/Nanite/NaniteCullingCommon.ush" 1937
"../../../Engine/Shaders/Private/GPUMessaging.ush" 1938
"../../../Engine/Shaders/Private/Nanite/NaniteTranscode.usf" 1939
"../../../Engine/Shaders/Private/VolumetricLightmapStreaming.usf" 1940
"../../../Engine/Shaders/Private/PhysicsFieldReset.usf" 1941
"../../../Engine/Shaders/Private/PhysicsFieldBuilder.usf" 1942
"../../../Engine/Shaders/Private/PhysicsFieldEval.ush" 1943
"../../../Engine/Shaders/Private/ParticleSortKeyGen.usf" 1944
"../../../Engine/Shaders/Private/ParticleBoundsShader.usf" 1945
"../../../Engine/Shaders/Private/ParticleSimVisualizeShader.usf" 1946
"../../../Engine/Shaders/Private/ParticleInjectionShader.usf" 1947
"../../../Engine/Shaders/Private/ParticleSimulationShader.usf" 1948
"../../../Engine/Shaders/Private/ParticleCurveInjectionShader.usf" 1949
"../../../Engine/Shaders/Private/CopyUIntBuffer.usf" 1950
"../../../Engine/Shaders/Private/RadixSortShaders.usf" 1951
"../../../Engine/Shaders/Private/RecomputeTangentsPerVertexPass.usf" 1952
"../../../Engine/Shaders/Private/RecomputeTangentsCommon.ush" 1953
"../../../Engine/Shaders/Private/RecomputeTangentsPerTrianglePass.usf" 1954
"../../../Engine/Shaders/Private/GpuSkinCacheComputeShader.usf" 1955
"../../../Engine/Shaders/Private/HeightFieldAtlasManagement.usf" 1956
"../../../Engine/Shaders/Private/LandscapePhysicalMaterial.usf" 1957
"../../../Engine/Shaders/Private/LandscapeGrassWeight.usf" 1958
"../../../Engine/Shaders/Private/Landscape/LandscapeLayersWeightmapsPS.usf" 1959
"../../../Engine/Shaders/Private/Landscape/LandscapeLayersHeightmapsPS.usf" 1960
"../../../Engine/Shaders/Private/Landscape/LandscapeCommon.ush" 1961
"../../../Engine/Shaders/Private/LandscapeLayersCS.usf" 1962
"../../../Engine/Shaders/Private/LandscapeLayersPS.usf" 1963
"../../../Engine/Shaders/Private/LandscapeLayersVS.usf" 1964
"../../../Engine/Shaders/Private/Landscape/LandscapeMergeHeightmapsPS.usf" 1965
"../../../Engine/Shaders/Private/WideCustomResolveShaders.usf" 1966
"../../../Engine/Shaders/Private/WideCustomResolve_Wide.ush" 1967
"../../../Engine/Shaders/Private/WideCustomResolve_Wider.ush" 1968
"../../../Engine/Shaders/Private/WideCustomResolve_Widest.ush" 1969
"../../../Engine/Shaders/Private/PageTableUpdate.usf" 1970
"../../../Engine/Shaders/Private/VirtualTextureCompress.usf" 1971
"../../../Engine/Shaders/Private/BlockCompressionCommon.ush" 1972
"../../../Engine/Shaders/Private/BCCompressionCommon.ush" 1973
"../../../Engine/Shaders/Private/ETCCompressionCommon.ush" 1974
"../../../Engine/Shaders/Private/VirtualTextureMaterial.usf" 1975
"../../../Engine/Shaders/Private/PixelShaderOutputCommon.ush" 1976
"../../../Engine/Shaders/Private/ShaderOutputCommon.ush" 1977
"../../../Engine/Shaders/Private/VolumetricRenderTarget.usf" 1978
"../../../Engine/Shaders/Private/VolumetricFogVoxelization.usf" 1979
"../../../Engine/Shaders/Private/VolumetricCloudMaterialPixelCommon.ush" 1980
"../../../Engine/Shaders/Private/VolumetricFogLightFunction.usf" 1981
"../../../Engine/Shaders/Private/LightFunctionCommon.ush" 1982
"../../../Engine/Shaders/Private/VolumetricFog.usf" 1983
"../../../Engine/Shaders/Private/DeferredLightingCommon.ush" 1984
"../../../Engine/Shaders/Private/DynamicLightingCommon.ush" 1985
"../../../Engine/Shaders/Private/CapsuleLightIntegrate.ush" 1986
"../../../Engine/Shaders/Private/CapsuleLightSampling.ush" 1987
"../../../Engine/Shaders/Private/RectLightIntegrate.ush" 1988
"../../../Engine/Shaders/Private/LightGridCommon.ush" 1989
"../../../Engine/Shaders/Private/HeightFogCommon.ush" 1990
"../../../Engine/Shaders/Private/DistanceFieldAOShared.ush" 1991
"../../../Engine/Shaders/Private/VolumeLightingCommon.ush" 1992
"../../../Engine/Shaders/Private/ShadowFilteringCommon.ush" 1993
"../../../Engine/Shaders/Private/PixelQuadMessagePassing.ush" 1994
"../../../Engine/Shaders/Private/VolumeLightingCommonSampling.ush" 1995
"../../../Engine/Shaders/Private/VolumetricLightmapShared.ush" 1996
"../../../Engine/Shaders/Private/ForwardShadowingCommon.ush" 1997
"../../../Engine/Shaders/Private/Lumen/LumenTranslucencyVolumeShared.ush" 1998
"../../../Engine/Shaders/Private/Lumen/LumenRadianceCacheInterpolation.ush" 1999
"../../../Engine/Shaders/Private/VirtualShadowMaps/VirtualShadowMapProjectionCommon.ush" 2000
"../../../Engine/Shaders/Private/VirtualShadowMaps/VirtualShadowMapProjectionStructs.ush" 2001
"../../../Engine/Shaders/Private/VolumetricCloudCommon.ush" 2002
"../../../Engine/Shaders/Private/VolumetricCloud.usf" 2003
"../../../Engine/Shaders/Private/ReflectionEnvironmentShared.ush" 2004
"../../../Engine/Shaders/Private/VisualizeVolumetricLightmap.usf" 2005
"../../../Engine/Shaders/Private/VirtualShadowMaps/VirtualShadowMapProjectionComposite.usf" 2006
"../../../Engine/Shaders/Private/LightShaderParameters.ush" 2007
"../../../Engine/Shaders/Private/VirtualShadowMaps/VirtualShadowMapMaskBitsCommon.ush" 2008
"../../../Engine/Shaders/Private/VirtualShadowMaps/VirtualShadowMapProjection.usf" 2009
"../../../Engine/Shaders/Private/Visualization.ush" 2010
"../../../Engine/Shaders/Private/VirtualShadowMaps/VirtualShadowMapProjectionDirectional.ush" 2011
"../../../Engine/Shaders/Private/PathTracing/Utilities/PathTracingRandomSequence.ush" 2012
"../../../Engine/Shaders/Private/VirtualShadowMaps/VirtualShadowMapSMRTCommon.ush" 2013
"../../../Engine/Shaders/Private/VirtualShadowMaps/VirtualShadowMapSMRTTemplate.ush" 2014
"../../../Engine/Shaders/Private/VirtualShadowMaps/VirtualShadowMapProjectionSpot.ush" 2015
"../../../Engine/Shaders/Private/VirtualShadowMaps/VirtualShadowMapTransmissionCommon.ush" 2016
"../../../Engine/Shaders/Private/HairStrands/HairStrandsVoxelPageCommon.ush" 2017
"../../../Engine/Shaders/Private/HairStrands/HairStrandsVoxelPageTraversal.ush" 2018
"../../../Engine/Shaders/Private/VirtualShadowMaps/VirtualShadowMapCacheManagement.usf" 2019
"../../../Engine/Shaders/Private/VirtualShadowMaps/VirtualShadowMapPageCacheCommon.ush" 2020
"../../../Engine/Shaders/Private/ScreenSpaceDenoise/SSDDefinitions.ush" 2021
"../../../Engine/Shaders/Private/InstanceCulling/InstanceCullingLoadBalancer.ush" 2022
"../../../Engine/Shaders/Private/VirtualShadowMaps/VirtualShadowMapCopyStats.usf" 2023
"../../../Engine/Shaders/Private/VirtualShadowMaps/VirtualShadowMapPageManagement.usf" 2024
"../../../Engine/Shaders/Private/HairStrands/HairStrandsTileCommon.ush" 2025
"../../../Engine/Shaders/Private/ReductionCommon.ush" 2026
"../../../Engine/Shaders/Private/VirtualShadowMaps/VirtualShadowMapStats.ush" 2027
"../../../Engine/Shaders/Private/VirtualShadowMaps/VirtualShadowMapBuildPerPageDrawCommands.usf" 2028
"../../../Engine/Shaders/Private/InstanceCulling/InstanceCullingCommon.ush" 2029
"../../../Engine/Shaders/Private/VirtualShadowMaps/VirtualShadowMapPrintStats.usf" 2030
"../../../Engine/Shaders/Private/VirtualShadowMaps/VirtualShadowMapDebug.usf" 2031
"../../../Engine/Shaders/Private/VelocityShader.usf" 2032
"../../../Engine/Shaders/Private/VelocityCommon.ush" 2033
"../../../Engine/Shaders/Private/VariableRateShading.usf" 2034
"../../../Engine/Shaders/Private/TranslucencyUpsampling.usf" 2035
"../../../Engine/Shaders/Private/ScreenPass.ush" 2036
"../../../Engine/Shaders/Private/ComposeSeparateTranslucency.usf" 2037
"../../../Engine/Shaders/Private/SeparateTranslucency.ush" 2038
"../../../Engine/Shaders/Private/TranslucentLightInjectionShaders.usf" 2039
"../../../Engine/Shaders/Private/TranslucentShadowDepthShaders.usf" 2040
"../../../Engine/Shaders/Private/ShadowDepthCommon.ush" 2041
"../../../Engine/Shaders/Private/RayTracing/RayTracingTest.usf" 2042
"../../../Engine/Shaders/Private/PostProcessSubsurfaceTile.usf" 2043
"../../../Engine/Shaders/Private/Strata/StrataVisualize.usf" 2044
"../../../Engine/Shaders/Private/Strata/StrataTile.ush" 2045
"../../../Engine/Shaders/Private/SkyLightingDiffuseShared.ush" 2046
"../../../Engine/Shaders/Private/SkyLightingShared.ush" 2047
"../../../Engine/Shaders/Private/ClearCoatCommon.ush" 2048
"../../../Engine/Shaders/Private/ReflectionEnvironmentComposite.ush" 2049
"../../../Engine/Shaders/Private/Strata/StrataLightingCommon.ush" 2050
"../../../Engine/Shaders/Private/Strata/StrataRoughRefraction.usf" 2051
"../../../Engine/Shaders/Private/PathTracing/Material/PathTracingFresnel.ush" 2052
"../../../Engine/Shaders/Private/PathTracing/Material/PathTracingGlossy.ush" 2053
"../../../Engine/Shaders/Private/Strata/StrataTile.usf" 2054
"../../../Engine/Shaders/Private/Strata/StrataMaterialClassification.usf" 2055
"../../../Engine/Shaders/Private/SkyAtmosphere.usf" 2056
"../../../Engine/Shaders/Private/CopyDepthTexture.usf" 2057
"../../../Engine/Shaders/Private/SingleLayerWaterComposite.usf" 2058
"../../../Engine/Shaders/Private/ShadowProjectionVertexShader.usf" 2059
"../../../Engine/Shaders/Private/ShadowProjectionPixelShader.usf" 2060
"../../../Engine/Shaders/Private/ShadowPercentageCloserFiltering.ush" 2061
"../../../Engine/Shaders/Private/TransmissionThickness.ush" 2062
"../../../Engine/Shaders/Private/CopyShadowMaps.usf" 2063
"../../../Engine/Shaders/Private/ShadowDepthPixelShader.usf" 2064
"../../../Engine/Shaders/Private/ShadowDepthVertexShader.usf" 2065
"../../../Engine/Shaders/Private/ShadingEnergyConservationTable.usf" 2066
"../../../Engine/Shaders/Shared/PathTracingDefinitions.h" 2067
"../../../Engine/Shaders/Private/ShadingFurnaceTest.usf" 2068
"../../../Engine/Shaders/Private/Strata/StrataDeferredLighting.ush" 2069
"../../../Engine/Shaders/Private/ShaderPrintDrawPrimitive.usf" 2070
"../../../Engine/Shaders/Private/ShaderPrintDraw.usf" 2071
"../../../Engine/Shaders/Private/SSRT/SSRTDiffuseIndirect.usf" 2072
"../../../Engine/Shaders/Private/SSRT/SSRTRayCast.ush" 2073
"../../../Engine/Shaders/Private/SSRT/SSRTTileClassificationBuffer.ush" 2074
"../../../Engine/Shaders/Private/SSRT/SSRTReflections.usf" 2075
"../../../Engine/Shaders/Private/ScreenSpaceDenoise/SSDPublic.ush" 2076
"../../../Engine/Shaders/Private/SSRT/SSRTTileClassification.usf" 2077
"../../../Engine/Shaders/Private/SSRT/SSRTPrevFrameReduction.usf" 2078
"../../../Engine/Shaders/Private/ScreenSpaceDenoise/SSDComposeHarmonics.usf" 2079
"../../../Engine/Shaders/Private/ScreenSpaceDenoise/SSDPublicHarmonics.ush" 2080
"../../../Engine/Shaders/Private/ScreenSpaceDenoise/SSDSignalFramework.ush" 2081
"../../../Engine/Shaders/Private/ScreenSpaceDenoise/SSDCommon.ush" 2082
"../../../Engine/Shaders/Private/SphericalGaussian.ush" 2083
"../../../Engine/Shaders/Private/ScreenSpaceDenoise/SSDMetadata.ush" 2084
"../../../Engine/Shaders/Private/ScreenSpaceDenoise/SSDSignalCore.ush" 2085
"../../../Engine/Shaders/Private/ScreenSpaceDenoise/DenoisingCommon.ush" 2086
"../../../Engine/Shaders/Private/ScreenSpaceDenoise/SSDSignalArray.ush" 2087
"../../../Engine/Shaders/Private/ScreenSpaceDenoise/SSDSignalBufferEncoding.ush" 2088
"../../../Engine/Shaders/Private/ScreenSpaceDenoise/SSDPublicBufferEncoding.ush" 2089
"../../../Engine/Shaders/Private/Lumen/LumenBufferEncoding.ush" 2090
"../../../Engine/Shaders/Private/ScreenSpaceDenoise/SSDTemporalAccumulation.usf" 2091
"../../../Engine/Shaders/Private/ScreenSpaceDenoise/SSDSpatialKernel.ush" 2092
"../../../Engine/Shaders/Private/ScreenSpaceDenoise/SSDSignalAccumulatorArray.ush" 2093
"../../../Engine/Shaders/Private/ScreenSpaceDenoise/SSDSignalAccumulator.ush" 2094
"../../../Engine/Shaders/Private/ScreenSpaceDenoise/SSDSignalCompression.ush" 2095
"../../../Engine/Shaders/Private/ScreenSpaceDenoise/SSDSpatialAccumulation.usf" 2096
"../../../Engine/Shaders/Private/ScreenSpaceDenoise/SSDInjest.usf" 2097
"../../../Engine/Shaders/Private/ScreenSpaceDenoise/SSDCompressMetadata.usf" 2098
"../../../Engine/Shaders/Private/DownsampleDepthPixelShader.usf" 2099
"../../../Engine/Shaders/Private/ScreenPass.usf" 2100
"../../../Engine/Shaders/Private/HZB.usf" 2101
"../../../Engine/Shaders/Private/HZBOcclusion.usf" 2102
"../../../Engine/Shaders/Private/OcclusionQueryPixelShader.usf" 2103
"../../../Engine/Shaders/Private/OcclusionQueryVertexShader.usf" 2104
"../../../Engine/Shaders/Private/HitProxyPixelShader.usf" 2105
"../../../Engine/Shaders/Private/HitProxyVertexShader.usf" 2106
"../../../Engine/Shaders/Private/SceneCapturePixelShader.usf" 2107
"../../../Engine/Shaders/Private/RTWriteMaskDecode.usf" 2108
"../../../Engine/Shaders/Private/ReflectionEnvironmentShaders.usf" 2109
"../../../Engine/Shaders/Private/RectLightAtlas.usf" 2110
"../../../Engine/Shaders/Private/RayTracing/TraceRayInlineStatistics.usf" 2111
"../../../Engine/Shaders/Private/RayTracing/TraceRayInlineCommon.ush" 2112
"../../../Engine/Shaders/Private/RayTracing/VisualizeSkyLightMipTreePS.usf" 2113
"../../../Engine/Shaders/Private/RayTracing/MipTreeCommon.ush" 2114
"../../../Engine/Shaders/Private/RayTracing/CompositeSkyLightPS.usf" 2115
"../../../Engine/Shaders/Private/RayTracing/GenerateSkyLightVisibilityRaysCS.usf" 2116
"../../../Engine/Shaders/Private/RayTracing/RayTracingSkyLightCommon.ush" 2117
"../../../Engine/Shaders/Private/RayTracing/SkyLightVisibilityRaysData.ush" 2118
"../../../Engine/Shaders/Private/Raytracing/RaytracingSkylightRGS.usf" 2119
"../../../Engine/Shaders/Private/HairStrands/HairStrandsRaytracing.ush" 2120
"../../../Engine/Shaders/Private/Raytracing/RayTracingSkyLightEvaluation.ush" 2121
"../../../Engine/Shaders/Private/Raytracing/RayTracingDeferredShadingCommon.ush" 2122
"../../../Engine/Shaders/Private/RayTracing/RayTracingOcclusionRGS.usf" 2123
"../../../Engine/Shaders/Private/RayTracing/RayTracingDirectionalLight.ush" 2124
"../../../Engine/Shaders/Private/RayTracing/RayTracingRectLight.ush" 2125
"../../../Engine/Shaders/Private/RayTracing/RayTracingSphereLight.ush" 2126
"../../../Engine/Shaders/Private/RayTracing/RayTracingCapsuleLight.ush" 2127
"../../../Engine/Shaders/Private/RayTracing/SplitImaginaryReflectionGBufferCS.usf" 2128
"../../../Engine/Shaders/Private/RayTracing/RayTracingReflectionsCommon.ush" 2129
"../../../Engine/Shaders/Private/RayTracing/RayTracingReflections.usf" 2130
"../../../Engine/Shaders/Private/RayTracing/RayTracingLightingCommon.ush" 2131
"../../../Engine/Shaders/Private/RayTracing/RayTracingLightCullingCommon.ush" 2132
"../../../Engine/Shaders/Private/RayTracing/RayTracingReflectionEnvironment.ush" 2133
"../../../Engine/Shaders/Private/RayTracing/RayTracingPrimaryRays.usf" 2134
"../../../Engine/Shaders/Private/RayTracing/RayTracingMaterialDefaultHitShaders.usf" 2135
"../../../Engine/Shaders/Private/RayTracing/RayTracingMaterialHitShaders.usf" 2136
"../../../Engine/Shaders/Private/RayTracing/RayTracingCalcInterpolants.ush" 2137
"../../../Engine/Shaders/Private/LightmapCommon.ush" 2138
"../../../Engine/Shaders/Private/Lumen/LumenHardwareRayTracingPayloadCommon.ush" 2139
"../../../Engine/Shaders/Private/Strata/StrataExport.ush" 2140
"../../../Engine/Shaders/Private/RayTracing/RayTracingLightingMS.usf" 2141
"../../../Engine/Shaders/Private/RayTracing/RayTracingLightFunctionCommon.ush" 2142
"../../../Engine/Shaders/Private/RayTracing/GenerateCulledLightListCS.usf" 2143
"../../../Engine/Shaders/Private/Raytracing/RayTracingInstanceBufferUtil.usf" 2144
"../../../Engine/Shaders/Private/RayTracing/RayTracingFinalGatherRGS.usf" 2145
"../../../Engine/Shaders/Private/RayTracing/RayTracingGatherPoints.ush" 2146
"../../../Engine/Shaders/Private/PathTracing/Light/PathTracingLightSampling.ush" 2147
"../../../Engine/Shaders/Private/PathTracing/Light/PathTracingLightCommon.ush" 2148
"../../../Engine/Shaders/Shared/RayTracingTypes.h" 2149
"../../../Engine/Shaders/Private/PathTracing/Light/PathTracingDirectionalLight.ush" 2150
"../../../Engine/Shaders/Private/PathTracing/Light/PathTracingPointLight.ush" 2151
"../../../Engine/Shaders/Private/PathTracing/Light/PathTracingCapsuleLight.ush" 2152
"../../../Engine/Shaders/Private/PathTracing/Light/PathTracingRectLight.ush" 2153
"../../../Engine/Shaders/Private/PathTracing/Light/PathTracingSkyLight.ush" 2154
"../../../Engine/Shaders/Private/PathTracing/Light/PathTracingSpotLight.ush" 2155
"../../../Engine/Shaders/Private/PathTracing/Material/PathTracingMaterialSampling.ush" 2156
"../../../Engine/Shaders/Private/PathTracing/Material/PathTracingMaterialCommon.ush" 2157
"../../../Engine/Shaders/Private/PathTracing/PathTracingCommon.ush" 2158
"../../../Engine/Shaders/Private/PathTracing/Material/PathTracingLambert.ush" 2159
"../../../Engine/Shaders/Private/PathTracing/Material/PathTracingRadianceProbe.ush" 2160
"../../../Engine/Shaders/Private/PathTracing/Material/FirstBounceRayGuidingCommon.ush" 2161
"../../../Engine/Shaders/Private/PathTracing/Material/PathTracingSpecularReflection.ush" 2162
"../../../Engine/Shaders/Private/PathTracing/Material/PathTracingSpecularTransmission.ush" 2163
"../../../Engine/Shaders/Private/PathTracing/Material/PathTracingSolidGlass.ush" 2164
"../../../Engine/Shaders/Private/PathTracing/Material/PathTracingEnergyConservation.ush" 2165
"../../../Engine/Shaders/Private/PathTracing/Material/PathTracingThinGlass.ush" 2166
"../../../Engine/Shaders/Private/PathTracing/Material/PathTracingDefaultLit.ush" 2167
"../../../Engine/Shaders/Private/PathTracing/Material/PathTracingClearCoat.ush" 2168
"../../../Engine/Shaders/Private/PathTracing/Material/PathTracingTwoSidedFoliage.ush" 2169
"../../../Engine/Shaders/Private/PathTracing/Material/PathTracingCloth.ush" 2170
"../../../Engine/Shaders/Private/PathTracing/Material/PathTracingSubsurfaceProfile.ush" 2171
"../../../Engine/Shaders/Private/PathTracing/Material/PathTracingEye.ush" 2172
"../../../Engine/Shaders/Private/PathTracing/Material/PathTracingHair.ush" 2173
"../../../Engine/Shaders/Private/PathTracing/Material/PathTracingMedium.ush" 2174
"../../../Engine/Shaders/Private/RayTracing/RayTracingCreateGatherPointsRGS.usf" 2175
"../../../Engine/Shaders/Private/RayTracing/RayTracingGlobalIlluminationRGS.usf" 2176
"../../../Engine/Shaders/Private/RayTracing/RayTracingDynamicMesh.usf" 2177
"../../../Engine/Shaders/Private/RayTracing/RayTracingDeferredReflections.usf" 2178
"../../../Engine/Shaders/Private/RayTracing/RayTracingDeferredMaterials.ush" 2179
"../../../Engine/Shaders/Shared/ThirdParty/AMD/ags_shader_intrinsics_dx12.h" 2180
"../../../Engine/Shaders/Private/RayTracing/RayTracingDeferredReflections.ush" 2181
"../../../Engine/Shaders/Private/RayTracing/RayTracingReflectionResolve.usf" 2182
"../../../Engine/Shaders/Private/RayTracing/RayTracingReflectionsGenerateRaysCS.usf" 2183
"../../../Engine/Shaders/Private/RayTracing/MaterialSort.usf" 2184
"../../../Engine/Shaders/Private/RayTracing/RayTracingDeferredMaterials.usf" 2185
"../../../Engine/Shaders/Private/RayTracing/RayTracingDecalMaterialShader.usf" 2186
"../../../Engine/Shaders/Private/RayTracing/RayTracingBuildDecalGrid.usf" 2187
"../../../Engine/Shaders/Private/RayTracing/RayTracingDebug.usf" 2188
"../../../Engine/Shaders/Shared/RayTracingDebugDefinitions.h" 2189
"../../../Engine/Shaders/Shared/RayTracingDebugTypes.h" 2190
"../../../Engine/Shaders/Private/RayTracing/RayTracingDebugTraversal.usf" 2191
"../../../Engine/Shaders/Private/Nanite/NaniteRayTrace.ush" 2192
"../../../Engine/Shaders/Shared/ThirdParty/RayTriangleIntersection.h" 2193
"../../../Engine/Shaders/Private/RayTracing/TraceRayInline.ush" 2194
"../../../Engine/Shaders/Private/RayTracing/TraceRayInlineVulkan.ush" 2195
"../../../Engine/Shaders/Private/RayTracing/RayTracingBarycentrics.usf" 2196
"../../../Engine/Shaders/Private/RayTracing/RayTracingAmbientOcclusionRGS.usf" 2197
"../../../Engine/Shaders/Private/VisualizeShadingModels.usf" 2198
"../../../Engine/Shaders/Private/MotionBlur/VisualizeMotionVectors.usf" 2199
"../../../Engine/Shaders/Private/TemporalSuperResolution/TSRDebugHistory.usf" 2200
"../../../Engine/Shaders/Private/TemporalSuperResolution/TSRCommon.ush" 2201
"../../../Engine/Shaders/Public/DualPixelVectorization.ush" 2202
"../../../Engine/Shaders/Private/TemporalSuperResolution/TSRResolveHistory.usf" 2203
"../../../Engine/Shaders/Private/TemporalSuperResolution/TSRUpdateHistory.usf" 2204
"../../../Engine/Shaders/Private/TemporalSuperResolution/TSRFilterAntiAliasing.usf" 2205
"../../../Engine/Shaders/Private/TemporalSuperResolution/TSRSpatialAntiAliasing.usf" 2206
"../../../Engine/Shaders/Private/TemporalSuperResolution/TSRRejectShading.usf" 2207
"../../../Engine/Shaders/Public/LaneVectorization.ush" 2208
"../../../Engine/Shaders/Private/TemporalSuperResolution/TSRCompareTranslucency.usf" 2209
"../../../Engine/Shaders/Private/TemporalSuperResolution/TSRDecimateHistory.usf" 2210
"../../../Engine/Shaders/Private/TemporalSuperResolution/TSRDilateVelocity.usf" 2211
"../../../Engine/Shaders/Private/MotionBlur/MotionBlurVelocityFlatten.ush" 2212
"../../../Engine/Shaders/Private/MotionBlur/MotionBlurCommon.ush" 2213
"../../../Engine/Shaders/Private/TemporalSuperResolution/TSRClearPrevTextures.usf" 2214
"../../../Engine/Shaders/Private/TemporalSuperResolution/TSRComputeMoireLuma.usf" 2215
"../../../Engine/Shaders/Private/TemporalAA.usf" 2216
"../../../Engine/Shaders/Private/FilterPixelShader.usf" 2217
"../../../Engine/Shaders/Private/FilterVertexShader.usf" 2218
"../../../Engine/Shaders/Private/PostProcessVisualizeBuffer.usf" 2219
"../../../Engine/Shaders/Private/PostProcessVisualizeLocalExposure.usf" 2220
"../../../Engine/Shaders/Private/PostProcessHistogramCommon.ush" 2221
"../../../Engine/Shaders/Private/PostProcessVisualizeLevelInstance.usf" 2222
"../../../Engine/Shaders/Private/PostProcessVisualizeHDR.usf" 2223
"../../../Engine/Shaders/Private/ShaderComplexityApplyPixelShader.usf" 2224
"../../../Engine/Shaders/Private/QuadOverdraw.ush" 2225
"../../../Engine/Shaders/Private/PostProcessUpscale.usf" 2226
"../../../Engine/Shaders/Private/PostProcessTonemap.usf" 2227
"../../../Engine/Shaders/Private/PostProcessing/FilmGrainPackConstants.usf" 2228
"../../../Engine/Shaders/Private/PostProcessing/FilmGrainReduce.usf" 2229
"../../../Engine/Shaders/Private/PostProcessTestImage.usf" 2230
"../../../Engine/Shaders/Private/PostProcessSubsurface.usf" 2231
"../../../Engine/Shaders/Private/SeparableSSS.ush" 2232
"../../../Engine/Shaders/Private/SubsurfaceBurleyNormalized.ush" 2233
"../../../Engine/Shaders/Private/PostProcessSelectionOutline.usf" 2234
"../../../Engine/Shaders/Private/PostProcessPixelProjectedReflectionMobile.usf" 2235
"../../../Engine/Shaders/Private/MotionBlur/MotionBlurVisualize.usf" 2236
"../../../Engine/Shaders/Private/MotionBlur/MotionBlurApply.usf" 2237
"../../../Engine/Shaders/Private/MotionBlur/MotionBlurFilterTileClassify.usf" 2238
"../../../Engine/Shaders/Private/MotionBlur/MotionBlurTileScatter.usf" 2239
"../../../Engine/Shaders/Private/MotionBlur/MotionBlurTileGather.usf" 2240
"../../../Engine/Shaders/Private/MotionBlur/MotionBlurVelocityFlatten.usf" 2241
"../../../Engine/Shaders/Private/PostProcessMobile.usf" 2242
"../../../Engine/Shaders/Private/PostProcessMitchellNetravali.usf" 2243
"../../../Engine/Shaders/Private/PostProcessMaterialShaders.usf" 2244
"../../../Engine/Shaders/Private/PostProcessLocalExposure.usf" 2245
"../../../Engine/Shaders/Private/PostProcessLensFlares.usf" 2246
"../../../Engine/Shaders/Private/PostProcessHMD.usf" 2247
"../../../Engine/Shaders/Private/Histogram.usf" 2248
"../../../Engine/Shaders/Private/PostProcessHistogramReduce.usf" 2249
"../../../Engine/Shaders/Private/PostProcessHistogram.usf" 2250
"../../../Engine/Shaders/Private/PostProcessGBufferHints.usf" 2251
"../../../Engine/Shaders/Private/Bloom/BloomFinalizeApplyConstants.usf" 2252
"../../../Engine/Shaders/Private/Bloom/BloomCommon.ush" 2253
"../../../Engine/Shaders/Private/Bloom/BloomResizeKernel.usf" 2254
"../../../Engine/Shaders/Private/Bloom/BloomClampKernel.usf" 2255
"../../../Engine/Shaders/Private/Bloom/BloomPackKernelConstants.usf" 2256
"../../../Engine/Shaders/Private/Bloom/BloomSumScatterDispersionEnergy.usf" 2257
"../../../Engine/Shaders/Private/Bloom/BloomReduceKernelSurvey.usf" 2258
"../../../Engine/Shaders/Private/Bloom/BloomSurveyKernelCenterEnergy.usf" 2259
"../../../Engine/Shaders/Private/Bloom/BloomSurveyMaxScatterDispersion.usf" 2260
"../../../Engine/Shaders/Private/Bloom/BloomFindKernelCenter.usf" 2261
"../../../Engine/Shaders/Private/PostProcessEyeAdaptation.usf" 2262
"../../../Engine/Shaders/Private/PostProcessDownsample.usf" 2263
"../../../Engine/Shaders/Private/PostProcessDOF.usf" 2264
"../../../Engine/Shaders/Private/PostProcessDeviceEncodingOnly.usf" 2265
"../../../Engine/Shaders/Private/PostProcessCompositeEditorPrimitives.usf" 2266
"../../../Engine/Shaders/Private/PostProcessCombineLUTs.usf" 2267
"../../../Engine/Shaders/Private/PostProcessVisualizeDOF.usf" 2268
"../../../Engine/Shaders/Private/PostProcessBloom.usf" 2269
"../../../Engine/Shaders/Private/PostProcessAmbientOcclusionMobile.usf" 2270
"../../../Engine/Shaders/Private/PostProcessAmbientOcclusionCommon.ush" 2271
"../../../Engine/Shaders/Private/FXAAShader.usf" 2272
"../../../Engine/Shaders/Private/Fxaa3_11.ush" 2273
"../../../Engine/Shaders/Private/DiaphragmDOF/DOFRecombine.usf" 2274
"../../../Engine/Shaders/Private/DiaphragmDOF/DOFCommon.ush" 2275
"../../../Engine/Shaders/Private/DiaphragmDOF/DOFHybridScatterPixelShader.usf" 2276
"../../../Engine/Shaders/Private/DiaphragmDOF/DOFHybridScatterCommon.ush" 2277
"../../../Engine/Shaders/Private/DiaphragmDOF/DOFHybridScatterVertexShader.usf" 2278
"../../../Engine/Shaders/Private/DiaphragmDOF/DOFPostfiltering.usf" 2279
"../../../Engine/Shaders/Private/DiaphragmDOF/DOFGatherTileSuggest.ush" 2280
"../../../Engine/Shaders/Private/DiaphragmDOF/DOFCocTileCommon.ush" 2281
"../../../Engine/Shaders/Private/DiaphragmDOF/DOFGatherPass.usf" 2282
"../../../Engine/Shaders/Private/DiaphragmDOF/DOFGatherCommon.ush" 2283
"../../../Engine/Shaders/Private/DiaphragmDOF/DOFGatherAccumulator.ush" 2284
"../../../Engine/Shaders/Private/DiaphragmDOF/DOFGatherKernel.ush" 2285
"../../../Engine/Shaders/Private/DiaphragmDOF/DOFBokehLUT.usf" 2286
"../../../Engine/Shaders/Private/DiaphragmDOF/DOFHybridScatterCompilation.usf" 2287
"../../../Engine/Shaders/Private/DiaphragmDOF/DOFReduce.usf" 2288
"../../../Engine/Shaders/Private/DiaphragmDOF/DOFDownsample.ush" 2289
"../../../Engine/Shaders/Private/DiaphragmDOF/DOFHybridScatterCompilation.ush" 2290
"../../../Engine/Shaders/Private/DiaphragmDOF/DOFDownsample.usf" 2291
"../../../Engine/Shaders/Private/DiaphragmDOF/DOFCocTileDilate.usf" 2292
"../../../Engine/Shaders/Private/DiaphragmDOF/DOFCocTileFlatten.usf" 2293
"../../../Engine/Shaders/Private/DiaphragmDOF/DOFSetup.usf" 2294
"../../../Engine/Shaders/Private/PlanarReflectionShaders.usf" 2295
"../../../Engine/Shaders/Private/PlanarReflectionShared.ush" 2296
"../../../Engine/Shaders/Private/PhysicsFieldVisualizer.usf" 2297
"../../../Engine/Shaders/Private/PathTracing/PathTracingSpatialTemporalDenoising.usf" 2298
"../../../Engine/Shaders/Private/ColorDifference.ush" 2299
"../../../Engine/Shaders/Private/PathTracing/PathTracingCompositingPixelShader.usf" 2300
"../../../Engine/Shaders/Private/PathTracing/PathTracingMaterialHitShader.usf" 2301
"../../../Engine/Shaders/Private/PathTracing/PathTracingLightingMissShader.usf" 2302
"../../../Engine/Shaders/Private/PathTracing/PathTracingMissShader.usf" 2303
"../../../Engine/Shaders/Private/PathTracing/PathTracingBuildAtmosphereLUT.usf" 2304
"../../../Engine/Shaders/Private/PathTracing/Volume/PathTracingAtmosphereCommon.ush" 2305
"../../../Engine/Shaders/Private/PathTracing/PathTracingSwizzleScanlines.usf" 2306
"../../../Engine/Shaders/Private/PathTracing/PathTracingIESAtlas.usf" 2307
"../../../Engine/Shaders/Private/PathTracing/PathTracingInitExtinctionCoefficient.usf" 2308
"../../../Engine/Shaders/Private/PathTracing/PathTracing.usf" 2309
"../../../Engine/Shaders/Private/PathTracing/PathTracingCore.ush" 2310
"../../../Engine/Shaders/Private/RayTracing/RayTracingDecalGrid.ush" 2311
"../../../Engine/Shaders/Private/PathTracing/Utilities/PathTracingRIS.ush" 2312
"../../../Engine/Shaders/Private/PathTracing/Light/PathTracingLightGrid.ush" 2313
"../../../Engine/Shaders/Private/PathTracing/Volume/PathTracingVolume.ush" 2314
"../../../Engine/Shaders/Private/PathTracing/Volume/PathTracingVolumeCommon.ush" 2315
"../../../Engine/Shaders/Private/PathTracing/Volume/PathTracingAtmosphere.ush" 2316
"../../../Engine/Shaders/Private/DoubleWordMath.ush" 2317
"../../../Engine/Shaders/Private/PathTracing/Volume/PathTracingFog.ush" 2318
"../../../Engine/Shaders/Private/PathTracing/Volume/PathTracingVolumeSampling.ush" 2319
"../../../Engine/Shaders/Private/PathTracing/PathTracingBuildLightGrid.usf" 2320
"../../../Engine/Shaders/Private/PathTracing/PathTracingSkylightMISCompensation.usf" 2321
"../../../Engine/Shaders/Private/PathTracing/PathTracingSkylightPrepare.usf" 2322
"../../../Engine/Shaders/Private/OIT/OITSorting.usf" 2323
"../../../Engine/Shaders/Private/OITCombine.usf" 2324
"../../../Engine/Shaders/Private/OITCommon.ush" 2325
"../../../Engine/Shaders/Private/HTileVisualize.usf" 2326
"../../../Engine/Shaders/Private/HTileEncoding.ush" 2327
"../../../Engine/Shaders/Private/Nanite/NaniteDebugViews.usf" 2328
"../../../Engine/Shaders/Private/Nanite/NaniteMaterialComplexity.usf" 2329
"../../../Engine/Shaders/Private/Nanite/NaniteVisualize.usf" 2330
"../../../Engine/Shaders/Private/Nanite/NaniteStreamOut.usf" 2331
"../../../Engine/Shaders/Private/Nanite/NaniteMaterialCulling.usf" 2332
"../../../Engine/Shaders/Private/Nanite/NaniteDepthExport.usf" 2333
"../../../Engine/Shaders/Private/Nanite/NaniteExportGBuffer.usf" 2334
"../../../Engine/Shaders/Private/Nanite/NaniteRasterizer.usf" 2335
"../../../Engine/Shaders/Private/Nanite/NaniteWritePixel.ush" 2336
"../../../Engine/Shaders/Private/WorkDistribution.ush" 2337
"../../../Engine/Shaders/Private/Nanite/NaniteRasterBinning.usf" 2338
"../../../Engine/Shaders/Private/Nanite/NaniteInstanceCulling.usf" 2339
"../../../Engine/Shaders/Private/Nanite/NaniteImposter.ush" 2340
"../../../Engine/Shaders/Private/Nanite/NanitePrimitiveFilter.usf" 2341
"../../../Engine/Shaders/Private/Nanite/NanitePrintStats.usf" 2342
"../../../Engine/Shaders/Private/Nanite/NaniteEmitShadow.usf" 2343
"../../../Engine/Shaders/Private/MobileDeferredUtils.usf" 2344
"../../../Engine/Shaders/Private/MobileFog.usf" 2345
"../../../Engine/Shaders/Private/DistortApplyScreenPS.usf" 2346
"../../../Engine/Shaders/Private/MobileDeferredShading.usf" 2347
"../../../Engine/Shaders/Private/MobileLightingCommon.ush" 2348
"../../../Engine/Shaders/Private/MobileBasePassPixelShader.usf" 2349
"../../../Engine/Shaders/Private/MobileBasePassCommon.ush" 2350
"../../../Engine/Shaders/Private/BasePassCommon.ush" 2351
"../../../Engine/Shaders/Private/ShadingModelsMaterial.ush" 2352
"../../../Engine/Shaders/Private/SingleLayerWaterShading.ush" 2353
"../../../Engine/Shaders/Private/DistortionCommon.ush" 2354
"../../../Engine/Shaders/Private/MobileBasePassVertexShader.usf" 2355
"../../../Engine/Shaders/Private/Lumen/LumenVisualizeRadianceCache.usf" 2356
"../../../Engine/Shaders/Private/Lumen/LumenRadianceCacheCommon.ush" 2357
"../../../Engine/Shaders/Private/Lumen/LumenVisualizeHardwareRayTracing.usf" 2358
"../../../Engine/Shaders/Private/Lumen/LumenCardCommon.ush" 2359
"../../../Engine/Shaders/Private/Lumen/LumenTracingCommon.ush" 2360
"../../../Engine/Shaders/Private/DistanceField/GlobalDistanceFieldUtils.ush" 2361
"../../../Engine/Shaders/Private/DistanceField/GlobalDistanceFieldObjectGrid.ush" 2362
"../../../Engine/Shaders/Private/DistanceFieldLightingShared.ush" 2363
"../../../Engine/Shaders/Private/Lumen/SurfaceCache/LumenSurfaceCacheSampling.ush" 2364
"../../../Engine/Shaders/Private/Lumen/SurfaceCache/LumenSurfaceCache.ush" 2365
"../../../Engine/Shaders/Private/Lumen/LumenVisualize.ush" 2366
"../../../Engine/Shaders/Private/Lumen/LumenHardwareRayTracingCommon.ush" 2367
"../../../Engine/Shaders/Private/Lumen/LumenHardwareRayTracingPipelineCommon.ush" 2368
"../../../Engine/Shaders/Private/Lumen/LumenHardwareRayTracingPlatformCommon.ush" 2369
"../../../Engine/Shaders/Private/Lumen/LumenVisualize.usf" 2370
"../../../Engine/Shaders/Private/Lumen/LumenVisualizeTraces.ush" 2371
"../../../Engine/Shaders/Private/Lumen/LumenTranslucencyVolumeLighting.usf" 2372
"../../../Engine/Shaders/Private/Lumen/LumenRadianceCacheMarkCommon.ush" 2373
"../../../Engine/Shaders/Private/Lumen/LumenTranslucencyVolumeLightingShared.ush" 2374
"../../../Engine/Shaders/Private/Lumen/LumenScreenProbeCommon.ush" 2375
"../../../Engine/Shaders/Private/BlueNoise.ush" 2376
"../../../Engine/Shaders/Private/Lumen/LumenTranslucencyVolumeHardwareRayTracing.usf" 2377
"../../../Engine/Shaders/Private/Lumen/LumenTranslucencyRadianceCacheMarkShaders.usf" 2378
"../../../Engine/Shaders/Private/Lumen/SurfaceCache/LumenSurfaceCacheFeedback.usf" 2379
"../../../Engine/Shaders/Private/Lumen/SurfaceCache/LumenSurfaceCache.usf" 2380
"../../../Engine/Shaders/Private/Lumen/LumenScreenSpaceBentNormal.usf" 2381
"../../../Engine/Shaders/Private/Lumen/LumenMaterial.ush" 2382
"../../../Engine/Shaders/Private/Lumen/LumenScreenTracing.ush" 2383
"../../../Engine/Shaders/Private/Lumen/LumenScreenProbeTracing.usf" 2384
"../../../Engine/Shaders/Private/Lumen/LumenScreenProbeTracingCommon.ush" 2385
"../../../Engine/Shaders/Private/Lumen/LumenHairTracing.ush" 2386
"../../../Engine/Shaders/Private/Lumen/LumenScreenProbeImportanceSampling.usf" 2387
"../../../Engine/Shaders/Private/Lumen/LumenScreenProbeImportanceSamplingShared.ush" 2388
"../../../Engine/Shaders/Private/Lumen/LumenScreenProbeHardwareRayTracing.usf" 2389
"../../../Engine/Shaders/Private/Lumen/LumenScreenProbeGather.usf" 2390
"../../../Engine/Shaders/Private/Lumen/LumenScreenSpaceBentNormal.ush" 2391
"../../../Engine/Shaders/Private/Lumen/LumenScreenProbeLightSampling.usf" 2392
"../../../Engine/Shaders/Private/Lumen/LumenScreenProbeFiltering.usf" 2393
"../../../Engine/Shaders/Private/Lumen/LumenSceneLighting.usf" 2394
"../../../Engine/Shaders/Private/Lumen/LumenCardTile.ush" 2395
"../../../Engine/Shaders/Private/Lumen/LumenSceneLighting.ush" 2396
"../../../Engine/Shaders/Private/Lumen/Radiosity/LumenRadiosity.ush" 2397
"../../../Engine/Shaders/Private/Lumen/LumenCardPixelShader.usf" 2398
"../../../Engine/Shaders/Private/Lumen/LumenCardVertexShader.usf" 2399
"../../../Engine/Shaders/Private/Lumen/LumenSceneLightingDebug.usf" 2400
"../../../Engine/Shaders/Private/Lumen/LumenSceneDirectLightingHardwareRayTracing.usf" 2401
"../../../Engine/Shaders/Private/Lumen/LumenReflectionCommon.ush" 2402
"../../../Engine/Shaders/Private/Lumen/LumenSceneDirectLighting.ush" 2403
"../../../Engine/Shaders/Private/Lumen/LumenSceneDirectLightingSoftwareRayTracing.usf" 2404
"../../../Engine/Shaders/Private/DistanceFieldShadowingShared.ush" 2405
"../../../Engine/Shaders/Private/Lumen/LumenSceneDirectLightingPerLightShadowCommon.ush" 2406
"../../../Engine/Shaders/Private/Lumen/LumenSceneDirectLightingShadowMask.usf" 2407
"../../../Engine/Shaders/Private/Lumen/LumenSceneDirectLighting.usf" 2408
"../../../Engine/Shaders/Private/Lumen/LumenSceneDirectLightingCulling.usf" 2409
"../../../Engine/Shaders/Private/Lumen/LumenReflectionTracing.usf" 2410
"../../../Engine/Shaders/Private/Lumen/LumenReflections.usf" 2411
"../../../Engine/Shaders/Private/Lumen/LumenReflectionHardwareRayTracing.usf" 2412
"../../../Engine/Shaders/Private/Lumen/Radiosity/LumenVisualizeRadiosityProbes.usf" 2413
"../../../Engine/Shaders/Private/Lumen/Radiosity/LumenRadiosity.usf" 2414
"../../../Engine/Shaders/Private/RayTracing/RayGenUtils.ush" 2415
"../../../Engine/Shaders/Private/Lumen/Radiosity/LumenRadiosityHardwareRayTracing.usf" 2416
"../../../Engine/Shaders/Private/Lumen/Radiosity/LumenRadiosityCulling.usf" 2417
"../../../Engine/Shaders/Private/Lumen/LumenRadianceCacheHardwareRayTracing.usf" 2418
"../../../Engine/Shaders/Private/Lumen/LumenRadianceCacheTracingCommon.ush" 2419
"../../../Engine/Shaders/Private/Lumen/LumenRadianceCache.usf" 2420
"../../../Engine/Shaders/Private/Lumen/LumenRadianceCacheUpdate.ush" 2421
"../../../Engine/Shaders/Private/Lumen/LumenRadianceCacheDebug.usf" 2422
"../../../Engine/Shaders/Private/Lumen/LumenRadianceCacheUpdate.usf" 2423
"../../../Engine/Shaders/Private/Lumen/LumenMeshSDFCulling.usf" 2424
"../../../Engine/Shaders/Private/HybridIndirectLighting.ush" 2425
"../../../Engine/Shaders/Private/MeshDistanceFieldCommon.ush" 2426
"../../../Engine/Shaders/Private/Lumen/LumenIrradianceFieldGather.usf" 2427
"../../../Engine/Shaders/Private/Lumen/LumenHardwareRayTracingMaterials.usf" 2428
"../../../Engine/Shaders/Private/Lumen/LumenHardwareRayTracingPipeline.usf" 2429
"../../../Engine/Shaders/Private/Lumen/LumenFrontLayerTranslucency.usf" 2430
"../../../Engine/Shaders/Private/LightShaftShader.usf" 2431
"../../../Engine/Shaders/Private/StationaryLightOverlapShaders.usf" 2432
"../../../Engine/Shaders/Private/DeferredLightPixelShaders.usf" 2433
"../../../Engine/Shaders/Private/HairStrands/HairStrandsVisibilityUtils.ush" 2434
"../../../Engine/Shaders/Private/DeferredLightVertexShaders.usf" 2435
"../../../Engine/Shaders/Private/LightMapDensityShader.usf" 2436
"../../../Engine/Shaders/Private/LightGridInjection.usf" 2437
"../../../Engine/Shaders/Private/LightFunctionPixelShader.usf" 2438
"../../../Engine/Shaders/Private/LightFunctionVertexShader.usf" 2439
"../../../Engine/Shaders/Private/InstanceCulling/BuildInstanceDrawCommands.usf" 2440
"../../../Engine/Shaders/Private/InstanceCulling/InstanceCompactionCommon.ush" 2441
"../../../Engine/Shaders/Private/InstanceCulling/CompactVisibleInstances.usf" 2442
"../../../Engine/Shaders/Private/ThreadGroupPrefixSum.ush" 2443
"../../../Engine/Shaders/Private/ReflectionEnvironmentPixelShader.usf" 2444
"../../../Engine/Shaders/Private/Strata/StrataEnvironmentLighting.ush" 2445
"../../../Engine/Shaders/Private/AmbientCubemapComposite.usf" 2446
"../../../Engine/Shaders/Private/DiffuseIndirectComposite.usf" 2447
"../../../Engine/Shaders/Private/HeterogeneousVolumes/HeterogeneousVolumesSparseVoxelPipeline.usf" 2448
"../../../Engine/Shaders/Private/HeterogeneousVolumes/HeterogeneousVolumesSparseVoxelUtils.ush" 2449
"../../../Engine/Shaders/Private/HeterogeneousVolumes/HeterogeneousVolumesSparseVoxelUniformBufferUtils.ush" 2450
"../../../Engine/Shaders/Private/HeterogeneousVolumes/HeterogeneousVolumesPreshadingPipeline.usf" 2451
"../../../Engine/Shaders/Private/HeterogeneousVolumes/HeterogeneousVolumesTracingUtils.ush" 2452
"../../../Engine/Shaders/Private/HeterogeneousVolumes/HeterogeneousVolumesLightingUtils.ush" 2453
"../../../Engine/Shaders/Private/HeterogeneousVolumes/HeterogeneousVolumesRayMarchingUtils.ush" 2454
"../../../Engine/Shaders/Private/HeterogeneousVolumes/HeterogeneousVolumesTransmittanceVolumeUtils.ush" 2455
"../../../Engine/Shaders/Private/HeterogeneousVolumes/HeterogeneousVolumesMaterialBakingPipeline.usf" 2456
"../../../Engine/Shaders/Private/HeterogeneousVolumes/HeterogeneousVolumesLiveShadingUtils.ush" 2457
"../../../Engine/Shaders/Private/HeterogeneousVolumes/HeterogeneousVolumesLiveShadingPipeline.usf" 2458
"../../../Engine/Shaders/Private/HeterogeneousVolumes/HeterogeneousVolumesHardwareRayTracing.usf" 2459
"../../../Engine/Shaders/Private/HeterogeneousVolumes/HeterogeneousVolumesComposite.usf" 2460
"../../../Engine/Shaders/Private/HdrCustomResolveShaders.usf" 2461
"../../../Engine/Shaders/Private/HairStrands/HairStrandsVoxelMip.usf" 2462
"../../../Engine/Shaders/Private/HairStrands/HairStrandsVoxelRasterCompute.usf" 2463
"../../../Engine/Shaders/Private/HairStrands/HairStrandsVoxelPageAllocation.usf" 2464
"../../../Engine/Shaders/Private/HairStrands/HairStrandsVoxelOpaque.usf" 2465
"../../../Engine/Shaders/Private/HairStrands/HairStrandsHitProxy.usf" 2466
"../../../Engine/Shaders/Private/HairStrands/HairStrandsVisibilityRasterComputeNaive.usf" 2467
"../../../Engine/Shaders/Private/HairStrands/HairStrandsVisibilityRasterHW.usf" 2468
"../../../Engine/Shaders/Private/HairStrands/HairStrandsVisibilityRasterCompute.usf" 2469
"../../../Engine/Shaders/Private/HairStrands/HairStrandsVisibilityRasterClassification.usf" 2470
"../../../Engine/Shaders/Private/HairStrands/HairStrandsCoverage.usf" 2471
"../../../Engine/Shaders/Private/HairStrands/HairStrandsVisibilityDepthPS.usf" 2472
"../../../Engine/Shaders/Private/HairStrands/HairStrandsVisibilityTransmittanceDepthPS.usf" 2473
"../../../Engine/Shaders/Private/HairStrands/HairStrandsVisibilityFillOpaqueDepthPS.usf" 2474
"../../../Engine/Shaders/Private/HairStrands/HairStrandsVisibilityCompactionComputeRaster.usf" 2475
"../../../Engine/Shaders/Private/HairStrands/HairStrandsVisibilityCompaction.usf" 2476
"../../../Engine/Shaders/Private/HairStrands/HairStrandsVisibilityCopyIndirectArg.usf" 2477
"../../../Engine/Shaders/Private/HairStrands/HairStrandsVisibilityClearPS.usf" 2478
"../../../Engine/Shaders/Private/HairStrands/HairStrandsVisibilityPS.usf" 2479
"../../../Engine/Shaders/Private/HairStrands/HairStrandsVisibilityVS.usf" 2480
"../../../Engine/Shaders/Private/HairStrands/HairStrandsVelocity.usf" 2481
"../../../Engine/Shaders/Private/HairStrands/HairStrandsVisibilityComputeSampleCoverage.usf" 2482
"../../../Engine/Shaders/Private/HairStrands/HairStrandsMaterialPS.usf" 2483
"../../../Engine/Shaders/Private/HairStrands/HairStrandsMaterialCommon.ush" 2484
"../../../Engine/Shaders/Private/HairStrands/HairStrandsMaterialVS.usf" 2485
"../../../Engine/Shaders/Private/HairStrands/HairStrandsLightSample.usf" 2486
"../../../Engine/Shaders/Private/HairStrands/HairStrandsDeepShadowMask.usf" 2487
"../../../Engine/Shaders/Private/HairStrands/HairStrandsDeepTransmittanceMask.usf" 2488
"../../../Engine/Shaders/Private/HairStrands/HairStrandsVisibilityTile.usf" 2489
"../../../Engine/Shaders/Private/HairStrands/HairStrandsDeepShadowPS.usf" 2490
"../../../Engine/Shaders/Private/HairStrands/HairStrandsDeepShadowVS.usf" 2491
"../../../Engine/Shaders/Private/HairStrands/HairStrandsLUT.usf" 2492
"../../../Engine/Shaders/Private/HairStrands/HairStrandsEnvironmentLighting.usf" 2493
"../../../Engine/Shaders/Private/HairStrands/HairStrandsEnvironmentAO.usf" 2494
"../../../Engine/Shaders/Private/HairStrands/HairStrandsDeepShadowAllocation.usf" 2495
"../../../Engine/Shaders/Private/HairStrands/HairStrandsVoxelDepthInjection.usf" 2496
"../../../Engine/Shaders/Private/HairStrands/HairStrandsVoxelPageRayMarching.usf" 2497
"../../../Engine/Shaders/Private/HairStrands/HairStrandsGBufferWrite.usf" 2498
"../../../Engine/Shaders/Private/HairStrands/HairStrandsGBufferCommon.ush" 2499
"../../../Engine/Shaders/Private/HairStrands/HairStrandsVisibilityComposeSubPixelPS.usf" 2500
"../../../Engine/Shaders/Private/HairStrands/HairStrandsAABB.usf" 2501
"../../../Engine/Shaders/Private/GPUScene/GPUSceneDataManagement.usf" 2502
"../../../Engine/Shaders/Private/GPUSceneDebugRender.usf" 2503
"../../../Engine/Shaders/Private/GPUFastFourierTransform.usf" 2504
"../../../Engine/Shaders/Private/GPUFastFourierTransform2DCore.ush" 2505
"../../../Engine/Shaders/Private/GPUFastFourierTransformCore.ush" 2506
"../../../Engine/Shaders/Private/GPUBenchmark.usf" 2507
"../../../Engine/Shaders/Private/DistanceField/GlobalDistanceFieldDebug.usf" 2508
"../../../Engine/Shaders/Private/DistanceField/GlobalDistanceFieldMip.usf" 2509
"../../../Engine/Shaders/Private/DistanceField/GlobalDistanceField.usf" 2510
"../../../Engine/Shaders/Private/DistanceField/GlobalDistanceFieldUpdate.ush" 2511
"../../../Engine/Shaders/Private/DistanceField/GlobalDistanceFieldCompositeObjects.usf" 2512
"../../../Engine/Shaders/Private/DistanceField/GlobalDistanceFieldHeightfields.usf" 2513
"../../../Engine/Shaders/Private/HeightfieldLightingShared.ush" 2514
"../../../Engine/Shaders/Private/GenerateConservativeDepth.usf" 2515
"../../../Engine/Shaders/Private/HeightFogPixelShader.usf" 2516
"../../../Engine/Shaders/Private/HeightFogVertexShader.usf" 2517
"../../../Engine/Shaders/Private/DistortFiltering.usf" 2518
"../../../Engine/Shaders/Private/DistortAccumulatePS.usf" 2519
"../../../Engine/Shaders/Private/DistortAccumulateVS.usf" 2520
"../../../Engine/Shaders/Private/DistanceFieldVisualization.usf" 2521
"../../../Engine/Shaders/Private/DistanceFieldStreaming.usf" 2522
"../../../Engine/Shaders/Private/DistanceFieldShadowing.usf" 2523
"../../../Engine/Shaders/Private/DistanceFieldScreenGridLighting.usf" 2524
"../../../Engine/Shaders/Private/DistanceFieldObjectCulling.usf" 2525
"../../../Engine/Shaders/Private/DistanceFieldLightingPost.usf" 2526
"../../../Engine/Shaders/Private/DitheredTransitionStencil.usf" 2527
"../../../Engine/Shaders/Private/DepthOnlyPixelShader.usf" 2528
"../../../Engine/Shaders/Private/DepthOnlyVertexShader.usf" 2529
"../../../Engine/Shaders/Private/PositionOnlyDepthVertexShader.usf" 2530
"../../../Engine/Shaders/Private/DeferredDecal.usf" 2531
"../../../Engine/Shaders/Private/DecalCommon.ush" 2532
"../../../Engine/Shaders/Private/DebugViewModeVertexShader.usf" 2533
"../../../Engine/Shaders/Private/DebugViewModeCommon.ush" 2534
"../../../Engine/Shaders/Private/DebugViewModePixelShader.usf" 2535
"../../../Engine/Shaders/Private/DebugProbes.usf" 2536
"../../../Engine/Shaders/Private/MeshDecals.usf" 2537
"../../../Engine/Shaders/Private/PostProcessAmbientOcclusion.usf" 2538
"../../../Engine/Shaders/Private/ClusteredDeferredShadingPixelShader.usf" 2539
"../../../Engine/Shaders/Private/ClusteredDeferredShadingVertexShader.usf" 2540
"../../../Engine/Shaders/Private/CapsuleShadowShaders.usf" 2541
"../../../Engine/Shaders/Private/BasePassPixelShader.usf" 2542
"../../../Engine/Shaders/Private/ThinTranslucentCommon.ush" 2543
"../../../Engine/Shaders/Private/ForwardLightingCommon.ush" 2544
"../../../Engine/Shaders/Private/Strata/StrataForwardLighting.ush" 2545
"../../../Engine/Shaders/Private/ComputeShaderOutputCommon.ush" 2546
"../../../Engine/Shaders/Private/BasePassVertexShader.usf" 2547
"../../../Engine/Shaders/Private/BasePassVertexCommon.ush" 2548
"../../../Engine/Shaders/Private/AnisotropyPassShader.usf" 2549
"../../../Engine/Shaders/Private/SimpleElementVolumeTexturePreviewPixelShader.usf" 2550
"../../../Engine/Shaders/Private/SimpleElementTexture2DPreviewPixelShader.usf" 2551
"../../../Engine/Shaders/Private/meshpaintdilatepixelshader.usf" 2552
"../../../Engine/Shaders/Private/meshpaintdilatevertexshader.usf" 2553
"../../../Engine/Shaders/Private/MeshPaintPixelShader.usf" 2554
"../../../Engine/Shaders/Private/MeshPaintVertexShader.usf" 2555
"../../../Engine/Shaders/Private/Tools/VisualizeTexture.usf" 2556
"../../../Engine/Shaders/Private/ByteBuffer.usf" 2557
"../../../Engine/Shaders/Private/ResolveVertexShader.usf" 2558
"../../../Engine/Shaders/Private/ResolvePixelShader.usf" 2559
"../../../Engine/Shaders/Private/Tools/SetupIndirectArgs.usf" 2560
"../../../Engine/Shaders/Private/Tools/ClearUAV.usf" 2561
"../../../Engine/Shaders/Private/ClearReplacementShaders.usf" 2562
"../../../Engine/Shaders/Private/Tools/DrawTexture.usf" 2563
"../../../Engine/Shaders/Private/RayTracing/RayTracingValidation.usf" 2564
"../../../Engine/Shaders/Private/RenderGraphUtilities.usf" 2565
"../../../Engine/Shaders/Private/OneColorShader.usf" 2566
"../../../Engine/Shaders/Private/OculusShaders.usf" 2567
"../../../Engine/Shaders/Private/MediaShaders.usf" 2568
"../../../Engine/Shaders/Private/GPUMessaging.usf" 2569
"../../../Engine/Shaders/Private/NullPixelShader.usf" 2570
"../../../Engine/Shaders/Private/ComputeGenerateMips.usf" 2571
"../../../Engine/Shaders/Private/Tools/DumpTexture.usf" 2572
"../../../Engine/Shaders/Private/CopyTextureShaders.usf" 2573
"../../../Engine/Shaders/Private/Tools/FullscreenVertexShader.usf" 2574
"../../../Engine/Shaders/Private/RayTracing/RayTracingDispatchDesc.usf" 2575
"../../../Engine/Shaders/Private/RayTracing/RayTracingBuiltInShaders.usf" 2576
"../../../Engine/Shaders/Private/Bink.usf" 2577
"../../../../../../PG/TGS_TeamK/Intermediate/ShaderAutogen/PCD3D_SM5/AutogenShaderHeaders.ush" 2578
"C:/PG/TGS_TeamK/Content/Characters/Mannequins/Rigs/RTG_Mannequin.uasset" 2579
"C:/PG/TGS_TeamK/Content/Characters/Mannequins/Rigs/CR_Mannequin_BasicFootIK.uasset" 2580
"C:/PG/TGS_TeamK/Content/Characters/Mannequins/Rigs/CR_Mannequin_Body.uasset" 2581
"C:/PG/TGS_TeamK/Content/Characters/Mannequins/Rigs/CR_Mannequin_Procedural.uasset" 2582
"C:/PG/TGS_TeamK/Content/Characters/Mannequins/Rigs/IK_Mannequin.uasset" 2583
"C:/PG/TGS_TeamK/Content/Characters/Mannequin_UE4/Rigs/IK_UE4_Mannequin.uasset" 2584
"C:/PG/TGS_TeamK/Content/Characters/Mannequin_UE4/Rigs/RTG_UE4Manny_UE5Manny.uasset" 2585
"C:/PG/TGS_TeamK/Content/Characters/Mannequin_UE4/Rigs/RTG_UE5Manny_UE4Manny.uasset" 2586
"C:/PG/TGS_TeamK/Content/Free_Spells/Demo/Characters/Mannequins/Rigs/CR_Mannequin_Body.uasset" 2587
"C:/PG/TGS_TeamK/Content/Free_Spells/Demo/Characters/Mannequins/Rigs/CR_Mannequin_BasicFootIK.uasset" 2588
"C:/PG/TGS_TeamK/Content/Free_Spells/Demo/Characters/Mannequins/Rigs/CR_Mannequin_Procedural.uasset" 2589
"C:/PG/TGS_TeamK/Content/Free_Spells/Demo/Characters/Mannequins/Rigs/IK_Mannequin.uasset" 2590
"C:/PG/TGS_TeamK/Content/ThirdPerson/Maps/TestMap2.umap" 2591
"C:/PG/TGS_TeamK/Content/ThirdPerson/Maps/TitleMap_Sequence.uasset" 2592
"C:/PG/TGS_TeamK/Content/ThirdPerson/Maps/TestMap1.umap" 2593
"C:/PG/TGS_TeamK/Content/UI/WBP_Tutorial.uasset" 2594
"C:/PG/TGS_TeamK/Content/UI/WBP_Pause.uasset" 2595
"../../../Engine/Content/EditorResources/S_Actor.uasset" 2596
"C:/Users/kbc12306156/AppData/Local/UnrealEngine/Common/DerivedDataCache/Buckets/BulkDataList/86/46/70d9813c0760e5f50a9247d91dcb955e58be.udd" 2597
"../../../../../../PG/TGS_TeamK/Intermediate/ShaderAutogen/PCD3D_SM6/AutogenShaderHeaders.ush" 2598
"../../../../../../PG/TGS_TeamK/Intermediate/ShaderAutogen/PCD3D_ES3_1/AutogenShaderHeaders.ush" 2599
"../../../Engine/Content/EditorResources/S_BoxReflectionCapture.uasset" 2600
"C:/Users/kbc12306156/AppData/Local/UnrealEngine/Common/DerivedDataCache/Buckets/BulkDataList/ab/32/1b270f0a0e835a7a15c77282cade85318b6d.udd" 2601
"../../../Engine/Content/EngineResources/DefaultTexture.uasset" 2602
"C:/Users/kbc12306156/AppData/Local/UnrealEngine/Common/DerivedDataCache/Buckets/BulkDataList/72/34/091b9f837d638f867dce7945e41d43e671ca.udd" 2603
"../../../Engine/Content/EngineResources/DefaultTextureCube.uasset" 2604
"C:/Users/kbc12306156/AppData/Local/UnrealEngine/Common/DerivedDataCache/Buckets/BulkDataList/a0/42/6d076234f5e509a22600840d14f88373901e.udd" 2605
"../../../Engine/Content/EngineResources/DefaultVolumeTexture.uasset" 2606
"../../../Engine/Content/EngineResources/DefaultVolumeTexture2D.uasset" 2607
"C:/Users/kbc12306156/AppData/Local/UnrealEngine/Common/DerivedDataCache/Buckets/BulkDataList/73/98/3110651e16e41024b05bf9988a5efd700dd9.udd" 2608
"C:/Users/kbc12306156/AppData/Local/UnrealEngine/Common/DerivedDataCache/Buckets/BulkDataList/4a/e2/82788d362d357a14d92b59e4716e7f0dd15e.udd" 2609
"../../../Engine/Content/EngineFonts/RobotoDistanceField.uasset" 2610
"../../../Engine/Content/EngineMaterials/DefaultTextMaterialOpaque.uasset" 2611
"C:/Users/kbc12306156/AppData/Local/UnrealEngine/Common/DerivedDataCache/Buckets/BulkDataList/a7/fa/a4b04e5f783380410b548c7ae2dd4ec360fc.udd" 2612
"../../../Engine/Content/Functions/Engine_MaterialFunctions01/Shading/PowerToRoughness.uasset" 2613
"../../../Engine/Content/Functions/Engine_MaterialFunctions01/Shading/ConvertFromDiffSpec.uasset" 2614
"../../../Engine/Content/EngineMaterials/WorldGridMaterial.uasset" 2615
"../../../Engine/Content/Functions/Engine_MaterialFunctions01/Opacity/CameraDepthFade.uasset" 2616
"../../../Engine/Content/EngineMaterials/T_Default_Material_Grid_M.uasset" 2617
"../../../Engine/Content/EngineMaterials/T_Default_Material_Grid_N.uasset" 2618
"../../../Engine/Content/EngineMaterials/DefaultDeferredDecalMaterial.uasset" 2619
"../../../Engine/Content/EngineMaterials/DefaultDiffuse.uasset" 2620
"../../../Engine/Content/EngineMaterials/DefaultLightFunctionMaterial.uasset" 2621
"../../../Engine/Content/EngineMaterials/DefaultPostProcessMaterial.uasset" 2622
"../../../Engine/Content/Functions/Engine_MaterialFunctions02/Utility/BreakOutFloat2Components.uasset" 2623
"C:/Users/kbc12306156/AppData/Local/UnrealEngine/Common/DerivedDataCache/Buckets/BulkDataList/63/70/36f7d3fdf7e2b8205e0c2572c3cd260249aa.udd" 2624
"C:/Users/kbc12306156/AppData/Local/UnrealEngine/Common/DerivedDataCache/Buckets/BulkDataList/be/d0/5e76420666e8d9f1b1a2311ecfb721312175.udd" 2625
"C:/Users/kbc12306156/AppData/Local/UnrealEngine/Common/DerivedDataCache/Buckets/BulkDataList/92/b8/b693bae74b2e36f4e1adfb26ce509f18eb05.udd" 2626
"../../../Engine/Content/EditorResources/S_Trigger.uasset" 2627
"../../../Engine/Content/EditorResources/S_TriggerBox.uasset" 2628
"C:/Users/kbc12306156/AppData/Local/UnrealEngine/Common/DerivedDataCache/Buckets/BulkDataList/dc/b5/35b235fcb63c386c1b761c7fc9a81b3e0832.udd" 2629
"../../../Engine/Content/EditorResources/S_TriggerCapsule.uasset" 2630
"C:/Users/kbc12306156/AppData/Local/UnrealEngine/Common/DerivedDataCache/Buckets/BulkDataList/5f/ec/d6b6b1928ab8ceb8601eea86b1b519924e34.udd" 2631
"C:/Users/kbc12306156/AppData/Local/UnrealEngine/Common/DerivedDataCache/Buckets/BulkDataList/a7/25/47ac563522e1cf1cc4e03516ec9cc3d6ade7.udd" 2632
"../../../Engine/Content/EditorResources/S_TriggerSphere.uasset" 2633
"C:/Users/kbc12306156/AppData/Local/UnrealEngine/Common/DerivedDataCache/Buckets/BulkDataList/ce/0c/97592b11c566b70a6c242412ea60f6c685ce.udd" 2634
"../../../Engine/Content/EngineDamageTypes/DmgTypeBP_Environmental.uasset" 2635
"../../../Engine/Content/EngineSky/VolumetricClouds/m_SimpleVolumetricCloud_Inst.uasset" 2636
"../../../Engine/Content/EngineSky/VolumetricClouds/m_SimpleVolumetricCloud.uasset" 2637
"../../../Engine/Content/Functions/Engine_MaterialFunctions02/Utility/MakeFloat2.uasset" 2638
"../../../Engine/Content/EngineSky/VolumetricClouds/CloudGradientTexture.uasset" 2639
"../../../Engine/Content/EngineSky/VolumetricClouds/CloudWeatherTexture.uasset" 2640
"../../../Engine/Content/EngineSky/VolumetricClouds/T_VolumeNoiseErosion32.uasset" 2641
"../../../Engine/Content/EngineSky/VolumetricClouds/T_NoiseErosion.uasset" 2642
"../../../Engine/Content/EngineSky/VolumetricClouds/T_VolumeNoiseShape64.uasset" 2643
"../../../Engine/Content/EngineSky/VolumetricClouds/T_NoiseShape64.uasset" 2644
"C:/Users/kbc12306156/AppData/Local/UnrealEngine/Common/DerivedDataCache/Buckets/BulkDataList/90/66/9d2b16dfcc1f8fec1e59cb5c2ad014e16a1b.udd" 2645
"C:/Users/kbc12306156/AppData/Local/UnrealEngine/Common/DerivedDataCache/Buckets/BulkDataList/d1/bb/7ab51e711169010bd4d69aa8df38a7447db3.udd" 2646
"C:/Users/kbc12306156/AppData/Local/UnrealEngine/Common/DerivedDataCache/Buckets/BulkDataList/c4/2b/10096d77b66f7ea0f310be1cbe9d196846ec.udd" 2647
"C:/Users/kbc12306156/AppData/Local/UnrealEngine/Common/DerivedDataCache/Buckets/BulkDataList/d9/c5/ce11aa626aa7c6da1835fbc9369e195ce9fa.udd" 2648
"C:/Users/kbc12306156/AppData/Local/UnrealEngine/Common/DerivedDataCache/Buckets/BulkDataList/5b/ef/c57745c08d8d83e9cbabc913fa5eb790e06d.udd" 2649
"C:/Users/kbc12306156/AppData/Local/UnrealEngine/Common/DerivedDataCache/Buckets/BulkDataList/3b/22/60f7f11c5aaaa7f4a7d327242bc0edc1a9aa.udd" 2650
"../../../Engine/Content/EngineMeshes/Sphere.uasset" 2651
"C:/Users/kbc12306156/AppData/Local/UnrealEngine/Common/DerivedDataCache/Buckets/LegacyNavCollision/94/37/4c3f5535d8f986b34ca221a8b4758dc6b152.udd" 2652
"C:/Program Files/Epic Games/UE_5.1/Engine/Plugins/2D/Paper2D/Content/DummySprite.uasset" 2653
"C:/Program Files/Epic Games/UE_5.1/Engine/Plugins/2D/Paper2D/Content/Tutorial/Paper2D/TutorialAssets/TutorialSprite.uasset" 2654
"C:/Program Files/Epic Games/UE_5.1/Engine/Plugins/2D/Paper2D/Content/Tutorial/Paper2D/TutorialAssets/TutorialFlipBook.uasset" 2655
"C:/Program Files/Epic Games/UE_5.1/Engine/Plugins/Animation/ControlRig/Content/StandardFunctionLibrary/StandardFunctionLibrary.uasset" 2656
"C:/Program Files/Epic Games/UE_5.1/Engine/Plugins/Animation/ControlRigSpline/Content/SplineFunctionLibrary/SplineFunctionLibrary.uasset" 2657
"../../../Engine/Content/EngineResources/WhiteSquareTexture.uasset" 2658
"C:/Users/kbc12306156/AppData/Local/UnrealEngine/Common/DerivedDataCache/Buckets/BulkDataList/48/2b/217ed9edde141f455be1c96dd4e4e64e026a.udd" 2659
"../../../Engine/Content/EngineResources/GradientTexture0.uasset" 2660
"C:/Users/kbc12306156/AppData/Local/UnrealEngine/Common/DerivedDataCache/Buckets/BulkDataList/d7/d4/6a344d9ba8194fc78b50da3c2bf86baf7997.udd" 2661
"../../../Engine/Content/EngineResources/Black.uasset" 2662
"C:/Users/kbc12306156/AppData/Local/UnrealEngine/Common/DerivedDataCache/Buckets/BulkDataList/4c/46/b0a81e204476eac03edbe309e41fd650e9a5.udd" 2663
"../../../Engine/Content/EditorMaterials/WorldPartition/WorldPartitionSpatialHashGridPreviewMaterial.uasset" 2664
"../../../Engine/Content/Functions/Engine_MaterialFunctions02/Utility/BreakOutFloat3Components.uasset" 2665
"../../../Engine/Content/Functions/Engine_MaterialFunctions02/Utility/MakeFloat3.uasset" 2666
"../../../Engine/Content/Functions/Engine_MaterialFunctions02/Utility/MakeFloat4.uasset" 2667
"../../../Engine/Content/EngineMaterials/Widget3DPassThrough_Translucent.uasset" 2668
"../../../Engine/Content/EngineMaterials/Widget3DPassThrough.uasset" 2669
"../../../Engine/Content/EngineMaterials/Widget3DPassThrough_Translucent_OneSided.uasset" 2670
"../../../Engine/Content/EngineMaterials/Widget3DPassThrough_Opaque.uasset" 2671
"../../../Engine/Content/EngineMaterials/Widget3DPassThrough_Opaque_OneSided.uasset" 2672
"../../../Engine/Content/EngineMaterials/Widget3DPassThrough_Masked.uasset" 2673
"../../../Engine/Content/EngineMaterials/Widget3DPassThrough_Masked_OneSided.uasset" 2674
"../../../Engine/Content/VREditor/TransformGizmo/PlaneTranslationHandle.uasset" 2675
"../../../Engine/Content/VREditor/TransformGizmo/TransformGizmoMaterial.uasset" 2676
"../../../Engine/Content/VREditor/LaserPointer/VR_LaserPower_01.uasset" 2677
"../../../Engine/Content/VREditor/TransformGizmo/TranslucentTransformGizmoMaterial.uasset" 2678
"C:/Users/kbc12306156/AppData/Local/UnrealEngine/Common/DerivedDataCache/Buckets/BulkDataList/cd/18/dcf0b4818170735adde2129e67d2adbc4fe9.udd" 2679
"../../../Engine/Content/VREditor/TransformGizmo/BoundingBoxCorner.uasset" 2680
"../../../Engine/Content/VREditor/TransformGizmo/BoundingBoxEdge.uasset" 2681
"../../../Engine/Content/VREditor/TransformGizmo/SM_Sequencer_Node.uasset" 2682
"../../../Engine/Content/VREditor/TransformGizmo/Main.uasset" 2683
"../../../Engine/Content/VREditor/TransformGizmo/Xray.uasset" 2684
"../../../Engine/Content/EditorMeshes/Camera/SM_CraneRig_Base.uasset" 2685
"../../../Engine/Content/EditorMaterials/Camera/MI_CineMat_Rig.uasset" 2686
"../../../Engine/Content/EditorMaterials/Camera/CineMat.uasset" 2687
"../../../Engine/Content/EditorMeshes/Camera/SM_CraneRig_Arm.uasset" 2688
"../../../Engine/Content/EditorMeshes/Camera/SM_CraneRig_Mount.uasset" 2689
"../../../Engine/Content/EditorMeshes/Camera/SM_CraneRig_Body.uasset" 2690
"../../../Engine/Content/EditorMeshes/Camera/SM_RailRig_Track.uasset" 2691
"../../../Engine/Content/EditorMeshes/Camera/SM_RailRig_Mount.uasset" 2692
"../../../Engine/Content/ArtTools/RenderToTexture/Meshes/S_1_Unit_Plane.uasset" 2693
"../../../Engine/Content/EngineDebugMaterials/M_SimpleUnlitTranslucent.uasset" 2694
"../../../Engine/Content/EngineFonts/Roboto.uasset" 2695
"../../../Engine/Content/EngineFonts/Faces/DroidSansFallback.uasset" 2696
"../../../Engine/Content/EngineFonts/Faces/RobotoBold.uasset" 2697
"../../../Engine/Content/EngineFonts/Faces/RobotoBoldItalic.uasset" 2698
"../../../Engine/Content/EngineFonts/Faces/RobotoItalic.uasset" 2699
"../../../Engine/Content/EngineFonts/Faces/RobotoLight.uasset" 2700
"../../../Engine/Content/EngineFonts/Faces/RobotoRegular.uasset" 2701
"../../../Engine/Content/EditorMaterials/ParticleSystems/PSysThumbnail_NoImage.uasset" 2702
"C:/Users/kbc12306156/AppData/Local/UnrealEngine/Common/DerivedDataCache/Buckets/BulkDataList/48/da/3b68d9ab139c0584055594670829b7bdd3e6.udd" 2703
"../../../Engine/Content/EditorMaterials/ParticleSystems/PSysThumbnail_OOD.uasset" 2704
"C:/Users/kbc12306156/AppData/Local/UnrealEngine/Common/DerivedDataCache/Buckets/BulkDataList/3c/46/9831f8337da5f7a04a5b6ce28182b834fbe9.udd" 2705
"../../../Engine/Content/EditorLandscapeResources/SplineEditorMesh.uasset" 2706
"../../../Engine/Content/EditorLandscapeResources/SplineEditorMeshMat.uasset" 2707
"../../../Engine/Content/EditorLandscapeResources/DataLayer.uasset" 2708
"../../Plugins/Runtime/HairStrands/Content/Materials/HairDebugMaterial.uasset" 2709
"../../../Engine/Content/EngineMaterials/HairColorMap.uasset" 2710
"../../../Engine/Content/EngineMaterials/HairDebugColor.uasset" 2711
"../../Plugins/Runtime/HairStrands/Content/Materials/HairGroupColors.uasset" 2712
"C:/Users/kbc12306156/AppData/Local/UnrealEngine/Common/DerivedDataCache/Buckets/BulkDataList/67/04/6a51c2c988a4706203a3f9be4f2657e1346b.udd" 2713
"C:/Users/kbc12306156/AppData/Local/UnrealEngine/Common/DerivedDataCache/Buckets/BulkDataList/b0/43/65342529ebda70f8c4b5ff5dcb3297d1081b.udd" 2714
"C:/Users/kbc12306156/AppData/Local/UnrealEngine/Common/DerivedDataCache/Buckets/BulkDataList/81/be/110bdc7cf50b005466ec56156bf2321f2c6f.udd" 2715
"../../Plugins/Runtime/HairStrands/Content/Materials/HairDefaultMaterial.uasset" 2716
"../../Plugins/Runtime/HairStrands/Content/Materials/HairCardsDefaultMaterial.uasset" 2717
"../../Plugins/Runtime/HairStrands/Content/Materials/HairMeshesDefaultMaterial.uasset" 2718
"../../../Engine/Content/EditorResources/S_Solver.uasset" 2719
"C:/Users/kbc12306156/AppData/Local/UnrealEngine/Common/DerivedDataCache/Buckets/BulkDataList/8a/d0/59bbb12c0d10cfbedf8d2b255960299ca7fe.udd" 2720
"../../../Engine/Content/EngineDebugMaterials/VolumeToRender.uasset" 2721
"../../../Engine/Content/EngineDebugMaterials/M_VolumeRenderSphereTracePP.uasset" 2722
"C:/Users/kbc12306156/AppData/Local/UnrealEngine/Common/DerivedDataCache/Buckets/BulkDataList/b5/80/3f5b8248c9b5276e3ab8a09ffb9b6a8a580f.udd" 2723
"../../../Engine/Content/Functions/Engine_MaterialFunctions02/Utility/CameraDirectionVector.uasset" 2724
"../../../Engine/Content/Internationalization/icudt64l/coll/ucadata.icu" 2725
"../../../Engine/Content/Internationalization/icudt64l/coll/ja.res" 2726
"../../../Engine/Content/Internationalization/icudt64l/coll/root.res" 2727
"../../../Engine/Content/Animation/DefaultAnimBoneCompressionSettings.uasset" 2728
"../../../Engine/Content/Animation/DefaultRecorderBoneCompression.uasset" 2729
"../../../Engine/Content/Animation/DefaultAnimCurveCompressionSettings.uasset" 2730
"../../Plugins/2D/Paper2D/Content/MaskedUnlitSpriteMaterial.uasset" 2731
"../../Plugins/2D/Paper2D/Content/DefaultSpriteMaterial.uasset" 2732
"../../Plugins/2D/Paper2D/Content/PlaceholderTextures/DummySpriteTexture.uasset" 2733
"C:/Users/kbc12306156/AppData/Local/UnrealEngine/Common/DerivedDataCache/Buckets/BulkDataList/61/d3/12fb99e893a895b28386dbb2fdb18f4d04b2.udd" 2734
"../../Plugins/2D/Paper2D/Content/OpaqueUnlitSpriteMaterial.uasset" 2735
"../../Plugins/2D/Paper2D/Content/DefaultPaperTerrainMaterial.uasset" 2736
"../../Plugins/2D/Paper2D/Content/DummySprite.uasset" 2737
"../../Plugins/Animation/ControlRig/Content/Controls/ControlRigXRayMaterial.uasset" 2738
"../../Plugins/Animation/ControlRig/Content/Controls/DefaultGizmoLibraryNormalized.uasset" 2739
"../../Plugins/Animation/ControlRig/Content/M_Manip.uasset" 2740
"../../../Engine/Content/Functions/Engine_MaterialFunctions02/WorldPositionOffset/CameraOffset.uasset" 2741
"C:/Program Files/Epic Games/UE_5.1/Engine/Binaries/ThirdParty/USD/UsdResources/Win64/plugins/plugInfo.json" 2742
"C:/Program Files/Epic Games/UE_5.1/Engine/Binaries/ThirdParty/USD/UsdResources/Win64/plugins/ar/resources/plugInfo.json" 2743
"C:/Program Files/Epic Games/UE_5.1/Engine/Binaries/ThirdParty/USD/UsdResources/Win64/plugins/usdGeom/resources/plugInfo.json" 2744
"C:/Program Files/Epic Games/UE_5.1/Engine/Binaries/ThirdParty/USD/UsdResources/Win64/plugins/usdAbc/resources/plugInfo.json" 2745
"C:/Program Files/Epic Games/UE_5.1/Engine/Binaries/ThirdParty/USD/UsdResources/Win64/plugins/ndr/resources/plugInfo.json" 2746
"C:/Program Files/Epic Games/UE_5.1/Engine/Binaries/ThirdParty/USD/UsdResources/Win64/plugins/usdMtlx/resources/plugInfo.json" 2747
"C:/Program Files/Epic Games/UE_5.1/Engine/Binaries/ThirdParty/USD/UsdResources/Win64/plugins/usdProc/resources/plugInfo.json" 2748
"C:/Program Files/Epic Games/UE_5.1/Engine/Binaries/ThirdParty/USD/UsdResources/Win64/plugins/usdLux/resources/plugInfo.json" 2749
"C:/Program Files/Epic Games/UE_5.1/Engine/Binaries/ThirdParty/USD/UsdResources/Win64/plugins/usdRi/resources/plugInfo.json" 2750
"C:/Program Files/Epic Games/UE_5.1/Engine/Binaries/ThirdParty/USD/UsdResources/Win64/plugins/usdUI/resources/plugInfo.json" 2751
"C:/Program Files/Epic Games/UE_5.1/Engine/Binaries/ThirdParty/USD/UsdResources/Win64/plugins/usdSkel/resources/plugInfo.json" 2752
"C:/Program Files/Epic Games/UE_5.1/Engine/Binaries/ThirdParty/USD/UsdResources/Win64/plugins/sdf/resources/plugInfo.json" 2753
"C:/Program Files/Epic Games/UE_5.1/Engine/Binaries/ThirdParty/USD/UsdResources/Win64/plugins/usdPhysics/resources/plugInfo.json" 2754
"C:/Program Files/Epic Games/UE_5.1/Engine/Binaries/ThirdParty/USD/UsdResources/Win64/plugins/usdVol/resources/plugInfo.json" 2755
"C:/Program Files/Epic Games/UE_5.1/Engine/Binaries/ThirdParty/USD/UsdResources/Win64/plugins/unreal/resources/plugInfo.json" 2756
"C:/Program Files/Epic Games/UE_5.1/Engine/Binaries/ThirdParty/USD/UsdResources/Win64/plugins/usdHydra/resources/plugInfo.json" 2757
"C:/Program Files/Epic Games/UE_5.1/Engine/Binaries/ThirdParty/USD/UsdResources/Win64/plugins/usd/resources/plugInfo.json" 2758
"C:/Program Files/Epic Games/UE_5.1/Engine/Binaries/ThirdParty/USD/UsdResources/Win64/plugins/usdMedia/resources/plugInfo.json" 2759
"C:/Program Files/Epic Games/UE_5.1/Engine/Binaries/ThirdParty/USD/UsdResources/Win64/plugins/usdShade/resources/plugInfo.json" 2760
"C:/Program Files/Epic Games/UE_5.1/Engine/Binaries/ThirdParty/USD/UsdResources/Win64/plugins/usdRender/resources/plugInfo.json" 2761
"C:/Program Files/Epic Games/UE_5.1/Engine/Binaries/ThirdParty/USD/UsdResources/Win64/plugins/usd/resources/codegenTemplates/plugInfo.json" 2762
"../../Plugins/Editor/SpeedTreeImporter/Content/SpeedTree9/SpeedTreeMaster.uasset" 2763
"../../../Engine/Content/Functions/Engine_MaterialFunctions02/ObjectLocalBounds.uasset" 2764
"../../../Engine/Content/Functions/Engine_MaterialFunctions02/SafeNormalize.uasset" 2765
"../../../Engine/Content/Functions/Engine_MaterialFunctions02/Utility/VectorLength.uasset" 2766
"../../../Engine/Content/Functions/Engine_MaterialFunctions02/UVs/BoundingBoxBased_0-1_UVW.uasset" 2767
"../../../Engine/Content/Functions/Engine_MaterialFunctions02/WorldPositionOffset/ObjectScale.uasset" 2768
"../../Plugins/Editor/SpeedTreeImporter/Content/SpeedTree9/SpeedTreeBranchMotion.uasset" 2769
"../../Plugins/Editor/SpeedTreeImporter/Content/SpeedTree9/SpeedTreeWindMotion.uasset" 2770
"../../Plugins/Editor/SpeedTreeImporter/Content/SpeedTree9/game_wind_noise.uasset" 2771
"../../Plugins/Editor/SpeedTreeImporter/Content/SpeedTree9/UnpackDirection.uasset" 2772
"../../Plugins/Editor/SpeedTreeImporter/Content/SpeedTree9/UnpackInteger3.uasset" 2773
"../../Plugins/Editor/SpeedTreeImporter/Content/SpeedTree9/SpeedTreeCameraFacing.uasset" 2774
"../../Plugins/Editor/SpeedTreeImporter/Content/SpeedTree9/SpeedTreeWind.uasset" 2775
"../../Plugins/Editor/SpeedTreeImporter/Content/SpeedTree9/Empty.uasset" 2776
"../../Plugins/Editor/SpeedTreeImporter/Content/SpeedTree9/EmptyNormal.uasset" 2777
"C:/Users/kbc12306156/AppData/Local/UnrealEngine/Common/DerivedDataCache/Buckets/BulkDataList/7d/ba/5a11d1708c43734541b67565aea8e70b9824.udd" 2778
"C:/Users/kbc12306156/AppData/Local/UnrealEngine/Common/DerivedDataCache/Buckets/BulkDataList/ff/ce/55b29d4986caa7541713d7f5ae8001a0e9f5.udd" 2779
"C:/Users/kbc12306156/AppData/Local/UnrealEngine/Common/DerivedDataCache/Buckets/BulkDataList/ec/22/c1f6a0e2b9846348afa51cbd6b2b3e9682ec.udd" 2780
"../../Plugins/Editor/SpeedTreeImporter/Content/SpeedTree9/SpeedTreeBillboardMaster.uasset" 2781
"../../Plugins/Editor/SpeedTreeImporter/Content/SpeedTree9/SpeedTreeBillboard.uasset" 2782
"../../Plugins/Media/MediaPlate/Content/SM_MediaPlateScreen.uasset" 2783
"C:/PG/TGS_TeamK/Saved/Config/WindowsEditor/ObjectMixerSerializedData.ini" 2784
"../../../Engine/Content/EngineMaterials/RemoveSurfaceMaterial.uasset" 2785
"../../../Engine/Content/EngineDebugMaterials/DebugMeshMaterial.uasset" 2786
"../../../Engine/Content/EngineMaterials/EmissiveMeshMaterial.uasset" 2787
"../../../Engine/Content/EngineMaterials/DefaultWhiteGrid_Low.uasset" 2788
"C:/Users/kbc12306156/AppData/Local/UnrealEngine/Common/DerivedDataCache/Buckets/BulkDataList/0c/1a/f71a8dbb826fe517f7bf2377497a63249324.udd" 2789
"../../../Engine/Content/EngineMaterials/M_InvalidLightmapSettings.uasset" 2790
"../../../Engine/Content/EngineMaterials/InvalidLightmapSettings.uasset" 2791
"C:/Users/kbc12306156/AppData/Local/UnrealEngine/Common/DerivedDataCache/Buckets/BulkDataList/3a/35/8ecc89544c538b4c736521e80d1561209a73.udd" 2792
"../../../Engine/Content/EngineMaterials/GizmoMaterial.uasset" 2793
"../../../Engine/Content/EngineMaterials/PhAT_JointLimitMaterial.uasset" 2794
"../../../Engine/Content/EngineMaterials/FlattenMaterial.uasset" 2795
"../../../Engine/Content/EngineMaterials/BaseFlattenDiffuseMap.uasset" 2796
"../../../Engine/Content/EngineMaterials/BaseFlattenEmissiveMap.uasset" 2797
"../../../Engine/Content/EngineMaterials/BaseFlattenGrayscaleMap.uasset" 2798
"../../../Engine/Content/EngineMaterials/BaseFlattenLinearColor.uasset" 2799
"../../../Engine/Content/EngineMaterials/BaseFlattenNormalMap.uasset" 2800
"../../../Engine/Content/Functions/Engine_MaterialFunctions02/PivotPainter2/Black_1x1_EXR_Texture.uasset" 2801
"C:/Users/kbc12306156/AppData/Local/UnrealEngine/Common/DerivedDataCache/Buckets/BulkDataList/55/ac/6f555a31900dbaa2e0b91c12294d592f8815.udd" 2802
"C:/Users/kbc12306156/AppData/Local/UnrealEngine/Common/DerivedDataCache/Buckets/BulkDataList/c8/2f/a5eb4108f1e3c878171c502e8979f09f6369.udd" 2803
"C:/Users/kbc12306156/AppData/Local/UnrealEngine/Common/DerivedDataCache/Buckets/BulkDataList/51/2f/f143f1177ccb3ea0726a4a569962fc3f0be4.udd" 2804
"C:/Users/kbc12306156/AppData/Local/UnrealEngine/Common/DerivedDataCache/Buckets/BulkDataList/29/b6/bda97f3a94193b0571a681f04e80f2bd871e.udd" 2805
"C:/Users/kbc12306156/AppData/Local/UnrealEngine/Common/DerivedDataCache/Buckets/BulkDataList/ce/a0/ba949df251b30a8b10d97154944512950282.udd" 2806
"C:/Users/kbc12306156/AppData/Local/UnrealEngine/Common/DerivedDataCache/Buckets/BulkDataList/7d/2f/e495f22f9196de5388afe1d18a4137524f69.udd" 2807
"../../../Engine/Content/EngineMaterials/FlattenMaterial_VT.uasset" 2808
"../../../Engine/Content/EngineMaterials/BaseFlattenDiffuseMap_VT.uasset" 2809
"../../../Engine/Content/EngineMaterials/BaseFlattenEmissiveMap_VT.uasset" 2810
"../../../Engine/Content/EngineMaterials/BaseFlattenGrayscaleMap_VT.uasset" 2811
"../../../Engine/Content/EngineMaterials/BaseFlattenLinearColor_VT.uasset" 2812
"../../../Engine/Content/EngineMaterials/BaseFlattenNormalMap_VT.uasset" 2813
"../../../Engine/Content/EngineMaterials/Black_1x1_EXR_Texture_VT.uasset" 2814
"C:/Users/kbc12306156/AppData/Local/UnrealEngine/Common/DerivedDataCache/Buckets/BulkDataList/12/b1/a543e0129f6c090364766779568fa398a8eb.udd" 2815
"C:/Users/kbc12306156/AppData/Local/UnrealEngine/Common/DerivedDataCache/Buckets/BulkDataList/9e/c0/33ceb573cfc6e45a570660de7b0105de813b.udd" 2816
"C:/Users/kbc12306156/AppData/Local/UnrealEngine/Common/DerivedDataCache/Buckets/BulkDataList/26/57/958404ca23e00ac70fba0d11edc05122f68a.udd" 2817
"C:/Users/kbc12306156/AppData/Local/UnrealEngine/Common/DerivedDataCache/Buckets/BulkDataList/8f/cb/c4f2dc283c53e305e566d329276b99e7af31.udd" 2818
"C:/Users/kbc12306156/AppData/Local/UnrealEngine/Common/DerivedDataCache/Buckets/BulkDataList/66/d7/a127e2ef84dbd8810c4290a41216dfffac2f.udd" 2819
"C:/Users/kbc12306156/AppData/Local/UnrealEngine/Common/DerivedDataCache/Buckets/BulkDataList/19/1d/1fd4d7e187c38741932c4cf69e5ac68ad309.udd" 2820
"../../../Engine/Content/EngineMaterials/FlattenMaterial_WS_Normal_VT.uasset" 2821
"../../../Engine/Content/EngineMaterials/Good64x64TilingNoiseHighFreq.uasset" 2822
"C:/Users/kbc12306156/AppData/Local/UnrealEngine/Common/DerivedDataCache/Buckets/BulkDataList/8c/3f/1014211d64d49b1aba9504b591c4b489b630.udd" 2823
"../../../Engine/Content/EngineMaterials/DefaultBokeh.uasset" 2824
"C:/Users/kbc12306156/AppData/Local/UnrealEngine/Common/DerivedDataCache/Buckets/BulkDataList/3c/c6/ae70b78323f227c4955d9aaffbfc05646f5b.udd" 2825
"../../../Engine/Content/EngineMaterials/PreintegratedSkinBRDF.uasset" 2826
"C:/Users/kbc12306156/AppData/Local/UnrealEngine/Common/DerivedDataCache/Buckets/BulkDataList/c3/27/3ff7b80aace84b9522ffb47cc5ce7dd2e507.udd" 2827
"../../../Engine/Content/EngineMaterials/MiniFont.uasset" 2828
"../../../Engine/Content/EngineMaterials/WeightMapPlaceholderTexture.uasset" 2829
"../../../Engine/Content/EngineMaterials/DefaultWhiteGrid.uasset" 2830
"C:/Users/kbc12306156/AppData/Local/UnrealEngine/Common/DerivedDataCache/Buckets/BulkDataList/65/c8/f7eaf575b8e9ed0de161fa6e454da26dff88.udd" 2831
"C:/Users/kbc12306156/AppData/Local/UnrealEngine/Common/DerivedDataCache/Buckets/BulkDataList/a5/5c/e98d9a60b9a199175c73b92b14dad0d34a3e.udd" 2832
"../../../Engine/Content/EngineMaterials/DefaultPhysicalMaterial.uasset" 2833
"C:/Users/kbc12306156/AppData/Local/UnrealEngine/Common/DerivedDataCache/Buckets/BulkDataList/54/68/15fde50a5e52eec7c8490a4628012d5ba339.udd" 2834
"../../../Engine/Content/EngineMaterials/DefaultDestructiblePhysicalMaterial.uasset" 2835
"../../../Engine/Content/EditorLandscapeResources/DefaultAlphaTexture.uasset" 2836
"../../../Engine/Content/EditorResources/S_Terrain.uasset" 2837
"C:/Users/kbc12306156/AppData/Local/UnrealEngine/Common/DerivedDataCache/Buckets/BulkDataList/f6/53/3fe9d7e5aa639f7e62f36802b464d6945bbc.udd" 2838
"C:/Users/kbc12306156/AppData/Local/UnrealEngine/Common/DerivedDataCache/Buckets/BulkDataList/a7/3b/b6aac0e43c0d7058c4e56a11e996ed822a75.udd" 2839
"../../../Engine/Content/BasicShapes/Cube.uasset" 2840
"../../../Engine/Content/BasicShapes/Sphere.uasset" 2841
"../../../Engine/Content/EngineMaterials/DefaultMaterial.uasset" 2842
"../../../Engine/Content/BasicShapes/Cylinder.uasset" 2843
"../../../Engine/Content/BasicShapes/Cone.uasset" 2844
"../../../Engine/Content/BasicShapes/Plane.uasset" 2845
"../../Plugins/Runtime/MeshModelingToolset/Content/Materials/M_DynamicMeshComponentVtxColor.uasset" 2846
"../../Plugins/FX/Niagara/Content/ParameterDefinitions/SpriteRenderer.uasset" 2847
"../../Plugins/FX/Niagara/Content/ParameterDefinitions/RibbonRenderer.uasset" 2848
"../../Plugins/FX/Niagara/Content/ParameterDefinitions/MeshRenderer.uasset" 2849
"../../Plugins/FX/Niagara/Content/ParameterDefinitions/LightRenderer.uasset" 2850
"../../Plugins/FX/Niagara/Content/ParameterDefinitions/CoreParameters.uasset" 2851
"../../../Engine/Content/EditorResources/SequenceRecorder/Countdown.uasset" 2852
"../../../Engine/Content/EditorResources/SequenceRecorder/RecordingIndicator.uasset" 2853
"C:/Users/kbc12306156/AppData/Local/UnrealEngine/Common/DerivedDataCache/Buckets/BulkDataList/ad/15/9baa6961064a3644256dba769cd6b7e6d9cd.udd" 2854
"C:/Users/kbc12306156/AppData/Local/UnrealEngine/Common/DerivedDataCache/Buckets/BulkDataList/fb/c2/3d8ecea01aaed9d75c038ffdbdd48a6dcef1.udd" 2855
"../../../Engine/Content/EditorMaterials/PhAT_UnselectedMaterial.uasset" 2856
"../../../Engine/Content/EditorMaterials/PhAT_NoCollisionMaterial.uasset" 2857
"C:/PG/TGS_TeamK/Intermediate/ShaderAutogen/PCD3D_SM6/AutogenShaderHeaders.ush" 2858
"C:/Users/kbc12306156/AppData/Local/UnrealEngine/Common/DerivedDataCache/Buckets/GlobalShaderMap/d0/ca/72948084a3c630a51b6e1c169eb4066dbec1.udd" 2859
"C:/Users/kbc12306156/AppData/Local/UnrealEngine/Common/DerivedDataCache/Buckets/GlobalShaderMap/e8/0f/95ac340458b403d2c74d642cebe808af30ba.udd" 2860
"C:/Users/kbc12306156/AppData/Local/UnrealEngine/Common/DerivedDataCache/Buckets/GlobalShaderMap/29/b1/4ffdd2b70ad1cfabfbd538aef87b9a9a325b.udd" 2861
"C:/Users/kbc12306156/AppData/Local/UnrealEngine/Common/DerivedDataCache/Buckets/GlobalShaderMap/9a/72/c77b4b248dc371e73a1c5ba7d449b3461827.udd" 2862
"C:/Users/kbc12306156/AppData/Local/UnrealEngine/Common/DerivedDataCache/Buckets/GlobalShaderMap/cb/a4/af34eccec8f323d394184d7e2593173421c7.udd" 2863
"C:/Users/kbc12306156/AppData/Local/UnrealEngine/Common/DerivedDataCache/Buckets/GlobalShaderMap/28/10/0b60ae658b4b1521efa397f203d3bdf9df20.udd" 2864
"C:/Users/kbc12306156/AppData/Local/UnrealEngine/Common/DerivedDataCache/Buckets/GlobalShaderMap/ba/f2/5062a03f3f2ac44590f02846ad4fe9271df8.udd" 2865
"C:/Users/kbc12306156/AppData/Local/UnrealEngine/Common/DerivedDataCache/Buckets/GlobalShaderMap/da/4b/149a29ee6038519aa8ec2ae1f86199e023a3.udd" 2866
"C:/Users/kbc12306156/AppData/Local/UnrealEngine/Common/DerivedDataCache/Buckets/GlobalShaderMap/cb/c4/b81f948aaebed7b7fd1623e3b196a00ccee2.udd" 2867
"C:/Users/kbc12306156/AppData/Local/UnrealEngine/Common/DerivedDataCache/Buckets/GlobalShaderMap/6d/21/6fa5422ea6ba5408c32ffdba70b342357437.udd" 2868
"C:/Users/kbc12306156/AppData/Local/UnrealEngine/Common/DerivedDataCache/Buckets/GlobalShaderMap/ac/7b/d174f09222ee180e081be82f9a0a299bce77.udd" 2869
"C:/Users/kbc12306156/AppData/Local/UnrealEngine/Common/DerivedDataCache/Buckets/GlobalShaderMap/72/29/dd6e1a5db92b4259094979d0eec3d4608798.udd" 2870
"C:/Users/kbc12306156/AppData/Local/UnrealEngine/Common/DerivedDataCache/Buckets/GlobalShaderMap/36/b8/95095f236041e8b22fe3c33a1c98e4b345e0.udd" 2871
"C:/Users/kbc12306156/AppData/Local/UnrealEngine/Common/DerivedDataCache/Buckets/GlobalShaderMap/03/ec/5043d511373404ac2695a1a9010c75ad3387.udd" 2872
"C:/Users/kbc12306156/AppData/Local/UnrealEngine/Common/DerivedDataCache/Buckets/GlobalShaderMap/c9/ac/3a2db195602745b7185fdd4b708e9d0d0f2c.udd" 2873
"C:/Users/kbc12306156/AppData/Local/UnrealEngine/Common/DerivedDataCache/Buckets/GlobalShaderMap/ff/27/2572fc39d1c8ed5921fe4e7b6aef46226694.udd" 2874
"C:/Users/kbc12306156/AppData/Local/UnrealEngine/Common/DerivedDataCache/Buckets/GlobalShaderMap/05/b2/6555b578d568660a6a6de437c73c9a537d8f.udd" 2875
"C:/Users/kbc12306156/AppData/Local/UnrealEngine/Common/DerivedDataCache/Buckets/GlobalShaderMap/69/0e/7dbc011f177b41f0339c2328dc6eab689e39.udd" 2876
"C:/Users/kbc12306156/AppData/Local/UnrealEngine/Common/DerivedDataCache/Buckets/GlobalShaderMap/14/0f/c17f956f2f58b1588cab7b423e62eb69b1af.udd" 2877
"C:/Users/kbc12306156/AppData/Local/UnrealEngine/Common/DerivedDataCache/Buckets/GlobalShaderMap/08/7a/4f213f08c3fc6a953eb015a02c62fc08d580.udd" 2878
"C:/Users/kbc12306156/AppData/Local/UnrealEngine/Common/DerivedDataCache/Buckets/GlobalShaderMap/28/8f/3af23c6bf792d75b7a614fa0b73f295951f6.udd" 2879
"C:/Users/kbc12306156/AppData/Local/UnrealEngine/Common/DerivedDataCache/Buckets/GlobalShaderMap/97/b6/15d2416ae12d3462b7a56b0e1d7cd98adca3.udd" 2880
"C:/Users/kbc12306156/AppData/Local/UnrealEngine/Common/DerivedDataCache/Buckets/GlobalShaderMap/d4/22/ce30ff2fdd83300347ce6c2d95321957bb0d.udd" 2881
"C:/Users/kbc12306156/AppData/Local/UnrealEngine/Common/DerivedDataCache/Buckets/GlobalShaderMap/dd/f0/e6de1af3ca686abb5d9a7a4fa328af7de34a.udd" 2882
"C:/Users/kbc12306156/AppData/Local/UnrealEngine/Common/DerivedDataCache/Buckets/GlobalShaderMap/7e/69/07d0d80e09d58b3bf545c62e97247fbadaa2.udd" 2883
"C:/Users/kbc12306156/AppData/Local/UnrealEngine/Common/DerivedDataCache/Buckets/GlobalShaderMap/be/c1/b9e44dc852d90dda9c9950504ec3c1399fda.udd" 2884
"C:/Users/kbc12306156/AppData/Local/UnrealEngine/Common/DerivedDataCache/Buckets/GlobalShaderMap/fa/88/1dbeb3546140f39809650cd54943e3ac1072.udd" 2885
"C:/Users/kbc12306156/AppData/Local/UnrealEngine/Common/DerivedDataCache/Buckets/GlobalShaderMap/cc/87/b5ed213b4a4c5f1c5f51c07a800e50249238.udd" 2886
"C:/Users/kbc12306156/AppData/Local/UnrealEngine/Common/DerivedDataCache/Buckets/GlobalShaderMap/65/7a/0f6d23538f2ebd373d1290971fa50f4777bf.udd" 2887
"C:/Users/kbc12306156/AppData/Local/UnrealEngine/Common/DerivedDataCache/Buckets/GlobalShaderMap/91/37/77918a577b0c539782cff839a19629b4d1f1.udd" 2888
"C:/Users/kbc12306156/AppData/Local/UnrealEngine/Common/DerivedDataCache/Content/eb/18/a88c3352b98939242cc0d41009de65483e40.udd" 2889
"C:/Users/kbc12306156/AppData/Local/UnrealEngine/Common/DerivedDataCache/Buckets/GlobalShaderMap/b0/70/3013cada82774cd8723611cf6c627d82330f.udd" 2890
"C:/Users/kbc12306156/AppData/Local/UnrealEngine/Common/DerivedDataCache/Buckets/GlobalShaderMap/db/1e/2162ec571ace09187ad823530edc159c2a0e.udd" 2891
"C:/Users/kbc12306156/AppData/Local/UnrealEngine/Common/DerivedDataCache/Buckets/GlobalShaderMap/26/30/9675a49c63071454277eac0a9e54ddc49d7e.udd" 2892
"C:/Users/kbc12306156/AppData/Local/UnrealEngine/Common/DerivedDataCache/Buckets/GlobalShaderMap/53/f5/dc85d0345e88759c0d77045b4ddff9287d9d.udd" 2893
"C:/Users/kbc12306156/AppData/Local/UnrealEngine/Common/DerivedDataCache/Buckets/GlobalShaderMap/a3/b2/13eac1bd2e7aabe00c765a49774adf6cd762.udd" 2894
"C:/Users/kbc12306156/AppData/Local/UnrealEngine/Common/DerivedDataCache/Buckets/GlobalShaderMap/cd/8d/27e7c383f5105b90ac035876e12b5a102545.udd" 2895
"C:/Users/kbc12306156/AppData/Local/UnrealEngine/Common/DerivedDataCache/Buckets/GlobalShaderMap/58/f3/7adfcf2454bf14813f7b8a1e1b988a1d0455.udd" 2896
"C:/Users/kbc12306156/AppData/Local/UnrealEngine/Common/DerivedDataCache/Buckets/GlobalShaderMap/4b/4e/be17a00a70359afaaa88f93cabc606a7a85c.udd" 2897
"C:/Users/kbc12306156/AppData/Local/UnrealEngine/Common/DerivedDataCache/Buckets/GlobalShaderMap/77/85/7420d3b73a66aa1555665fdcfcb0a6f5e005.udd" 2898
"C:/Users/kbc12306156/AppData/Local/UnrealEngine/Common/DerivedDataCache/Buckets/GlobalShaderMap/06/1c/6b1cbcff5c1db3718df6586c34c28510325c.udd" 2899
"C:/Users/kbc12306156/AppData/Local/UnrealEngine/Common/DerivedDataCache/Buckets/GlobalShaderMap/ee/60/2c69201c630e0e24148030cd6758a8b526db.udd" 2900
"C:/Users/kbc12306156/AppData/Local/UnrealEngine/Common/DerivedDataCache/Buckets/GlobalShaderMap/dd/5d/05fe293e31e02d9790c6fe92523e44358877.udd" 2901
"C:/Users/kbc12306156/AppData/Local/UnrealEngine/Common/DerivedDataCache/Buckets/GlobalShaderMap/26/30/5cd934f4c0195934b761d937bee017b8a01a.udd" 2902
"C:/Users/kbc12306156/AppData/Local/UnrealEngine/Common/DerivedDataCache/Buckets/GlobalShaderMap/d2/3c/00c8dee580c41452bb5f0fa9b4d4f50ac78a.udd" 2903
"C:/Users/kbc12306156/AppData/Local/UnrealEngine/Common/DerivedDataCache/Buckets/GlobalShaderMap/49/78/72f9f73153a68b69c53b865eca1946637490.udd" 2904
"C:/Users/kbc12306156/AppData/Local/UnrealEngine/Common/DerivedDataCache/Buckets/GlobalShaderMap/aa/92/bf54f79791049c8d83ccf91df9c100e7b8d8.udd" 2905
"C:/Users/kbc12306156/AppData/Local/UnrealEngine/Common/DerivedDataCache/Buckets/GlobalShaderMap/f5/e9/7fe95b5cd6d557a5f3a92317fb8ff36dfdcd.udd" 2906
"C:/Users/kbc12306156/AppData/Local/UnrealEngine/Common/DerivedDataCache/Buckets/GlobalShaderMap/71/5d/1c3a43f72f955d6088092b52f5be8d8b58d2.udd" 2907
"C:/Users/kbc12306156/AppData/Local/UnrealEngine/Common/DerivedDataCache/Buckets/GlobalShaderMap/ff/55/60d11e6ea4381a5f83dfe41e23f0dc8b8c28.udd" 2908
"C:/Users/kbc12306156/AppData/Local/UnrealEngine/Common/DerivedDataCache/Buckets/GlobalShaderMap/e2/8e/a1c62468e5b4c949d0d1d1c03268faef98dc.udd" 2909
"C:/Users/kbc12306156/AppData/Local/UnrealEngine/Common/DerivedDataCache/Buckets/GlobalShaderMap/ac/ce/1742746a84eb5cb1345c7f6f26f8af9d6e8d.udd" 2910
"C:/Users/kbc12306156/AppData/Local/UnrealEngine/Common/DerivedDataCache/Buckets/GlobalShaderMap/c5/5b/58a69413bb68adeefee3f9c88b849f4a6ea1.udd" 2911
"C:/Users/kbc12306156/AppData/Local/UnrealEngine/Common/DerivedDataCache/Buckets/GlobalShaderMap/a4/0a/5a76c0a5cc2fac125f7cf36c36e0acfd4e3f.udd" 2912
"C:/Users/kbc12306156/AppData/Local/UnrealEngine/Common/DerivedDataCache/Buckets/GlobalShaderMap/15/96/4cd9ace2a63184f2f9b2cbf67262d1fed9b6.udd" 2913
"C:/Users/kbc12306156/AppData/Local/UnrealEngine/Common/DerivedDataCache/Buckets/GlobalShaderMap/83/77/938b61a978d15ab4e6fbbe1faf7342d48e5b.udd" 2914
"C:/Users/kbc12306156/AppData/Local/UnrealEngine/Common/DerivedDataCache/Buckets/GlobalShaderMap/91/98/140fd8b23b50c2a31b03fc5ceb3d616ea641.udd" 2915
"C:/Users/kbc12306156/AppData/Local/UnrealEngine/Common/DerivedDataCache/Buckets/GlobalShaderMap/5c/15/a8883b50028ee237650dc6b5f9a13ee2c590.udd" 2916
"C:/Users/kbc12306156/AppData/Local/UnrealEngine/Common/DerivedDataCache/Buckets/GlobalShaderMap/19/23/cb7ec14a5d765617a22906cd5001f981c28e.udd" 2917
"C:/Users/kbc12306156/AppData/Local/UnrealEngine/Common/DerivedDataCache/Buckets/GlobalShaderMap/2d/79/8af5069a65a51eca32a11a2664222e7954ed.udd" 2918
"C:/Users/kbc12306156/AppData/Local/UnrealEngine/Common/DerivedDataCache/Buckets/GlobalShaderMap/0e/7b/0fe1d521e1aae1d88e36df1125f19c152c23.udd" 2919
"C:/Users/kbc12306156/AppData/Local/UnrealEngine/Common/DerivedDataCache/Buckets/GlobalShaderMap/85/04/5e62d42f397d0db437ff5f52c9a5524c08dd.udd" 2920
"C:/Users/kbc12306156/AppData/Local/UnrealEngine/Common/DerivedDataCache/Buckets/GlobalShaderMap/09/b2/7e9d70641b9c91eb817c85a70547fa373a53.udd" 2921
"C:/Users/kbc12306156/AppData/Local/UnrealEngine/Common/DerivedDataCache/Buckets/GlobalShaderMap/a9/e8/164c32486437759cc81c7bf126c64aeff314.udd" 2922
"C:/Users/kbc12306156/AppData/Local/UnrealEngine/Common/DerivedDataCache/Buckets/GlobalShaderMap/5a/51/6e45ccb95411b985f56fd3c55eda57a231e0.udd" 2923
"C:/Users/kbc12306156/AppData/Local/UnrealEngine/Common/DerivedDataCache/Buckets/GlobalShaderMap/ea/8b/4cddbaf915bac39e0a489a52552cc94975b7.udd" 2924
"C:/Users/kbc12306156/AppData/Local/UnrealEngine/Common/DerivedDataCache/Buckets/GlobalShaderMap/ff/2d/abdcb5cd7f51b64057af200a6779553fccd2.udd" 2925
"C:/Users/kbc12306156/AppData/Local/UnrealEngine/Common/DerivedDataCache/Buckets/GlobalShaderMap/c9/df/2f5d2628ddc92eda407e5c5db1816fe1ba6c.udd" 2926
"C:/Users/kbc12306156/AppData/Local/UnrealEngine/Common/DerivedDataCache/Buckets/GlobalShaderMap/59/4e/dd85b5d6d5886e91d962da704446f0891e3f.udd" 2927
"C:/Users/kbc12306156/AppData/Local/UnrealEngine/Common/DerivedDataCache/Buckets/GlobalShaderMap/07/8e/c3f3ad0cf3a8b2cbc7b13e88edc2e951b862.udd" 2928
"C:/Users/kbc12306156/AppData/Local/UnrealEngine/Common/DerivedDataCache/Buckets/GlobalShaderMap/75/4c/2c64b61e8d92426f4030471df9c56aa41c7e.udd" 2929
"C:/Users/kbc12306156/AppData/Local/UnrealEngine/Common/DerivedDataCache/Buckets/GlobalShaderMap/e8/2f/f59d08345e7c983e37ca429a565470b05b43.udd" 2930
"C:/Users/kbc12306156/AppData/Local/UnrealEngine/Common/DerivedDataCache/Content/73/fe/adc3386119ff869dc485dcc21ecfde47a623.udd" 2931
"C:/Users/kbc12306156/AppData/Local/UnrealEngine/Common/DerivedDataCache/Buckets/GlobalShaderMap/01/48/e55bb9a698b41cfa455f8c9a560fcc4f0022.udd" 2932
"C:/Users/kbc12306156/AppData/Local/UnrealEngine/Common/DerivedDataCache/Buckets/GlobalShaderMap/ab/f4/cb7541416645728f9139df28b6bb0c0c9571.udd" 2933
"C:/Users/kbc12306156/AppData/Local/UnrealEngine/Common/DerivedDataCache/Buckets/GlobalShaderMap/c9/0d/d5a752ffe1c6dd6b249dd0759200831c8c18.udd" 2934
"C:/Users/kbc12306156/AppData/Local/UnrealEngine/Common/DerivedDataCache/Buckets/GlobalShaderMap/18/4a/0b8ad8bc291c74b60d22304c08cfbc911e30.udd" 2935
"C:/Users/kbc12306156/AppData/Local/UnrealEngine/Common/DerivedDataCache/Buckets/GlobalShaderMap/01/d5/9ec5b79656603d66d81d2446efc426229364.udd" 2936
"C:/Users/kbc12306156/AppData/Local/UnrealEngine/Common/DerivedDataCache/Buckets/GlobalShaderMap/fb/b0/9e0816b8ce2e0a61b0e7b5371d6019f5576b.udd" 2937
"C:/Users/kbc12306156/AppData/Local/UnrealEngine/Common/DerivedDataCache/Buckets/GlobalShaderMap/07/4d/9e489af5657b9740fd379528ba4c24489846.udd" 2938
"C:/Users/kbc12306156/AppData/Local/UnrealEngine/Common/DerivedDataCache/Buckets/GlobalShaderMap/94/5a/3a038cc3c4de8ce530699a2c08411ca710f8.udd" 2939
"C:/Users/kbc12306156/AppData/Local/UnrealEngine/Common/DerivedDataCache/Buckets/GlobalShaderMap/9c/52/d54eb37f6addc842ccb5e6b730f2aac7c5b2.udd" 2940
"C:/Users/kbc12306156/AppData/Local/UnrealEngine/Common/DerivedDataCache/Buckets/GlobalShaderMap/90/49/de5a2b2c2f221c511378ee722e64832bbb54.udd" 2941
"C:/Users/kbc12306156/AppData/Local/UnrealEngine/Common/DerivedDataCache/Buckets/GlobalShaderMap/66/9c/aa13bd41544cbf4cadb2ff2f400ac8d63828.udd" 2942
"C:/Users/kbc12306156/AppData/Local/UnrealEngine/Common/DerivedDataCache/Buckets/GlobalShaderMap/3e/96/91d209141cf5aa9c45833513ef591049d538.udd" 2943
"C:/Users/kbc12306156/AppData/Local/UnrealEngine/Common/DerivedDataCache/Buckets/GlobalShaderMap/72/c6/e279ea580d31744697a338e3be323bee2141.udd" 2944
"C:/Users/kbc12306156/AppData/Local/UnrealEngine/Common/DerivedDataCache/Buckets/GlobalShaderMap/4b/62/5eb9c7450bd9f90759df11f3d376eac74028.udd" 2945
"C:/Users/kbc12306156/AppData/Local/UnrealEngine/Common/DerivedDataCache/Buckets/GlobalShaderMap/86/d5/ebb23754697734ad6fb39bd4a2daf8872336.udd" 2946
"C:/Users/kbc12306156/AppData/Local/UnrealEngine/Common/DerivedDataCache/Buckets/GlobalShaderMap/bf/cc/baccb04269202bcc1a24c13d1161d559dfbe.udd" 2947
"C:/Users/kbc12306156/AppData/Local/UnrealEngine/Common/DerivedDataCache/Buckets/GlobalShaderMap/b4/ec/3d2bb9da4b9c796a86770ac2b604fb7b487e.udd" 2948
"C:/Users/kbc12306156/AppData/Local/UnrealEngine/Common/DerivedDataCache/Buckets/GlobalShaderMap/2b/7b/6df8b6b4df3d23b00e6c660693579191187e.udd" 2949
"C:/Users/kbc12306156/AppData/Local/UnrealEngine/Common/DerivedDataCache/Buckets/GlobalShaderMap/6a/2f/1aeb2c27da8246989bf94b616a97cbd68d90.udd" 2950
"C:/Users/kbc12306156/AppData/Local/UnrealEngine/Common/DerivedDataCache/Buckets/GlobalShaderMap/80/58/ed08e340b23ff705fde4c471b291ea8bee07.udd" 2951
"C:/Users/kbc12306156/AppData/Local/UnrealEngine/Common/DerivedDataCache/Buckets/GlobalShaderMap/f5/64/b4602270272184d9923b5c3e2c57531e3e8f.udd" 2952
"C:/Users/kbc12306156/AppData/Local/UnrealEngine/Common/DerivedDataCache/Buckets/GlobalShaderMap/71/74/a203b3016850b23ff2c9a9d4914071d931d2.udd" 2953
"C:/Users/kbc12306156/AppData/Local/UnrealEngine/Common/DerivedDataCache/Buckets/GlobalShaderMap/ae/66/add0da09b9f9ae99d17e0a5c498832ce1819.udd" 2954
"C:/Users/kbc12306156/AppData/Local/UnrealEngine/Common/DerivedDataCache/Buckets/GlobalShaderMap/d2/a6/1c4e1075c65f7aaf4fe0194f8a6904b3d73f.udd" 2955
"C:/Users/kbc12306156/AppData/Local/UnrealEngine/Common/DerivedDataCache/Buckets/GlobalShaderMap/44/52/c6a932fb724bc86bf8cb77232b7da2a9fbde.udd" 2956
"C:/Users/kbc12306156/AppData/Local/UnrealEngine/Common/DerivedDataCache/Buckets/GlobalShaderMap/bd/73/4fbe06b1c9778abcd08682e8ce2dcf9d3038.udd" 2957
"C:/Users/kbc12306156/AppData/Local/UnrealEngine/Common/DerivedDataCache/Buckets/GlobalShaderMap/2f/d5/e0524a32de73f9a11ae682d3e1c8e438686f.udd" 2958
"C:/Users/kbc12306156/AppData/Local/UnrealEngine/Common/DerivedDataCache/Buckets/GlobalShaderMap/3b/0e/679f06efb2c80a6685911de89d1465243490.udd" 2959
"C:/Users/kbc12306156/AppData/Local/UnrealEngine/Common/DerivedDataCache/Buckets/GlobalShaderMap/3d/f1/65f251c3180183980d1c0f86f1d6b08ef659.udd" 2960
"C:/Users/kbc12306156/AppData/Local/UnrealEngine/Common/DerivedDataCache/Buckets/GlobalShaderMap/2a/c6/e0f733a9684a7c5de9b479a8129c008f3e2c.udd" 2961
"C:/Users/kbc12306156/AppData/Local/UnrealEngine/Common/DerivedDataCache/Buckets/GlobalShaderMap/18/c6/92d81940473beb507bd6eee0f3dac1732108.udd" 2962
"C:/Users/kbc12306156/AppData/Local/UnrealEngine/Common/DerivedDataCache/Buckets/GlobalShaderMap/b2/5b/339aeaef34fba5d9579b24c802019e9822cd.udd" 2963
"C:/Users/kbc12306156/AppData/Local/UnrealEngine/Common/DerivedDataCache/Buckets/GlobalShaderMap/7c/af/708c30206a698d5289948b2c6a1002b88b2e.udd" 2964
"C:/Users/kbc12306156/AppData/Local/UnrealEngine/Common/DerivedDataCache/Buckets/GlobalShaderMap/fd/a4/c955d580e13372e616f4b94453ec4c858a17.udd" 2965
"C:/Users/kbc12306156/AppData/Local/UnrealEngine/Common/DerivedDataCache/Buckets/GlobalShaderMap/ce/33/741a3b32521a082e11d40790c16603919442.udd" 2966
"C:/Users/kbc12306156/AppData/Local/UnrealEngine/Common/DerivedDataCache/Buckets/GlobalShaderMap/fb/0a/2020839231ab12790b1ca32d379c567d2a99.udd" 2967
"C:/Users/kbc12306156/AppData/Local/UnrealEngine/Common/DerivedDataCache/Buckets/GlobalShaderMap/62/fa/5ff8fca98505a1eecf03965ead0704704041.udd" 2968
"C:/Users/kbc12306156/AppData/Local/UnrealEngine/Common/DerivedDataCache/Buckets/GlobalShaderMap/d0/e6/ccd1fb049b1c8edff4b0a2b689cfbc04c22f.udd" 2969
"C:/Users/kbc12306156/AppData/Local/UnrealEngine/Common/DerivedDataCache/Buckets/GlobalShaderMap/a8/bc/30e1826d091580e98008228fcc04baf0997d.udd" 2970
"C:/Users/kbc12306156/AppData/Local/UnrealEngine/Common/DerivedDataCache/Buckets/GlobalShaderMap/fe/c5/b62f6ba447300cbacb40c5b60f75afe5e856.udd" 2971
"C:/Users/kbc12306156/AppData/Local/UnrealEngine/Common/DerivedDataCache/Buckets/GlobalShaderMap/1d/bf/3bc5bfe6e0285f2f21eb586c691a93d50dfd.udd" 2972
"C:/Users/kbc12306156/AppData/Local/UnrealEngine/Common/DerivedDataCache/Buckets/GlobalShaderMap/fc/85/56a0a724af5dbffe61c8651162140b14c846.udd" 2973
"C:/Users/kbc12306156/AppData/Local/UnrealEngine/Common/DerivedDataCache/Buckets/GlobalShaderMap/6e/97/3cf28087f9ce2cac9eecbb34a4605c6d420e.udd" 2974
"C:/Users/kbc12306156/AppData/Local/UnrealEngine/Common/DerivedDataCache/Buckets/GlobalShaderMap/66/99/d38b54a50ba4a8b0d56bf7fdfe8726beaae7.udd" 2975
"C:/Users/kbc12306156/AppData/Local/UnrealEngine/Common/DerivedDataCache/Buckets/GlobalShaderMap/0d/e9/59d9775170841a6f6e7308d9a8b743019709.udd" 2976
"C:/Users/kbc12306156/AppData/Local/UnrealEngine/Common/DerivedDataCache/Buckets/GlobalShaderMap/66/64/ecd2d91191e3f163574270d868d728612466.udd" 2977
"C:/Users/kbc12306156/AppData/Local/UnrealEngine/Common/DerivedDataCache/Buckets/GlobalShaderMap/da/38/74b1daf579da624f0077661f54d9d99b200a.udd" 2978
"C:/Users/kbc12306156/AppData/Local/UnrealEngine/Common/DerivedDataCache/Buckets/GlobalShaderMap/ca/4d/06a8a8fd2748239e86bbf18fb70a5859da3f.udd" 2979
"C:/Users/kbc12306156/AppData/Local/UnrealEngine/Common/DerivedDataCache/Buckets/GlobalShaderMap/12/f7/b418abca9a10289a775bb2c1b2ba2d81a7d6.udd" 2980
"C:/Users/kbc12306156/AppData/Local/UnrealEngine/Common/DerivedDataCache/Buckets/GlobalShaderMap/a6/3a/de0e492036cabd162053730c1b4c0990430c.udd" 2981
"C:/Users/kbc12306156/AppData/Local/UnrealEngine/Common/DerivedDataCache/Buckets/GlobalShaderMap/a8/db/70da866a31120e5f251704cc3d608f7f59ad.udd" 2982
"C:/Users/kbc12306156/AppData/Local/UnrealEngine/Common/DerivedDataCache/Buckets/GlobalShaderMap/20/be/09f5671b407b34c4446331c6392a41be785d.udd" 2983
"C:/Users/kbc12306156/AppData/Local/UnrealEngine/Common/DerivedDataCache/Buckets/GlobalShaderMap/95/74/a60357c3dea73a75350c7698babf56c884db.udd" 2984
"C:/Users/kbc12306156/AppData/Local/UnrealEngine/Common/DerivedDataCache/Buckets/GlobalShaderMap/08/ce/453e8fba1f3249b7d9d0638800ee2559011e.udd" 2985
"C:/Users/kbc12306156/AppData/Local/UnrealEngine/Common/DerivedDataCache/Buckets/GlobalShaderMap/90/42/b9b337b2cd0746b0cf7e9e097067bf4bf91c.udd" 2986
"C:/Users/kbc12306156/AppData/Local/UnrealEngine/Common/DerivedDataCache/Buckets/GlobalShaderMap/cd/ea/4b46cc4eac076432718e0fc7a31ae911eff9.udd" 2987
"C:/Users/kbc12306156/AppData/Local/UnrealEngine/Common/DerivedDataCache/Buckets/GlobalShaderMap/cb/37/65254f62ac5fa089733b42224be4781498c1.udd" 2988
"C:/Users/kbc12306156/AppData/Local/UnrealEngine/Common/DerivedDataCache/Buckets/GlobalShaderMap/55/8c/cd56d219d061b37c022f44ea349e918e99f3.udd" 2989
"C:/Users/kbc12306156/AppData/Local/UnrealEngine/Common/DerivedDataCache/Buckets/GlobalShaderMap/2e/e0/67ff8e30815c158bcf47beedfc1d8fe0c784.udd" 2990
"C:/Users/kbc12306156/AppData/Local/UnrealEngine/Common/DerivedDataCache/Buckets/GlobalShaderMap/fb/2d/65e580e3734afb57c25bc0305a5b6bbfb92f.udd" 2991
"C:/Users/kbc12306156/AppData/Local/UnrealEngine/Common/DerivedDataCache/Buckets/GlobalShaderMap/1c/9d/d72b0e68ea09bfdd35aabc06d7685e718b25.udd" 2992
"C:/Users/kbc12306156/AppData/Local/UnrealEngine/Common/DerivedDataCache/Buckets/GlobalShaderMap/7b/ad/f34c0055fbc01d6d7c9e29373c8f222adb34.udd" 2993
"C:/Users/kbc12306156/AppData/Local/UnrealEngine/Common/DerivedDataCache/Buckets/GlobalShaderMap/2f/c1/730eadc1c09d641d0143a63bb43b343d586a.udd" 2994
"C:/Users/kbc12306156/AppData/Local/UnrealEngine/Common/DerivedDataCache/Buckets/GlobalShaderMap/ed/75/c667ed06d0442799b6f0f1383eabe93c799d.udd" 2995
"C:/Users/kbc12306156/AppData/Local/UnrealEngine/Common/DerivedDataCache/Buckets/GlobalShaderMap/70/a1/6549b04a31ea8ac827fd0325c851a948f3fe.udd" 2996
"C:/Users/kbc12306156/AppData/Local/UnrealEngine/Common/DerivedDataCache/Buckets/GlobalShaderMap/dd/aa/7e3cd51a1b441b6a79afdbfe822bebd9c34a.udd" 2997
"C:/Users/kbc12306156/AppData/Local/UnrealEngine/Common/DerivedDataCache/Buckets/GlobalShaderMap/ed/22/fe6dc2caa231b93285e811b80e32971f4b3f.udd" 2998
"C:/Users/kbc12306156/AppData/Local/UnrealEngine/Common/DerivedDataCache/Buckets/GlobalShaderMap/47/a2/7935f5632c0520b5ca8daa301b24b8fc5a97.udd" 2999
"C:/Users/kbc12306156/AppData/Local/UnrealEngine/Common/DerivedDataCache/Buckets/GlobalShaderMap/d6/a4/3bb4c887f2af322d5c8a4ac20ea127f9ce7c.udd" 3000
"C:/Users/kbc12306156/AppData/Local/UnrealEngine/Common/DerivedDataCache/Buckets/GlobalShaderMap/2b/98/2a72bc6ed4ea7e731179782d4c3d33bcf7bc.udd" 3001
"C:/Users/kbc12306156/AppData/Local/UnrealEngine/Common/DerivedDataCache/Buckets/GlobalShaderMap/3a/66/bd2768156ab1ba200bba32465c714200753a.udd" 3002
"C:/Users/kbc12306156/AppData/Local/UnrealEngine/Common/DerivedDataCache/Buckets/GlobalShaderMap/76/a0/6cb1a0f4928bf0fcb3bfb35e928715879fec.udd" 3003
"C:/Users/kbc12306156/AppData/Local/UnrealEngine/Common/DerivedDataCache/Buckets/GlobalShaderMap/e7/86/068a846bb3176543cfde6aa4d79795cbb4b9.udd" 3004
"C:/Users/kbc12306156/AppData/Local/UnrealEngine/Common/DerivedDataCache/Buckets/GlobalShaderMap/fa/4c/9e86099f23a90cb1cf99ebc3db479edd0929.udd" 3005
"C:/Users/kbc12306156/AppData/Local/UnrealEngine/Common/DerivedDataCache/Buckets/GlobalShaderMap/dc/1a/4202e7ae6f97f631fd07779274be2f44019f.udd" 3006
"C:/Users/kbc12306156/AppData/Local/UnrealEngine/Common/DerivedDataCache/Buckets/GlobalShaderMap/b5/68/d2c570d66c3dd7bb5cfe1d34dc7f0be12ca5.udd" 3007
"C:/Users/kbc12306156/AppData/Local/UnrealEngine/Common/DerivedDataCache/Buckets/GlobalShaderMap/a6/fd/940af4f2c8caf3918e79e3028ee2c1745713.udd" 3008
"C:/Users/kbc12306156/AppData/Local/UnrealEngine/Common/DerivedDataCache/Buckets/GlobalShaderMap/fc/ae/8a2c0c2d97970f9f4f21b500934900b297d9.udd" 3009
"C:/Users/kbc12306156/AppData/Local/UnrealEngine/Common/DerivedDataCache/Buckets/GlobalShaderMap/ef/e3/0ef5b8e7b4ab29555a066bf8386ac180073d.udd" 3010
"C:/Users/kbc12306156/AppData/Local/UnrealEngine/Common/DerivedDataCache/Buckets/GlobalShaderMap/16/6b/1883fd6bde84cd8240c8d3f7b12acf5b294b.udd" 3011
"C:/Users/kbc12306156/AppData/Local/UnrealEngine/Common/DerivedDataCache/Buckets/GlobalShaderMap/89/42/ab311bd302d82f1dc4b072f9525531d49c1c.udd" 3012
"C:/Users/kbc12306156/AppData/Local/UnrealEngine/Common/DerivedDataCache/Buckets/GlobalShaderMap/78/a6/f0dd5e67e20672b42eefc382bdd56609c228.udd" 3013
"C:/Users/kbc12306156/AppData/Local/UnrealEngine/Common/DerivedDataCache/Buckets/GlobalShaderMap/de/aa/c628fc5a7c9fc6f3705d2d3eaf23faf0f4f9.udd" 3014
"C:/Users/kbc12306156/AppData/Local/UnrealEngine/Common/DerivedDataCache/Buckets/GlobalShaderMap/cc/8e/9f79809eb57854b18cacfa177d614b1cc693.udd" 3015
"C:/Users/kbc12306156/AppData/Local/UnrealEngine/Common/DerivedDataCache/Buckets/GlobalShaderMap/3a/c9/a6bfc217e8f85790a27873ef5378dac17a16.udd" 3016
"C:/Users/kbc12306156/AppData/Local/UnrealEngine/Common/DerivedDataCache/Buckets/GlobalShaderMap/19/83/b7e960a806e243861fdb8b9b1ec9a8d5975a.udd" 3017
"C:/Users/kbc12306156/AppData/Local/UnrealEngine/Common/DerivedDataCache/Buckets/GlobalShaderMap/c4/48/25154b21a31c374e5de9bb2d849a3e75f851.udd" 3018
"C:/Users/kbc12306156/AppData/Local/UnrealEngine/Common/DerivedDataCache/Buckets/GlobalShaderMap/70/7b/651e33c28269a2ef0fc9d1951faf64548203.udd" 3019
"C:/Users/kbc12306156/AppData/Local/UnrealEngine/Common/DerivedDataCache/Buckets/GlobalShaderMap/1f/63/3374c68b906bb387ec754ee9d98226fff2eb.udd" 3020
"C:/Users/kbc12306156/AppData/Local/UnrealEngine/Common/DerivedDataCache/Buckets/GlobalShaderMap/1c/5a/6e72a250a9fec106f101085368a4b79857f7.udd" 3021
"C:/Users/kbc12306156/AppData/Local/UnrealEngine/Common/DerivedDataCache/Buckets/GlobalShaderMap/81/89/7286fca7ec681f7b4c29985e9c5d5bd94b4b.udd" 3022
"C:/Users/kbc12306156/AppData/Local/UnrealEngine/Common/DerivedDataCache/Buckets/GlobalShaderMap/8a/48/bab8e11ec4b53cb872f0773b9d04c3e30dec.udd" 3023
"C:/Users/kbc12306156/AppData/Local/UnrealEngine/Common/DerivedDataCache/Buckets/GlobalShaderMap/73/bd/6cff693c6079be610a01736a47240ac86986.udd" 3024
"C:/Users/kbc12306156/AppData/Local/UnrealEngine/Common/DerivedDataCache/Buckets/GlobalShaderMap/b9/d8/3e481a39608995d69c742bcd43bc28b4210a.udd" 3025
"C:/Users/kbc12306156/AppData/Local/UnrealEngine/Common/DerivedDataCache/Buckets/GlobalShaderMap/21/0b/30fcc4edcfa0c8fc9bb78e119882199aef19.udd" 3026
"C:/Users/kbc12306156/AppData/Local/UnrealEngine/Common/DerivedDataCache/Buckets/GlobalShaderMap/22/bb/6758f007db9b069103fba05c50f462b99eb7.udd" 3027
"C:/Users/kbc12306156/AppData/Local/UnrealEngine/Common/DerivedDataCache/Buckets/GlobalShaderMap/09/2b/44381b7fdb7e7972978485e03996eb8986a9.udd" 3028
"C:/Users/kbc12306156/AppData/Local/UnrealEngine/Common/DerivedDataCache/Buckets/GlobalShaderMap/6d/8a/bec79b8f9e97cfd36394f92b80adebbc4b4d.udd" 3029
"C:/Users/kbc12306156/AppData/Local/UnrealEngine/Common/DerivedDataCache/Buckets/GlobalShaderMap/cc/cd/b29a18758dccc52aba248d33ae3a54b02ec6.udd" 3030
"C:/Users/kbc12306156/AppData/Local/UnrealEngine/Common/DerivedDataCache/Buckets/GlobalShaderMap/33/16/cb448c0c41598adca6982e823f830ac19bb4.udd" 3031
"C:/Users/kbc12306156/AppData/Local/UnrealEngine/Common/DerivedDataCache/Buckets/GlobalShaderMap/d9/78/f3c11db29edc792f4c01dbd31a142478813b.udd" 3032
"C:/Users/kbc12306156/AppData/Local/UnrealEngine/Common/DerivedDataCache/Buckets/GlobalShaderMap/56/16/bd40646f96abbceb42ba2ff56e1f596078a8.udd" 3033
"C:/Users/kbc12306156/AppData/Local/UnrealEngine/Common/DerivedDataCache/Buckets/GlobalShaderMap/f4/16/29299e14ed7af21b1e0904179b2c479f6990.udd" 3034
"C:/Users/kbc12306156/AppData/Local/UnrealEngine/Common/DerivedDataCache/Buckets/GlobalShaderMap/0c/ce/fc2c373670b2e9b107a9cf968fb6f677d518.udd" 3035
"C:/Users/kbc12306156/AppData/Local/UnrealEngine/Common/DerivedDataCache/Buckets/GlobalShaderMap/09/1c/ca5b1b1fd6c21dcc3c7003accbb634a88993.udd" 3036
"C:/Users/kbc12306156/AppData/Local/UnrealEngine/Common/DerivedDataCache/Buckets/GlobalShaderMap/66/1d/7ff8d3531da23c3bbdd26a856cd5a37ec898.udd" 3037
"C:/Users/kbc12306156/AppData/Local/UnrealEngine/Common/DerivedDataCache/Buckets/GlobalShaderMap/6c/da/2590dbfb24132ac4701f3e8cfe059f835a6c.udd" 3038
"C:/Users/kbc12306156/AppData/Local/UnrealEngine/Common/DerivedDataCache/Buckets/GlobalShaderMap/eb/b5/eda515fc9960ce8ce0d57e4aa71b72d0ec45.udd" 3039
"C:/Users/kbc12306156/AppData/Local/UnrealEngine/Common/DerivedDataCache/Buckets/GlobalShaderMap/71/e7/157149e6c6087317c8386eb86a50ece8d709.udd" 3040
"C:/Users/kbc12306156/AppData/Local/UnrealEngine/Common/DerivedDataCache/Buckets/GlobalShaderMap/df/7c/dbc5b60181bc259f421419f461d02633f63d.udd" 3041
"C:/Users/kbc12306156/AppData/Local/UnrealEngine/Common/DerivedDataCache/Buckets/GlobalShaderMap/72/b0/a805b7f309a2e35c94a777da2e233da2064a.udd" 3042
"C:/Users/kbc12306156/AppData/Local/UnrealEngine/Common/DerivedDataCache/Buckets/GlobalShaderMap/ea/93/e29a8453faed2146387f7acaca3e96e718ac.udd" 3043
"C:/Users/kbc12306156/AppData/Local/UnrealEngine/Common/DerivedDataCache/Buckets/GlobalShaderMap/e9/36/4ad6e1c4d95a5f885b664eb9debc1d637acc.udd" 3044
"C:/Users/kbc12306156/AppData/Local/UnrealEngine/Common/DerivedDataCache/Buckets/GlobalShaderMap/ac/f6/7bd5b4401b1e404f483ecbc466a291efb487.udd" 3045
"C:/Users/kbc12306156/AppData/Local/UnrealEngine/Common/DerivedDataCache/Buckets/GlobalShaderMap/f9/57/33e3bbe934dee77f5003f4fdca13d8c9e023.udd" 3046
"C:/Users/kbc12306156/AppData/Local/UnrealEngine/Common/DerivedDataCache/Buckets/GlobalShaderMap/75/c0/8d4a5fc507cd64ed5b711bd82734c85aab07.udd" 3047
"C:/Users/kbc12306156/AppData/Local/UnrealEngine/Common/DerivedDataCache/Buckets/GlobalShaderMap/1b/25/3e9baa4e638298b267c3819aec664450f577.udd" 3048
"C:/Users/kbc12306156/AppData/Local/UnrealEngine/Common/DerivedDataCache/Buckets/GlobalShaderMap/25/90/b3ab68df6e70e7babd6998237123dbcb4d9c.udd" 3049
"C:/Users/kbc12306156/AppData/Local/UnrealEngine/Common/DerivedDataCache/Buckets/GlobalShaderMap/f9/a2/2b133cf69864568631123de6dc322dd1955d.udd" 3050
"C:/Users/kbc12306156/AppData/Local/UnrealEngine/Common/DerivedDataCache/Buckets/GlobalShaderMap/74/1c/53bc1d08457a9a0fc74ef293ae5304a89e34.udd" 3051
"C:/Users/kbc12306156/AppData/Local/UnrealEngine/Common/DerivedDataCache/Buckets/GlobalShaderMap/8b/27/b22b95a387e7d89027174aab341f6d2d8755.udd" 3052
"C:/Users/kbc12306156/AppData/Local/UnrealEngine/Common/DerivedDataCache/Buckets/GlobalShaderMap/40/d6/633ef5bc468cc65e7983f28ca5191d0b481b.udd" 3053
"C:/Users/kbc12306156/AppData/Local/UnrealEngine/Common/DerivedDataCache/Buckets/GlobalShaderMap/42/35/c15a8c2df53b665713abd449be4bc1ba296d.udd" 3054
"C:/Users/kbc12306156/AppData/Local/UnrealEngine/Common/DerivedDataCache/Buckets/GlobalShaderMap/51/87/6cfd36f335d62d1f8ad82f891e59077a0bd1.udd" 3055
"C:/Users/kbc12306156/AppData/Local/UnrealEngine/Common/DerivedDataCache/Buckets/GlobalShaderMap/41/b0/962c38b39eb7535c47ca70ecad713242eb4c.udd" 3056
"C:/Users/kbc12306156/AppData/Local/UnrealEngine/Common/DerivedDataCache/Buckets/GlobalShaderMap/ed/69/ea9906cb4b7ecacc85ad0e1dccb6a3260799.udd" 3057
"C:/Users/kbc12306156/AppData/Local/UnrealEngine/Common/DerivedDataCache/Buckets/GlobalShaderMap/56/79/75636d57d9ae61b3c9056e219bdee4e8d9af.udd" 3058
"C:/Users/kbc12306156/AppData/Local/UnrealEngine/Common/DerivedDataCache/Buckets/GlobalShaderMap/e1/43/dab8026914806e870ef11ba755030ada3d77.udd" 3059
"C:/Users/kbc12306156/AppData/Local/UnrealEngine/Common/DerivedDataCache/Buckets/GlobalShaderMap/2b/2f/229d2d300e8523d0f1831e0a1143e40fe31d.udd" 3060
"C:/Users/kbc12306156/AppData/Local/UnrealEngine/Common/DerivedDataCache/Buckets/GlobalShaderMap/aa/a2/4e4866bc520e4e7ca976c48784f8c11ef8de.udd" 3061
"C:/Users/kbc12306156/AppData/Local/UnrealEngine/Common/DerivedDataCache/Buckets/GlobalShaderMap/62/50/371db3a95d2bd3a0382172c9b510b8e4f9cf.udd" 3062
"C:/Users/kbc12306156/AppData/Local/UnrealEngine/Common/DerivedDataCache/Buckets/GlobalShaderMap/b7/92/f88502a6568a88beff63a1a35ccd5d84a660.udd" 3063
"C:/Users/kbc12306156/AppData/Local/UnrealEngine/Common/DerivedDataCache/Buckets/GlobalShaderMap/a8/10/66b4bfec1c8e4fb4490835749e00333f5dcf.udd" 3064
"C:/Users/kbc12306156/AppData/Local/UnrealEngine/Common/DerivedDataCache/Buckets/GlobalShaderMap/e8/f6/4bb83922273edb2e5de009c024a7ada8df02.udd" 3065
"C:/Users/kbc12306156/AppData/Local/UnrealEngine/Common/DerivedDataCache/Buckets/GlobalShaderMap/e4/d8/549e8138a3a8d1d5b0e89e8cb2f752498c17.udd" 3066
"C:/Users/kbc12306156/AppData/Local/UnrealEngine/Common/DerivedDataCache/Buckets/GlobalShaderMap/ed/c2/89c5cd1678c3856f63e915bc74710957cf61.udd" 3067
"C:/Users/kbc12306156/AppData/Local/UnrealEngine/Common/DerivedDataCache/Buckets/GlobalShaderMap/74/ad/e3ee3179af864118d28fca0b10acc12963af.udd" 3068
"C:/Users/kbc12306156/AppData/Local/UnrealEngine/Common/DerivedDataCache/Buckets/GlobalShaderMap/47/c6/51625049675d0beaa4b21442a27788e0cf79.udd" 3069
"C:/Users/kbc12306156/AppData/Local/UnrealEngine/Common/DerivedDataCache/Buckets/GlobalShaderMap/17/69/a8ccebb33dfc09050a138dfc356b4dac35a2.udd" 3070
"C:/Users/kbc12306156/AppData/Local/UnrealEngine/Common/DerivedDataCache/Buckets/GlobalShaderMap/f6/02/11476504ef5819ffb5ab58819fb9d9547c1f.udd" 3071
"C:/Users/kbc12306156/AppData/Local/UnrealEngine/Common/DerivedDataCache/Buckets/GlobalShaderMap/46/21/d277005634f82b4c582568520f616cf4ecdb.udd" 3072
"C:/Users/kbc12306156/AppData/Local/UnrealEngine/Common/DerivedDataCache/Buckets/GlobalShaderMap/9a/97/599bd58d720f58b26925369d431713623110.udd" 3073
"C:/Users/kbc12306156/AppData/Local/UnrealEngine/Common/DerivedDataCache/Buckets/GlobalShaderMap/9c/7b/b9c2df108eb3528f15e337a9be978d3e1770.udd" 3074
"C:/Users/kbc12306156/AppData/Local/UnrealEngine/Common/DerivedDataCache/Buckets/GlobalShaderMap/2f/97/c9d5f3227e1a7da938b1810487c786d5eee2.udd" 3075
"C:/Users/kbc12306156/AppData/Local/UnrealEngine/Common/DerivedDataCache/Buckets/GlobalShaderMap/94/2d/98c30658003dc94bd366b7a17bade0a0a9f7.udd" 3076
"C:/Users/kbc12306156/AppData/Local/UnrealEngine/Common/DerivedDataCache/Buckets/GlobalShaderMap/e0/6c/cbe2e8281eca357fbbfd3c66987d361d7ab2.udd" 3077
"C:/Users/kbc12306156/AppData/Local/UnrealEngine/Common/DerivedDataCache/Buckets/GlobalShaderMap/6e/a8/b754b908eb81f87eda1bb32a0d9f95940fd3.udd" 3078
"C:/Users/kbc12306156/AppData/Local/UnrealEngine/Common/DerivedDataCache/Buckets/GlobalShaderMap/73/88/0ad1a511e6b68294a0ef84583c68ad1e3cce.udd" 3079
"C:/Users/kbc12306156/AppData/Local/UnrealEngine/Common/DerivedDataCache/Buckets/GlobalShaderMap/87/f8/a3f56eef6c80394a9e48b498b092b56caf9a.udd" 3080
"C:/Users/kbc12306156/AppData/Local/UnrealEngine/Common/DerivedDataCache/Buckets/GlobalShaderMap/34/c7/fbb885d06ba8ad0d986215adb7d070744029.udd" 3081
"C:/Users/kbc12306156/AppData/Local/UnrealEngine/Common/DerivedDataCache/Buckets/GlobalShaderMap/bc/69/a962d33599096ab0391e7936fc00cb821f8e.udd" 3082
"C:/Users/kbc12306156/AppData/Local/UnrealEngine/Common/DerivedDataCache/Buckets/GlobalShaderMap/56/6f/1973e5756e542e1e331bb5b52fe8b0b11e99.udd" 3083
"C:/Users/kbc12306156/AppData/Local/UnrealEngine/Common/DerivedDataCache/Buckets/GlobalShaderMap/bd/b5/657d11cbd6048ba18da46f4f1f31faaefcf5.udd" 3084
"C:/Users/kbc12306156/AppData/Local/UnrealEngine/Common/DerivedDataCache/Buckets/GlobalShaderMap/5d/14/888c72a8e98a756c0ce2528fb3c049248d57.udd" 3085
"C:/Users/kbc12306156/AppData/Local/UnrealEngine/Common/DerivedDataCache/Buckets/GlobalShaderMap/04/2b/e499e24c6fc1fceff7b1f11c410ef16fe867.udd" 3086
"C:/Users/kbc12306156/AppData/Local/UnrealEngine/Common/DerivedDataCache/Buckets/GlobalShaderMap/55/7d/110b62eb1e6fca67ecae4716d1971d619d6b.udd" 3087
"C:/Users/kbc12306156/AppData/Local/UnrealEngine/Common/DerivedDataCache/Buckets/GlobalShaderMap/9e/4c/796e88b60f9cfb2ebf1232549f34ea5e9a22.udd" 3088
"C:/Users/kbc12306156/AppData/Local/UnrealEngine/Common/DerivedDataCache/Buckets/GlobalShaderMap/17/f4/f34d796172a5927647b44ce8126359783d49.udd" 3089
"C:/Users/kbc12306156/AppData/Local/UnrealEngine/Common/DerivedDataCache/Buckets/GlobalShaderMap/0f/30/527ef3a4348a36028e049c61874a86f0ba83.udd" 3090
"C:/Users/kbc12306156/AppData/Local/UnrealEngine/Common/DerivedDataCache/Buckets/GlobalShaderMap/0f/12/e0e58cf41f2aaae88eb0496d18917c832a09.udd" 3091
"C:/Users/kbc12306156/AppData/Local/UnrealEngine/Common/DerivedDataCache/Buckets/GlobalShaderMap/dd/41/f853317b9900e35308ccb884d91ea0b41c6e.udd" 3092
"C:/Users/kbc12306156/AppData/Local/UnrealEngine/Common/DerivedDataCache/Buckets/GlobalShaderMap/04/b9/63e9f9be8099288b59c912052934fdc95e2f.udd" 3093
"C:/Users/kbc12306156/AppData/Local/UnrealEngine/Common/DerivedDataCache/Buckets/GlobalShaderMap/c2/15/bafa101e04f71485435d455b699ea9785278.udd" 3094
"C:/Users/kbc12306156/AppData/Local/UnrealEngine/Common/DerivedDataCache/Buckets/GlobalShaderMap/72/67/62cbe93b3ca7ef17c3e4e08573e4bd722f91.udd" 3095
"C:/Users/kbc12306156/AppData/Local/UnrealEngine/Common/DerivedDataCache/Buckets/GlobalShaderMap/34/5e/6d2015f59019a292583de5e0bb9d2f8083d4.udd" 3096
"C:/Users/kbc12306156/AppData/Local/UnrealEngine/Common/DerivedDataCache/Buckets/GlobalShaderMap/36/30/1c57e65bc545171ffa8d8f86561af6dcbf16.udd" 3097
"C:/Users/kbc12306156/AppData/Local/UnrealEngine/Common/DerivedDataCache/Buckets/GlobalShaderMap/c0/58/ba3fdbb19a0ba972ae8a7e55a1fc585fdc33.udd" 3098
"C:/Users/kbc12306156/AppData/Local/UnrealEngine/Common/DerivedDataCache/Buckets/GlobalShaderMap/d5/51/ca89897232b74e3a8742d53b337c88816e85.udd" 3099
"C:/Users/kbc12306156/AppData/Local/UnrealEngine/Common/DerivedDataCache/Buckets/GlobalShaderMap/ae/f7/0823710a4cfab2982da51a261b5973ce3214.udd" 3100
"C:/Users/kbc12306156/AppData/Local/UnrealEngine/Common/DerivedDataCache/Buckets/GlobalShaderMap/d2/a2/1dad4788b61446d30f288cf59d1acefb1031.udd" 3101
"C:/Users/kbc12306156/AppData/Local/UnrealEngine/Common/DerivedDataCache/Buckets/GlobalShaderMap/d0/5b/e10994a79236a9fb7229c1fec2b84b964f8b.udd" 3102
"C:/Users/kbc12306156/AppData/Local/UnrealEngine/Common/DerivedDataCache/Buckets/GlobalShaderMap/c3/48/2008afe7c2810b596e236325d4f095978b8d.udd" 3103
"C:/Users/kbc12306156/AppData/Local/UnrealEngine/Common/DerivedDataCache/Buckets/GlobalShaderMap/1a/e7/06f005503a7f754e99fb99a2a6d5f5f5e770.udd" 3104
"C:/Users/kbc12306156/AppData/Local/UnrealEngine/Common/DerivedDataCache/Buckets/GlobalShaderMap/cd/c0/4b06c4787cf1c213700383fde5522eab3d9b.udd" 3105
"C:/Users/kbc12306156/AppData/Local/UnrealEngine/Common/DerivedDataCache/Buckets/GlobalShaderMap/fa/22/23ee0617b3ba6ddc99b8f61ddb979f4ad06a.udd" 3106
"C:/Users/kbc12306156/AppData/Local/UnrealEngine/Common/DerivedDataCache/Buckets/GlobalShaderMap/84/29/30407d4d9b2bb413406ac7cde45165278efd.udd" 3107
"C:/Users/kbc12306156/AppData/Local/UnrealEngine/Common/DerivedDataCache/Buckets/GlobalShaderMap/bf/54/2bf6caae89a03b43aff4902cc56125b28bd4.udd" 3108
"C:/Users/kbc12306156/AppData/Local/UnrealEngine/Common/DerivedDataCache/Buckets/GlobalShaderMap/b3/c5/8cf8f5ffb9301bb854210773305a67d9e6c4.udd" 3109
"C:/Users/kbc12306156/AppData/Local/UnrealEngine/Common/DerivedDataCache/Buckets/GlobalShaderMap/f4/6e/27232724fd8a2adb2e548c39ecc225bc8e0d.udd" 3110
"C:/Users/kbc12306156/AppData/Local/UnrealEngine/Common/DerivedDataCache/Buckets/GlobalShaderMap/5d/8b/9a3e88f7c69fc48d2d7bb57c09a94f77c3ae.udd" 3111
"C:/Users/kbc12306156/AppData/Local/UnrealEngine/Common/DerivedDataCache/Buckets/GlobalShaderMap/4b/75/f921024c0fadc686bd7a58a9f7c5bb51f4ed.udd" 3112
"C:/Users/kbc12306156/AppData/Local/UnrealEngine/Common/DerivedDataCache/Buckets/GlobalShaderMap/a3/b7/fbaf3e858cdb5a492bb67a6a6572a33ca52b.udd" 3113
"C:/Users/kbc12306156/AppData/Local/UnrealEngine/Common/DerivedDataCache/Buckets/GlobalShaderMap/05/a8/5d11960fc1a2ab2559b2dfa6f56471e8b183.udd" 3114
"C:/Users/kbc12306156/AppData/Local/UnrealEngine/Common/DerivedDataCache/Buckets/GlobalShaderMap/89/94/3163959d3470658e7f6ecf75925dc9842ac5.udd" 3115
"C:/Users/kbc12306156/AppData/Local/UnrealEngine/Common/DerivedDataCache/Buckets/GlobalShaderMap/53/42/b64e97c00ecaae34729c99c42d13d6885739.udd" 3116
"C:/Users/kbc12306156/AppData/Local/UnrealEngine/Common/DerivedDataCache/Buckets/GlobalShaderMap/c2/69/c11b554c7808c92af01850b88634a855a51e.udd" 3117
"C:/Users/kbc12306156/AppData/Local/UnrealEngine/Common/DerivedDataCache/Buckets/GlobalShaderMap/48/1a/48cea31c561eda9e387d198fea9f57b174d5.udd" 3118
"C:/Users/kbc12306156/AppData/Local/UnrealEngine/Common/DerivedDataCache/Buckets/GlobalShaderMap/64/fa/8285b6753cd864fc3a3cbb816542273ee688.udd" 3119
"C:/Users/kbc12306156/AppData/Local/UnrealEngine/Common/DerivedDataCache/Buckets/GlobalShaderMap/a9/2a/cd7a5c5b1dff8ed62c64bbe66c11da4f3db8.udd" 3120
"C:/Users/kbc12306156/AppData/Local/UnrealEngine/Common/DerivedDataCache/Buckets/GlobalShaderMap/5e/02/c1db74fed48dec37f211bcf3ce78a83ef9d1.udd" 3121
"C:/Users/kbc12306156/AppData/Local/UnrealEngine/Common/DerivedDataCache/Buckets/GlobalShaderMap/2d/98/6447837c7c1ae7e348ade778143397cad6a1.udd" 3122
"C:/Users/kbc12306156/AppData/Local/UnrealEngine/Common/DerivedDataCache/Buckets/GlobalShaderMap/c6/6a/f9dd820f496d550e4b87c17dbb2f2a324551.udd" 3123
"C:/Users/kbc12306156/AppData/Local/UnrealEngine/Common/DerivedDataCache/Buckets/GlobalShaderMap/1a/62/4d84c6a476bdf53d30c88d8cf4ee4ba26e7e.udd" 3124
"C:/Users/kbc12306156/AppData/Local/UnrealEngine/Common/DerivedDataCache/Buckets/GlobalShaderMap/85/4e/b9c19958e46e01743611736bd893be8f2bbc.udd" 3125
"C:/Users/kbc12306156/AppData/Local/UnrealEngine/Common/DerivedDataCache/Buckets/GlobalShaderMap/b2/b3/8ac51598635392e8aceefe5581263619cd2d.udd" 3126
"C:/Users/kbc12306156/AppData/Local/UnrealEngine/Common/DerivedDataCache/Buckets/GlobalShaderMap/dc/e4/e61a6e91433bb8f4a2d97c730039fb0f754c.udd" 3127
"C:/Users/kbc12306156/AppData/Local/UnrealEngine/Common/DerivedDataCache/Buckets/GlobalShaderMap/d0/9e/f3a73edaf890bc6d482361805644346bba5f.udd" 3128
"C:/Users/kbc12306156/AppData/Local/UnrealEngine/Common/DerivedDataCache/Buckets/GlobalShaderMap/c6/42/f7227002ab8863911d8d522c0ba2ce661a55.udd" 3129
"C:/Users/kbc12306156/AppData/Local/UnrealEngine/Common/DerivedDataCache/Buckets/GlobalShaderMap/50/f2/a003407953d257d159adb39635da832a8aaf.udd" 3130
"C:/Users/kbc12306156/AppData/Local/UnrealEngine/Common/DerivedDataCache/Buckets/GlobalShaderMap/6e/c8/064c52d7f2aca5eba1af75b480ccb88ce744.udd" 3131
"C:/Users/kbc12306156/AppData/Local/UnrealEngine/Common/DerivedDataCache/Buckets/GlobalShaderMap/6c/2f/e5829ad5ce76885b63797a4913d1e2567f26.udd" 3132
"C:/Users/kbc12306156/AppData/Local/UnrealEngine/Common/DerivedDataCache/Buckets/GlobalShaderMap/87/b4/731521ee6d5fa06ab7f68bbcd33d002cd5d6.udd" 3133
"C:/Users/kbc12306156/AppData/Local/UnrealEngine/Common/DerivedDataCache/Buckets/GlobalShaderMap/2e/4c/dae52d1db6a0a07a7b701711176db039c126.udd" 3134
"C:/Users/kbc12306156/AppData/Local/UnrealEngine/Common/DerivedDataCache/Buckets/GlobalShaderMap/c8/23/62c71811d06ad16cb279c16feb5355be44a7.udd" 3135
"C:/Users/kbc12306156/AppData/Local/UnrealEngine/Common/DerivedDataCache/Buckets/GlobalShaderMap/45/7f/db669962d27baf489074beb7282a57327d02.udd" 3136
"C:/Users/kbc12306156/AppData/Local/UnrealEngine/Common/DerivedDataCache/Buckets/GlobalShaderMap/da/b9/a992769b20dbc8d2504a9cb25d14186c87a7.udd" 3137
"C:/Users/kbc12306156/AppData/Local/UnrealEngine/Common/DerivedDataCache/Buckets/GlobalShaderMap/29/e4/31bf84f255f1a6b9c1965add17e1b8d67fc4.udd" 3138
"C:/Users/kbc12306156/AppData/Local/UnrealEngine/Common/DerivedDataCache/Buckets/GlobalShaderMap/7b/c6/3508898425ce9f2659d038493f1d4b29e79b.udd" 3139
"C:/Users/kbc12306156/AppData/Local/UnrealEngine/Common/DerivedDataCache/Buckets/GlobalShaderMap/9c/f4/a900d740d266ebcae7ec672f1bc361e7df8f.udd" 3140
"C:/Users/kbc12306156/AppData/Local/UnrealEngine/Common/DerivedDataCache/Buckets/GlobalShaderMap/06/78/9f52a40e146a7fc4a86a6757a26f67019107.udd" 3141
"C:/Users/kbc12306156/AppData/Local/UnrealEngine/Common/DerivedDataCache/Buckets/GlobalShaderMap/2e/c3/b85afc0698cc20565a1b9749c5a8113a2f24.udd" 3142
"C:/Users/kbc12306156/AppData/Local/UnrealEngine/Common/DerivedDataCache/Buckets/GlobalShaderMap/06/d2/557cfbb38c7f84d294392f1044756dcb2250.udd" 3143
"C:/Users/kbc12306156/AppData/Local/UnrealEngine/Common/DerivedDataCache/Buckets/GlobalShaderMap/4d/ca/ba27ca67537483c18059a9f7d0d0268307a7.udd" 3144
"C:/Users/kbc12306156/AppData/Local/UnrealEngine/Common/DerivedDataCache/Buckets/GlobalShaderMap/8c/3b/5b8588673d644a406d733c3bf8ae46474750.udd" 3145
"C:/Users/kbc12306156/AppData/Local/UnrealEngine/Common/DerivedDataCache/Buckets/GlobalShaderMap/80/d5/5e828d7ec6cfe3d24c3527bfedc494fb77c5.udd" 3146
"C:/Users/kbc12306156/AppData/Local/UnrealEngine/Common/DerivedDataCache/Buckets/GlobalShaderMap/8d/ac/7e7289794131aedba47ad67c04a8a8d5e7de.udd" 3147
"C:/Users/kbc12306156/AppData/Local/UnrealEngine/Common/DerivedDataCache/Buckets/GlobalShaderMap/77/a5/acbb15e22be64d865db50b715a9971872c6a.udd" 3148
"C:/Users/kbc12306156/AppData/Local/UnrealEngine/Common/DerivedDataCache/Buckets/GlobalShaderMap/44/7d/59c242cc954a4c18318e1469f5bfb2cf164e.udd" 3149
"C:/Users/kbc12306156/AppData/Local/UnrealEngine/Common/DerivedDataCache/Buckets/GlobalShaderMap/d4/51/77e75e107cf447f9913482159e03f1732288.udd" 3150
"C:/Users/kbc12306156/AppData/Local/UnrealEngine/Common/DerivedDataCache/Buckets/GlobalShaderMap/8a/29/effad3b60317e41cbb0b2e70fafd4489d6f3.udd" 3151
"C:/Users/kbc12306156/AppData/Local/UnrealEngine/Common/DerivedDataCache/Buckets/GlobalShaderMap/78/ff/91c2e19a5f32b1b9c2c7f60bac5be5057950.udd" 3152
"C:/Users/kbc12306156/AppData/Local/UnrealEngine/Common/DerivedDataCache/Buckets/GlobalShaderMap/13/82/76b51a57517eff695b1fb6635a917fe70fa5.udd" 3153
"C:/Users/kbc12306156/AppData/Local/UnrealEngine/Common/DerivedDataCache/Buckets/GlobalShaderMap/89/06/84429c8f5d0c9df271b65c0e7787d7cc412d.udd" 3154
"C:/Users/kbc12306156/AppData/Local/UnrealEngine/Common/DerivedDataCache/Buckets/GlobalShaderMap/29/67/255d7bb320ff92baef2778cceea0eaccbfae.udd" 3155
"C:/Users/kbc12306156/AppData/Local/UnrealEngine/Common/DerivedDataCache/Buckets/GlobalShaderMap/06/aa/f41649d6af916725121b9fd2f0c54d12eadd.udd" 3156
"C:/Users/kbc12306156/AppData/Local/UnrealEngine/Common/DerivedDataCache/Buckets/GlobalShaderMap/1f/3e/97070f9d74fca653d720203f24885a645106.udd" 3157
"C:/Users/kbc12306156/AppData/Local/UnrealEngine/Common/DerivedDataCache/Buckets/GlobalShaderMap/e1/82/25d70f23e2c70d81eae605edbe81285baf55.udd" 3158
"C:/Users/kbc12306156/AppData/Local/UnrealEngine/Common/DerivedDataCache/Buckets/GlobalShaderMap/f9/68/0e6fe8c869b1f843542f8881f5d4bce70244.udd" 3159
"C:/Users/kbc12306156/AppData/Local/UnrealEngine/Common/DerivedDataCache/Buckets/GlobalShaderMap/32/31/7843c6102c79896c638ad082dd02494af00c.udd" 3160
"C:/Users/kbc12306156/AppData/Local/UnrealEngine/Common/DerivedDataCache/Buckets/GlobalShaderMap/5e/17/442381f3f507a4b3eff463bdb672e3022cbc.udd" 3161
"C:/Users/kbc12306156/AppData/Local/UnrealEngine/Common/DerivedDataCache/Buckets/GlobalShaderMap/42/9e/4cef39d73619cb23d90c4379fc22a8bbf876.udd" 3162
"C:/Users/kbc12306156/AppData/Local/UnrealEngine/Common/DerivedDataCache/Buckets/GlobalShaderMap/cf/c2/c0bbd8d714c3a87c32016101639350955d0f.udd" 3163
"C:/Users/kbc12306156/AppData/Local/UnrealEngine/Common/DerivedDataCache/Buckets/GlobalShaderMap/4e/95/0718c4cec5cc7ab77b5d09d192e8ec0b6623.udd" 3164
"C:/Users/kbc12306156/AppData/Local/UnrealEngine/Common/DerivedDataCache/Buckets/GlobalShaderMap/4f/f5/ca9c9cc02da8128ca44f50e34cf214b0026c.udd" 3165
"C:/Users/kbc12306156/AppData/Local/UnrealEngine/Common/DerivedDataCache/Buckets/GlobalShaderMap/e4/a8/eb80443bf2c6071152cfd846efb238fdb253.udd" 3166
"C:/Users/kbc12306156/AppData/Local/UnrealEngine/Common/DerivedDataCache/Buckets/GlobalShaderMap/b3/2b/b6af6df5d599db72e45085aaca99edf10b19.udd" 3167
"C:/Users/kbc12306156/AppData/Local/UnrealEngine/Common/DerivedDataCache/Buckets/GlobalShaderMap/4a/c5/e92e5f8da1640bbeb9506dda6c8589c6055f.udd" 3168
"C:/Users/kbc12306156/AppData/Local/UnrealEngine/Common/DerivedDataCache/Buckets/GlobalShaderMap/68/5e/212e631483be6ca0ee93b175ed5eb5275ebf.udd" 3169
"C:/Users/kbc12306156/AppData/Local/UnrealEngine/Common/DerivedDataCache/Buckets/GlobalShaderMap/a8/7e/7e159cad6e0f3d384247facd50d579ba1727.udd" 3170
"C:/Users/kbc12306156/AppData/Local/UnrealEngine/Common/DerivedDataCache/Buckets/GlobalShaderMap/d2/b2/bb03892cb278b7335eab733371ea1d6b496c.udd" 3171
"C:/Users/kbc12306156/AppData/Local/UnrealEngine/Common/DerivedDataCache/Buckets/GlobalShaderMap/44/f5/f6d90ab3cba0507031068de7923544c06968.udd" 3172
"C:/Users/kbc12306156/AppData/Local/UnrealEngine/Common/DerivedDataCache/Buckets/GlobalShaderMap/25/49/cb4c48a40f9026ae5e0b758a02ca0f0cc2ba.udd" 3173
"C:/Users/kbc12306156/AppData/Local/UnrealEngine/Common/DerivedDataCache/Buckets/GlobalShaderMap/3c/79/2f3fd837b03bb92fd3985a1c3944f810f24f.udd" 3174
"C:/Users/kbc12306156/AppData/Local/UnrealEngine/Common/DerivedDataCache/Buckets/GlobalShaderMap/11/17/c15be600efb55dc06514c350fc4c7a708e8a.udd" 3175
"C:/Users/kbc12306156/AppData/Local/UnrealEngine/Common/DerivedDataCache/Content/ef/b2/5c1b3f017068f8c35a09fcf59a5e275ee32b.udd" 3176
"C:/Users/kbc12306156/AppData/Local/UnrealEngine/Common/DerivedDataCache/Buckets/GlobalShaderMap/38/a7/a3f2d2c00f297fd5d1571d59c2a1a169c87b.udd" 3177
"C:/Users/kbc12306156/AppData/Local/UnrealEngine/Common/DerivedDataCache/Buckets/GlobalShaderMap/43/17/23cabfa04ffa6123f0fd216587335d39a66f.udd" 3178
"C:/Users/kbc12306156/AppData/Local/UnrealEngine/Common/DerivedDataCache/Buckets/GlobalShaderMap/a9/fa/24b64c44eae438054c213ffb9abea2adc26c.udd" 3179
"C:/Users/kbc12306156/AppData/Local/UnrealEngine/Common/DerivedDataCache/Buckets/GlobalShaderMap/3b/a7/2f00f92329daa2344e563cc05144a3336d31.udd" 3180
"C:/Users/kbc12306156/AppData/Local/UnrealEngine/Common/DerivedDataCache/Buckets/GlobalShaderMap/cc/77/09b54b9fd81effc74c154def41a65d2717b6.udd" 3181
"C:/Users/kbc12306156/AppData/Local/UnrealEngine/Common/DerivedDataCache/Buckets/GlobalShaderMap/0f/33/853bf9aa9e95a5b8b9fa0991ec4d77b3943c.udd" 3182
"C:/Users/kbc12306156/AppData/Local/UnrealEngine/Common/DerivedDataCache/Buckets/GlobalShaderMap/c2/fd/dae5678974f5f7365708357b7f713922bbb8.udd" 3183
"C:/Users/kbc12306156/AppData/Local/UnrealEngine/Common/DerivedDataCache/Buckets/GlobalShaderMap/23/d6/ed15923b2024b22af8e3cc3211e5748f5174.udd" 3184
"C:/Users/kbc12306156/AppData/Local/UnrealEngine/Common/DerivedDataCache/Buckets/GlobalShaderMap/0d/66/47a62abf4b254c9095c8884eb0ea2bb3af41.udd" 3185
"C:/Users/kbc12306156/AppData/Local/UnrealEngine/Common/DerivedDataCache/Buckets/GlobalShaderMap/da/72/c3e0cd1820a74396f21bea5581a498a64e1e.udd" 3186
"C:/Users/kbc12306156/AppData/Local/UnrealEngine/Common/DerivedDataCache/Buckets/GlobalShaderMap/86/bb/23e5854307bb061ee7425829698d41206d43.udd" 3187
"C:/Users/kbc12306156/AppData/Local/UnrealEngine/Common/DerivedDataCache/Buckets/GlobalShaderMap/d7/f7/0bbd7124ba9f74e0c8a2b135584885e122e0.udd" 3188
"C:/Users/kbc12306156/AppData/Local/UnrealEngine/Common/DerivedDataCache/Buckets/GlobalShaderMap/f3/3b/435bc7e77e85cfead23a67e49952df8e729b.udd" 3189
"C:/Users/kbc12306156/AppData/Local/UnrealEngine/Common/DerivedDataCache/Buckets/GlobalShaderMap/3d/36/2d99313c4ae0a995ad35562ce4f97875e90a.udd" 3190
"C:/Users/kbc12306156/AppData/Local/UnrealEngine/Common/DerivedDataCache/Buckets/GlobalShaderMap/56/2b/132bc5f92bab6c1379808c23a3779ff5db8e.udd" 3191
"C:/Users/kbc12306156/AppData/Local/UnrealEngine/Common/DerivedDataCache/Buckets/GlobalShaderMap/8d/6c/ad2af9abe5874e5a2a521180a5b84166087b.udd" 3192
"C:/Users/kbc12306156/AppData/Local/UnrealEngine/Common/DerivedDataCache/Buckets/GlobalShaderMap/eb/0f/0984ba122efa3055cc0483ac047bab7d3f6d.udd" 3193
"C:/Users/kbc12306156/AppData/Local/UnrealEngine/Common/DerivedDataCache/Buckets/GlobalShaderMap/c6/02/07b4f6d79e9797a468db3ad2b67811c26374.udd" 3194
"C:/Users/kbc12306156/AppData/Local/UnrealEngine/Common/DerivedDataCache/Buckets/GlobalShaderMap/7d/44/9c4192f5b47e0d850e1282bfd87f87118570.udd" 3195
"C:/Users/kbc12306156/AppData/Local/UnrealEngine/Common/DerivedDataCache/Buckets/GlobalShaderMap/5b/9a/4f49e57e25691e70133359e21eedbd7f4337.udd" 3196
"C:/Users/kbc12306156/AppData/Local/UnrealEngine/Common/DerivedDataCache/Buckets/GlobalShaderMap/65/12/81725102c345664bb9aadf3ecc7c76e768a6.udd" 3197
"C:/Users/kbc12306156/AppData/Local/UnrealEngine/Common/DerivedDataCache/Buckets/GlobalShaderMap/c9/8f/851d20984d6011614ca8e8b23ffd3004d5c0.udd" 3198
"C:/Users/kbc12306156/AppData/Local/UnrealEngine/Common/DerivedDataCache/Buckets/GlobalShaderMap/10/62/0d6935967c3574fd19b725c800456f413d49.udd" 3199
"C:/Users/kbc12306156/AppData/Local/UnrealEngine/Common/DerivedDataCache/Buckets/GlobalShaderMap/b2/20/a6f9c2a05681f54a2eded7e52845b9d6168e.udd" 3200
"C:/Users/kbc12306156/AppData/Local/UnrealEngine/Common/DerivedDataCache/Buckets/GlobalShaderMap/6a/6e/4abd0e29afce1d293ef2b93e68d53ce017eb.udd" 3201
"C:/Users/kbc12306156/AppData/Local/UnrealEngine/Common/DerivedDataCache/Buckets/GlobalShaderMap/7d/83/ae40503b2a45ff9a1461603f655c3a75af1b.udd" 3202
"C:/Users/kbc12306156/AppData/Local/UnrealEngine/Common/DerivedDataCache/Buckets/GlobalShaderMap/1d/45/bf09714fdee87f6956153aa43208f2c29651.udd" 3203
"C:/Users/kbc12306156/AppData/Local/UnrealEngine/Common/DerivedDataCache/Buckets/GlobalShaderMap/83/43/2b9285cb846c36cb583094e4fb9aefa92069.udd" 3204
"C:/Users/kbc12306156/AppData/Local/UnrealEngine/Common/DerivedDataCache/Buckets/GlobalShaderMap/e8/d1/ced17a486cbdfe3a47396800214231f5d0ab.udd" 3205
"C:/Users/kbc12306156/AppData/Local/UnrealEngine/Common/DerivedDataCache/Buckets/GlobalShaderMap/eb/a6/da04aca8aa837ab8bb5f86abcce26216f440.udd" 3206
"C:/Users/kbc12306156/AppData/Local/UnrealEngine/Common/DerivedDataCache/Buckets/GlobalShaderMap/aa/06/295e027fd6c3134296ad891bb5a10259dbb4.udd" 3207
"C:/Users/kbc12306156/AppData/Local/UnrealEngine/Common/DerivedDataCache/Buckets/GlobalShaderMap/76/43/8326ee700893b5f5b8e5020e786df579340e.udd" 3208
"C:/Users/kbc12306156/AppData/Local/UnrealEngine/Common/DerivedDataCache/Buckets/GlobalShaderMap/4f/43/c16caa5951ec288d5ce5c4643cb95991c1e1.udd" 3209
"C:/Users/kbc12306156/AppData/Local/UnrealEngine/Common/DerivedDataCache/Buckets/GlobalShaderMap/66/48/7eb5cb305b9ddb303ab10bb0d1ba0fe178b6.udd" 3210
"C:/Users/kbc12306156/AppData/Local/UnrealEngine/Common/DerivedDataCache/Buckets/GlobalShaderMap/07/07/65fa30fc9d103a694c0acedc3ba079cc4c16.udd" 3211
"C:/Users/kbc12306156/AppData/Local/UnrealEngine/Common/DerivedDataCache/Buckets/GlobalShaderMap/87/66/f99dcd3b4c646960788305d0332e20e7968c.udd" 3212
"C:/Users/kbc12306156/AppData/Local/UnrealEngine/Common/DerivedDataCache/Buckets/GlobalShaderMap/09/8d/4b75c4c108ce43656f2eeb4799c8dee70a62.udd" 3213
"C:/Users/kbc12306156/AppData/Local/UnrealEngine/Common/DerivedDataCache/Buckets/GlobalShaderMap/19/a6/877ec46e3d5b0cb39223453a1d155b5fb57c.udd" 3214
"C:/Users/kbc12306156/AppData/Local/UnrealEngine/Common/DerivedDataCache/Buckets/GlobalShaderMap/1a/19/ab6c5af0a05917a65c985c41bbd17b10c026.udd" 3215
"C:/Users/kbc12306156/AppData/Local/UnrealEngine/Common/DerivedDataCache/Buckets/GlobalShaderMap/14/ec/6d3020a3e2efde1c34b8ac7e4349ac8d15f5.udd" 3216
"C:/Users/kbc12306156/AppData/Local/UnrealEngine/Common/DerivedDataCache/Buckets/GlobalShaderMap/84/c4/3910fbb0f4a09769f9cc88e378de4611e695.udd" 3217
"C:/Users/kbc12306156/AppData/Local/UnrealEngine/Common/DerivedDataCache/Buckets/GlobalShaderMap/45/08/079a736b47f1973b30ff677085314f47f743.udd" 3218
"C:/Users/kbc12306156/AppData/Local/UnrealEngine/Common/DerivedDataCache/Buckets/GlobalShaderMap/9e/eb/6194e8a1fb4001eeadddfc8245a306541098.udd" 3219
"C:/Users/kbc12306156/AppData/Local/UnrealEngine/Common/DerivedDataCache/Buckets/GlobalShaderMap/14/51/205c2bd12890d9f8bec36104827608c529e5.udd" 3220
"C:/Users/kbc12306156/AppData/Local/UnrealEngine/Common/DerivedDataCache/Buckets/GlobalShaderMap/a9/d3/b7b9b379e19497279ae1aaa80879d4082f51.udd" 3221
"C:/Users/kbc12306156/AppData/Local/UnrealEngine/Common/DerivedDataCache/Buckets/GlobalShaderMap/ca/c6/aa69407c3619c74c7ddb9e00d307e5dc65ab.udd" 3222
"C:/Users/kbc12306156/AppData/Local/UnrealEngine/Common/DerivedDataCache/Buckets/GlobalShaderMap/76/47/eb6da5be288d5ee91e6992a8736a0fa8b441.udd" 3223
"C:/Users/kbc12306156/AppData/Local/UnrealEngine/Common/DerivedDataCache/Buckets/GlobalShaderMap/d1/fa/435ddf3175a8e319b0794fc97dcc1078cabe.udd" 3224
"C:/Users/kbc12306156/AppData/Local/UnrealEngine/Common/DerivedDataCache/Buckets/GlobalShaderMap/64/19/03726d7d64e51fa9a737d30b11b775277522.udd" 3225
"C:/Users/kbc12306156/AppData/Local/UnrealEngine/Common/DerivedDataCache/Buckets/GlobalShaderMap/2a/d8/355d2b9db324387410c53ab49f72b14ebc5a.udd" 3226
"C:/Users/kbc12306156/AppData/Local/UnrealEngine/Common/DerivedDataCache/Buckets/GlobalShaderMap/e9/fc/e473b34a61f2125815383fc81eddd6d40143.udd" 3227
"C:/Users/kbc12306156/AppData/Local/UnrealEngine/Common/DerivedDataCache/Buckets/GlobalShaderMap/cf/19/ecccabfc3f53e3f0d58ad296e87cc78c46de.udd" 3228
"C:/Users/kbc12306156/AppData/Local/UnrealEngine/Common/DerivedDataCache/Buckets/GlobalShaderMap/14/2e/720197fd065efaa3c6eb31c329ae19a955c2.udd" 3229
"C:/Users/kbc12306156/AppData/Local/UnrealEngine/Common/DerivedDataCache/Buckets/GlobalShaderMap/d9/78/f1bc0038a6756d4a28153f4522006819ac85.udd" 3230
"C:/Users/kbc12306156/AppData/Local/UnrealEngine/Common/DerivedDataCache/Buckets/GlobalShaderMap/a9/2c/9353ceb13b4d15fb98b26c12bf41e4f403b5.udd" 3231
"C:/Users/kbc12306156/AppData/Local/UnrealEngine/Common/DerivedDataCache/Buckets/GlobalShaderMap/45/d6/046ed4f0644cee0ad8ac6b3570e2c98f2ecd.udd" 3232
"C:/Users/kbc12306156/AppData/Local/UnrealEngine/Common/DerivedDataCache/Buckets/GlobalShaderMap/e5/8e/8624d068b9e74b5ec7592fb769e228761373.udd" 3233
"C:/Users/kbc12306156/AppData/Local/UnrealEngine/Common/DerivedDataCache/Buckets/GlobalShaderMap/73/71/bdc6ede468aa26d1a414cf51dcff607db1d6.udd" 3234
"C:/Users/kbc12306156/AppData/Local/UnrealEngine/Common/DerivedDataCache/Buckets/GlobalShaderMap/7d/6e/93fe3f8bf2d67392b1cb339d57c124144c1f.udd" 3235
"C:/Users/kbc12306156/AppData/Local/UnrealEngine/Common/DerivedDataCache/Buckets/GlobalShaderMap/5e/94/fd4ea46416484541f6c0ea9b1dff7d56fb8d.udd" 3236
"C:/Users/kbc12306156/AppData/Local/UnrealEngine/Common/DerivedDataCache/Buckets/GlobalShaderMap/d9/55/d1637f3a199756a7f0be10b4429c944dbeb2.udd" 3237
"C:/Users/kbc12306156/AppData/Local/UnrealEngine/Common/DerivedDataCache/Buckets/GlobalShaderMap/da/28/4b6d4c0e3393ad931ea2e9e75db4ea8a44f2.udd" 3238
"C:/Users/kbc12306156/AppData/Local/UnrealEngine/Common/DerivedDataCache/Buckets/GlobalShaderMap/c4/ed/2a7150ec88179f3af5583e6dc6039af27cac.udd" 3239
"C:/Users/kbc12306156/AppData/Local/UnrealEngine/Common/DerivedDataCache/Buckets/GlobalShaderMap/c5/97/ca7795ac8799a028b70fa0c8b9f1852d980f.udd" 3240
"C:/Users/kbc12306156/AppData/Local/UnrealEngine/Common/DerivedDataCache/Buckets/GlobalShaderMap/62/94/5b887959cb6238457478cf644a5af3366a83.udd" 3241
"C:/Users/kbc12306156/AppData/Local/UnrealEngine/Common/DerivedDataCache/Buckets/GlobalShaderMap/7b/3c/55e525f77ed0b3948504106982ca650d7afa.udd" 3242
"C:/Users/kbc12306156/AppData/Local/UnrealEngine/Common/DerivedDataCache/Buckets/GlobalShaderMap/a5/3c/a6443ffd0b7f56323c155a946ead10ca0b3b.udd" 3243
"C:/Users/kbc12306156/AppData/Local/UnrealEngine/Common/DerivedDataCache/Buckets/GlobalShaderMap/eb/0b/557b6a76be2a8c3e0c883a2f1a89f519166b.udd" 3244
"C:/Users/kbc12306156/AppData/Local/UnrealEngine/Common/DerivedDataCache/Buckets/GlobalShaderMap/4d/c9/4d71c9b2309ce96653418208b45c3dfc37d4.udd" 3245
"C:/Users/kbc12306156/AppData/Local/UnrealEngine/Common/DerivedDataCache/Buckets/GlobalShaderMap/8c/64/a4d2fdb038d9adbe27f00808d2b095055c01.udd" 3246
"C:/Users/kbc12306156/AppData/Local/UnrealEngine/Common/DerivedDataCache/Buckets/GlobalShaderMap/f3/1e/7be2aa474c46f16999974792e9298a56b8ef.udd" 3247
"C:/Users/kbc12306156/AppData/Local/UnrealEngine/Common/DerivedDataCache/Buckets/GlobalShaderMap/37/04/0979a83fd7cf65c775b91856d8f8759b1ecf.udd" 3248
"C:/Users/kbc12306156/AppData/Local/UnrealEngine/Common/DerivedDataCache/Buckets/GlobalShaderMap/92/5d/7ae09382f8dd4b200317cbdc3da5ec5c753d.udd" 3249
"C:/Users/kbc12306156/AppData/Local/UnrealEngine/Common/DerivedDataCache/Buckets/GlobalShaderMap/ca/6e/42eeaf183fccc3dee43fe4975922b5829a36.udd" 3250
"C:/Users/kbc12306156/AppData/Local/UnrealEngine/Common/DerivedDataCache/Buckets/GlobalShaderMap/8b/3a/282fa148e5c2045d6735cac6e04deb569b9a.udd" 3251
"C:/Users/kbc12306156/AppData/Local/UnrealEngine/Common/DerivedDataCache/Buckets/GlobalShaderMap/48/07/6df284e498ca12b2d8d83d91040a6f65a5b6.udd" 3252
"C:/Users/kbc12306156/AppData/Local/UnrealEngine/Common/DerivedDataCache/Buckets/GlobalShaderMap/d8/ca/40f29b699e500e4f63f24d620f03355a8042.udd" 3253
"C:/Users/kbc12306156/AppData/Local/UnrealEngine/Common/DerivedDataCache/Buckets/GlobalShaderMap/4d/03/02b8508334792440c250f5b362366c43b5dc.udd" 3254
"C:/Users/kbc12306156/AppData/Local/UnrealEngine/Common/DerivedDataCache/Buckets/GlobalShaderMap/3b/79/3eb1f7a6d377b3966410bc7bc58f55efb42f.udd" 3255
"C:/Users/kbc12306156/AppData/Local/UnrealEngine/Common/DerivedDataCache/Buckets/GlobalShaderMap/8a/e2/23024d53a1204d66753e0555aec977ee3bbf.udd" 3256
"C:/Users/kbc12306156/AppData/Local/UnrealEngine/Common/DerivedDataCache/Buckets/GlobalShaderMap/c9/63/80e1445cc735a6a6b4c7b266a52a90bfa997.udd" 3257
"C:/Users/kbc12306156/AppData/Local/UnrealEngine/Common/DerivedDataCache/Buckets/GlobalShaderMap/78/99/35751b85ff1a6bcdef9f1bb359586953723c.udd" 3258
"C:/Users/kbc12306156/AppData/Local/UnrealEngine/Common/DerivedDataCache/Buckets/GlobalShaderMap/d6/60/69c9c4d083ca1a25560c6b22f2c253b60a38.udd" 3259
"C:/Users/kbc12306156/AppData/Local/UnrealEngine/Common/DerivedDataCache/Buckets/GlobalShaderMap/05/3c/99406fbe3b53deb66803148d30934f7a5924.udd" 3260
"C:/Users/kbc12306156/AppData/Local/UnrealEngine/Common/DerivedDataCache/Buckets/GlobalShaderMap/57/68/a84ad1841fa1d6359a9c626ad88cf9df9b09.udd" 3261
"C:/Users/kbc12306156/AppData/Local/UnrealEngine/Common/DerivedDataCache/Buckets/GlobalShaderMap/48/52/cdd956fcb8f01903958f3febc40ae87eba20.udd" 3262
"C:/Users/kbc12306156/AppData/Local/UnrealEngine/Common/DerivedDataCache/Buckets/GlobalShaderMap/ac/9d/429da89f387888a2c31dc23d13c9c1357ed6.udd" 3263
"C:/Users/kbc12306156/AppData/Local/UnrealEngine/Common/DerivedDataCache/Buckets/GlobalShaderMap/3a/d1/4db0275c4c3a5efea0f8d5926ac66959a580.udd" 3264
"C:/Users/kbc12306156/AppData/Local/UnrealEngine/Common/DerivedDataCache/Buckets/GlobalShaderMap/21/5f/b92531435e8d657c01e0ec14bc1105838cfa.udd" 3265
"C:/Users/kbc12306156/AppData/Local/UnrealEngine/Common/DerivedDataCache/Buckets/GlobalShaderMap/ae/3a/b09c953a31fa38046ed7ad03279ab3683cfc.udd" 3266
"C:/Users/kbc12306156/AppData/Local/UnrealEngine/Common/DerivedDataCache/Buckets/GlobalShaderMap/20/35/b1ac68272689a873ebb40d784fbeb3bfe22f.udd" 3267
"C:/Users/kbc12306156/AppData/Local/UnrealEngine/Common/DerivedDataCache/Buckets/GlobalShaderMap/61/6e/97d0d11905c8bff4db66c8941bb330a03438.udd" 3268
"C:/Users/kbc12306156/AppData/Local/UnrealEngine/Common/DerivedDataCache/Buckets/GlobalShaderMap/a7/96/08bc8da33a9609e98f5c26ea37f800e791f4.udd" 3269
"C:/Users/kbc12306156/AppData/Local/UnrealEngine/Common/DerivedDataCache/Buckets/GlobalShaderMap/3b/13/f07d5f7db24531a57ab91a9ef0ba3b133f9a.udd" 3270
"C:/Users/kbc12306156/AppData/Local/UnrealEngine/Common/DerivedDataCache/Buckets/GlobalShaderMap/ac/18/6ed98bae759af5addf0d42920bff1f398cd5.udd" 3271
"C:/Users/kbc12306156/AppData/Local/UnrealEngine/Common/DerivedDataCache/Buckets/GlobalShaderMap/63/ba/10162735386aca22549922372242d9194f6a.udd" 3272
"C:/Users/kbc12306156/AppData/Local/UnrealEngine/Common/DerivedDataCache/Buckets/GlobalShaderMap/b9/1b/b674f8b7b702bfdc57d989f1b71267454c17.udd" 3273
"C:/Users/kbc12306156/AppData/Local/UnrealEngine/Common/DerivedDataCache/Buckets/GlobalShaderMap/da/68/ab8bfcd2c1e1d7784c758f37274585e15b29.udd" 3274
"C:/Users/kbc12306156/AppData/Local/UnrealEngine/Common/DerivedDataCache/Buckets/GlobalShaderMap/5a/03/6f4344924e29fa702e6c439298d9c692dfa9.udd" 3275
"C:/Users/kbc12306156/AppData/Local/UnrealEngine/Common/DerivedDataCache/Buckets/GlobalShaderMap/e7/7b/98522ba42fa548767b26436079042dbc64a3.udd" 3276
"C:/Users/kbc12306156/AppData/Local/UnrealEngine/Common/DerivedDataCache/Buckets/GlobalShaderMap/5e/54/1f564831e6330866b76c0baa70cf4b4c6544.udd" 3277
"C:/Users/kbc12306156/AppData/Local/UnrealEngine/Common/DerivedDataCache/Buckets/GlobalShaderMap/cc/bf/5b2c11f422b4fb2bce90bd64fa5955e43bcb.udd" 3278
"C:/Users/kbc12306156/AppData/Local/UnrealEngine/Common/DerivedDataCache/Buckets/GlobalShaderMap/a6/50/96fa922dd626693c824e4aa21f5e549a824b.udd" 3279
"C:/Users/kbc12306156/AppData/Local/UnrealEngine/Common/DerivedDataCache/Buckets/GlobalShaderMap/14/a2/df47017da42fb2af8ff712478451adaabc6c.udd" 3280
"C:/Users/kbc12306156/AppData/Local/UnrealEngine/Common/DerivedDataCache/Buckets/GlobalShaderMap/22/04/a1f0d54c44bd50843248677aeded72235902.udd" 3281
"C:/Users/kbc12306156/AppData/Local/UnrealEngine/Common/DerivedDataCache/Buckets/GlobalShaderMap/e7/42/2928cb3185dcb05bba5eb87fe0a92b8e1ff8.udd" 3282
"C:/Users/kbc12306156/AppData/Local/UnrealEngine/Common/DerivedDataCache/Buckets/GlobalShaderMap/3c/60/83ca1e9bfe408aa2868fd87386975c75b35e.udd" 3283
"C:/Users/kbc12306156/AppData/Local/UnrealEngine/Common/DerivedDataCache/Buckets/GlobalShaderMap/1f/e5/acc3c704b2fd9de272d518ce50b6ce77fd04.udd" 3284
"C:/Users/kbc12306156/AppData/Local/UnrealEngine/Common/DerivedDataCache/Buckets/GlobalShaderMap/d8/60/342308f37510f3c6b86d0fb5338d3b2fb49f.udd" 3285
"C:/Users/kbc12306156/AppData/Local/UnrealEngine/Common/DerivedDataCache/Buckets/GlobalShaderMap/2c/a0/b3ec6e40e60b310b9b849514f65234f8de92.udd" 3286
"C:/Users/kbc12306156/AppData/Local/UnrealEngine/Common/DerivedDataCache/Buckets/GlobalShaderMap/3a/69/bf0340a176e730e6d135fd73f5af73174657.udd" 3287
"C:/Users/kbc12306156/AppData/Local/UnrealEngine/Common/DerivedDataCache/Buckets/GlobalShaderMap/e2/35/a94efd8df3d72c38c33705748e1dd619f2db.udd" 3288
"C:/Users/kbc12306156/AppData/Local/UnrealEngine/Common/DerivedDataCache/Buckets/GlobalShaderMap/a4/05/29544ae8d475481c5cef00e8d136edd27262.udd" 3289
"C:/Users/kbc12306156/AppData/Local/UnrealEngine/Common/DerivedDataCache/Buckets/GlobalShaderMap/d4/96/ae6d868fd1791a71a3ba35f20d06103c29bc.udd" 3290
"C:/Users/kbc12306156/AppData/Local/UnrealEngine/Common/DerivedDataCache/Buckets/GlobalShaderMap/1f/5e/c6c868842637b66a986e0748805004c11b4b.udd" 3291
"C:/Users/kbc12306156/AppData/Local/UnrealEngine/Common/DerivedDataCache/Buckets/GlobalShaderMap/18/72/119bab56c8c9e758439ec3ac0816881ea2ce.udd" 3292
"C:/Users/kbc12306156/AppData/Local/UnrealEngine/Common/DerivedDataCache/Buckets/GlobalShaderMap/79/af/a790377ec292f4ffce54a35524bbf6c42875.udd" 3293
"C:/Users/kbc12306156/AppData/Local/UnrealEngine/Common/DerivedDataCache/Buckets/GlobalShaderMap/60/d4/9ea807cc6f5d855e54a69ea5254b6cd260ee.udd" 3294
"C:/Users/kbc12306156/AppData/Local/UnrealEngine/Common/DerivedDataCache/Buckets/GlobalShaderMap/41/8c/acb8b98902043acd6673162f970c9746abec.udd" 3295
"C:/Users/kbc12306156/AppData/Local/UnrealEngine/Common/DerivedDataCache/Buckets/GlobalShaderMap/6f/02/4628d483bacd7f0a522d271f089f1a098a5c.udd" 3296
"C:/Users/kbc12306156/AppData/Local/UnrealEngine/Common/DerivedDataCache/Buckets/GlobalShaderMap/53/df/739f5cd914cce56ba71e555b5f87ff525de5.udd" 3297
"C:/Users/kbc12306156/AppData/Local/UnrealEngine/Common/DerivedDataCache/Buckets/GlobalShaderMap/88/f1/21ebcc8d9ac3e75625afdd5c0d0e61a43bfc.udd" 3298
"C:/Users/kbc12306156/AppData/Local/UnrealEngine/Common/DerivedDataCache/Buckets/GlobalShaderMap/a1/29/9d6f5ee0299763229088be465c51261cad28.udd" 3299
"C:/Users/kbc12306156/AppData/Local/UnrealEngine/Common/DerivedDataCache/Buckets/GlobalShaderMap/5c/37/5143a5f520bfe607c86524a76fd72f103286.udd" 3300
"C:/Users/kbc12306156/AppData/Local/UnrealEngine/Common/DerivedDataCache/Buckets/GlobalShaderMap/c5/36/a24bbccfd2bf85b6409abd11175fd063f778.udd" 3301
"C:/Users/kbc12306156/AppData/Local/UnrealEngine/Common/DerivedDataCache/Buckets/GlobalShaderMap/95/22/37d2822c83bae8356849e25c321fb536a2a2.udd" 3302
"C:/Users/kbc12306156/AppData/Local/UnrealEngine/Common/DerivedDataCache/Buckets/GlobalShaderMap/11/58/2e696fb1dff693efd91b011cfb747dc7bfba.udd" 3303
"C:/Users/kbc12306156/AppData/Local/UnrealEngine/Common/DerivedDataCache/Buckets/GlobalShaderMap/22/d8/36cf8736cb223cc0bf5e6901f96eb2815990.udd" 3304
"C:/Users/kbc12306156/AppData/Local/UnrealEngine/Common/DerivedDataCache/Buckets/GlobalShaderMap/7e/c7/acefc3cfbc95525182e958558e29a93789b9.udd" 3305
"C:/Users/kbc12306156/AppData/Local/UnrealEngine/Common/DerivedDataCache/Buckets/GlobalShaderMap/36/7b/454bec493f0fe93fdaa405bd96c814da5f0d.udd" 3306
"C:/Users/kbc12306156/AppData/Local/UnrealEngine/Common/DerivedDataCache/Buckets/GlobalShaderMap/f4/87/3132f50175e769bc6ea273582f120497400f.udd" 3307
"C:/Users/kbc12306156/AppData/Local/UnrealEngine/Common/DerivedDataCache/Buckets/GlobalShaderMap/c1/e0/aca26267c0b16d652b131019b1cd47fc974c.udd" 3308
"C:/Users/kbc12306156/AppData/Local/UnrealEngine/Common/DerivedDataCache/Buckets/GlobalShaderMap/c5/c8/02a2747ab8b4434e259857ff8e8dd73c914d.udd" 3309
"C:/Users/kbc12306156/AppData/Local/UnrealEngine/Common/DerivedDataCache/Buckets/GlobalShaderMap/b0/d0/3da82eefcc36ea5b112c181e7a5401fa236b.udd" 3310
"C:/Users/kbc12306156/AppData/Local/UnrealEngine/Common/DerivedDataCache/Buckets/GlobalShaderMap/77/62/4b3e39ca04fac870b38bccf68970d8d80108.udd" 3311
"C:/Users/kbc12306156/AppData/Local/UnrealEngine/Common/DerivedDataCache/Buckets/GlobalShaderMap/d9/bb/d6916f8b291efd3a9990278fa6ce65c22927.udd" 3312
"C:/Users/kbc12306156/AppData/Local/UnrealEngine/Common/DerivedDataCache/Buckets/GlobalShaderMap/01/ab/049fd77da9f684ada294f3a1b8010c79fd49.udd" 3313
"C:/Users/kbc12306156/AppData/Local/UnrealEngine/Common/DerivedDataCache/Buckets/GlobalShaderMap/81/02/07d750809a4ab69c6b01aae9f7381eabafb6.udd" 3314
"C:/Users/kbc12306156/AppData/Local/UnrealEngine/Common/DerivedDataCache/Buckets/GlobalShaderMap/cc/4d/dffc55c044a3f206cb504c737bd9076200aa.udd" 3315
"C:/Users/kbc12306156/AppData/Local/UnrealEngine/Common/DerivedDataCache/Buckets/GlobalShaderMap/a3/3e/af70d0a02fd364691ba4faba998bea333500.udd" 3316
"C:/Users/kbc12306156/AppData/Local/UnrealEngine/Common/DerivedDataCache/Buckets/GlobalShaderMap/18/f4/7cd0ef1088da60ae64238adc0419e7f860fb.udd" 3317
"C:/Users/kbc12306156/AppData/Local/UnrealEngine/Common/DerivedDataCache/Buckets/GlobalShaderMap/52/9a/bc73948a7574989aa87abdb32f8856101cb1.udd" 3318
"C:/Users/kbc12306156/AppData/Local/UnrealEngine/Common/DerivedDataCache/Buckets/GlobalShaderMap/3b/82/bb5759428b42ac4e2f3bdc79c863dd7a0af6.udd" 3319
"C:/Users/kbc12306156/AppData/Local/UnrealEngine/Common/DerivedDataCache/Buckets/GlobalShaderMap/69/62/0e3a11cce8e25803e2da9661571044d5e993.udd" 3320
"C:/Users/kbc12306156/AppData/Local/UnrealEngine/Common/DerivedDataCache/Buckets/GlobalShaderMap/14/30/ea5a2598d30225aaed1b4fb26c127fb88be6.udd" 3321
"C:/Users/kbc12306156/AppData/Local/UnrealEngine/Common/DerivedDataCache/Buckets/GlobalShaderMap/40/fd/f4b60422d08d56e2e038bfea8e2697802cbf.udd" 3322
"C:/Users/kbc12306156/AppData/Local/UnrealEngine/Common/DerivedDataCache/Buckets/GlobalShaderMap/ce/84/03095464ed988a8de7b4a54d0b6b1baaf38c.udd" 3323
"C:/Users/kbc12306156/AppData/Local/UnrealEngine/Common/DerivedDataCache/Buckets/GlobalShaderMap/91/ef/e298dd4e05cd4b1adf5c77d3a56900ff69a5.udd" 3324
"C:/Users/kbc12306156/AppData/Local/UnrealEngine/Common/DerivedDataCache/Buckets/GlobalShaderMap/6a/38/76c457c92f76de973b11491e855b39dd3e90.udd" 3325
"C:/Users/kbc12306156/AppData/Local/UnrealEngine/Common/DerivedDataCache/Buckets/GlobalShaderMap/1a/df/fa1f792e249f94dbabcd4711074ba5bce73f.udd" 3326
"C:/Users/kbc12306156/AppData/Local/UnrealEngine/Common/DerivedDataCache/Buckets/GlobalShaderMap/d8/0a/53b4bac2a28177ff96687b843aef6507e7ac.udd" 3327
"C:/Users/kbc12306156/AppData/Local/UnrealEngine/Common/DerivedDataCache/Buckets/GlobalShaderMap/da/c3/400078c6224838537606ebed0ceede696b2b.udd" 3328
"C:/Users/kbc12306156/AppData/Local/UnrealEngine/Common/DerivedDataCache/Buckets/GlobalShaderMap/69/5b/e2457da07ef16db3512f09ae0efa5c468c5d.udd" 3329
"C:/Users/kbc12306156/AppData/Local/UnrealEngine/Common/DerivedDataCache/Buckets/GlobalShaderMap/84/b9/de9b86d1a98658ef04ee8c0af880d5f28cf7.udd" 3330
"C:/Users/kbc12306156/AppData/Local/UnrealEngine/Common/DerivedDataCache/Buckets/GlobalShaderMap/4a/6c/af1bcb3b7f74a36f52a3dfd4423e001cd9dd.udd" 3331
"C:/Users/kbc12306156/AppData/Local/UnrealEngine/Common/DerivedDataCache/Buckets/GlobalShaderMap/e1/b5/857b0a67dd5731cdb3d2ab30df5f0db03eee.udd" 3332
"C:/Users/kbc12306156/AppData/Local/UnrealEngine/Common/DerivedDataCache/Buckets/GlobalShaderMap/ae/6a/bbba09d625836ff1a78d849d7caecb415f9a.udd" 3333
"C:/Users/kbc12306156/AppData/Local/UnrealEngine/Common/DerivedDataCache/Buckets/GlobalShaderMap/81/22/c3d68321e3cb075fc3cebc45d66fadfc8c17.udd" 3334
"C:/Users/kbc12306156/AppData/Local/UnrealEngine/Common/DerivedDataCache/Buckets/GlobalShaderMap/fe/64/8546ef3c042c81942fb26f4962bc491de658.udd" 3335
"C:/Users/kbc12306156/AppData/Local/UnrealEngine/Common/DerivedDataCache/Buckets/GlobalShaderMap/cc/0e/6ce3704506cf7e544f6937430bd2e5acfa89.udd" 3336
"C:/Users/kbc12306156/AppData/Local/UnrealEngine/Common/DerivedDataCache/Buckets/GlobalShaderMap/77/90/666a2cf2adac94e1a4ff43f0f79b4c881a21.udd" 3337
"C:/Users/kbc12306156/AppData/Local/UnrealEngine/Common/DerivedDataCache/Buckets/GlobalShaderMap/1a/63/a0398f25c452bd1fcb9081bd859677d6cb5a.udd" 3338
"C:/Users/kbc12306156/AppData/Local/UnrealEngine/Common/DerivedDataCache/Buckets/GlobalShaderMap/27/94/66ae94368681d7622f7c1df38d08efb9167d.udd" 3339
"C:/Users/kbc12306156/AppData/Local/UnrealEngine/Common/DerivedDataCache/Buckets/GlobalShaderMap/e9/82/f6b8908a2ef780cd8fc2193baba688bf470d.udd" 3340
"C:/Users/kbc12306156/AppData/Local/UnrealEngine/Common/DerivedDataCache/Buckets/GlobalShaderMap/4c/47/1c65f0007291f831134cc63384db9d72b8d2.udd" 3341
"C:/Users/kbc12306156/AppData/Local/UnrealEngine/Common/DerivedDataCache/Buckets/GlobalShaderMap/64/00/af1a4255b36f29ab876f0b9f9252e82559b6.udd" 3342
"C:/Users/kbc12306156/AppData/Local/UnrealEngine/Common/DerivedDataCache/Buckets/GlobalShaderMap/7a/79/6fa31eaf6348c7b6eea06fc5e1bf8b21830c.udd" 3343
"C:/Users/kbc12306156/AppData/Local/UnrealEngine/Common/DerivedDataCache/Buckets/GlobalShaderMap/b9/30/3e781f8e8d58c5c7929cd72fbb5083ce4654.udd" 3344
"C:/Users/kbc12306156/AppData/Local/UnrealEngine/Common/DerivedDataCache/Buckets/GlobalShaderMap/e4/d5/d81114a070ce529b6a14493bd43145f45fc6.udd" 3345
"C:/Users/kbc12306156/AppData/Local/UnrealEngine/Common/DerivedDataCache/Buckets/GlobalShaderMap/44/64/34fa67cfabd0b3f683096c5bfd880ef97b76.udd" 3346
"C:/Users/kbc12306156/AppData/Local/UnrealEngine/Common/DerivedDataCache/Buckets/GlobalShaderMap/73/f8/05176d00f66e1f21c2381decc0e3267560c5.udd" 3347
"C:/Users/kbc12306156/AppData/Local/UnrealEngine/Common/DerivedDataCache/Buckets/GlobalShaderMap/bf/47/2ffbbbb89671f1a2d3a4383dadee035a535e.udd" 3348
"C:/Users/kbc12306156/AppData/Local/UnrealEngine/Common/DerivedDataCache/Buckets/GlobalShaderMap/72/fe/e90688a965659104a7b77191e09b70c88155.udd" 3349
"C:/Users/kbc12306156/AppData/Local/UnrealEngine/Common/DerivedDataCache/Buckets/GlobalShaderMap/e6/a2/a1c75e9e3be81563ac37c5fcac4b273e9b78.udd" 3350
"C:/Users/kbc12306156/AppData/Local/UnrealEngine/Common/DerivedDataCache/Buckets/GlobalShaderMap/12/24/20817210b9d10c22f2c1ff45380a816b80c8.udd" 3351
"C:/Users/kbc12306156/AppData/Local/UnrealEngine/Common/DerivedDataCache/Buckets/GlobalShaderMap/9a/85/3f678ba797916598fb9c28a3c94fde28bb3f.udd" 3352
"C:/Users/kbc12306156/AppData/Local/UnrealEngine/Common/DerivedDataCache/Buckets/GlobalShaderMap/e6/24/3e53693a7fb0bfbbca7777196b20d1561c24.udd" 3353
"C:/Users/kbc12306156/AppData/Local/UnrealEngine/Common/DerivedDataCache/Buckets/GlobalShaderMap/47/6a/218c85e9a48a84813fdfd2b87d74449cacb5.udd" 3354
"C:/Users/kbc12306156/AppData/Local/UnrealEngine/Common/DerivedDataCache/Buckets/GlobalShaderMap/93/0c/a31983f3572d85bbf391d64c5642aa34cbad.udd" 3355
"C:/Users/kbc12306156/AppData/Local/UnrealEngine/Common/DerivedDataCache/Buckets/GlobalShaderMap/1c/f5/3d649f2dfa8d81be3d08dcee267c63321901.udd" 3356
"C:/Users/kbc12306156/AppData/Local/UnrealEngine/Common/DerivedDataCache/Buckets/GlobalShaderMap/7f/2b/5646b5b10ea539e0d41104483e664556a3f9.udd" 3357
"C:/Users/kbc12306156/AppData/Local/UnrealEngine/Common/DerivedDataCache/Buckets/GlobalShaderMap/16/e3/347d014ce37d5c25e00de3cc199b19dcdadc.udd" 3358
"C:/Users/kbc12306156/AppData/Local/UnrealEngine/Common/DerivedDataCache/Buckets/GlobalShaderMap/3b/05/6baa6735d77600e91e03b975af5a06088c66.udd" 3359
"C:/Users/kbc12306156/AppData/Local/UnrealEngine/Common/DerivedDataCache/Buckets/GlobalShaderMap/bf/05/6115c233237ff93cbbecab894d1803a26b4b.udd" 3360
"C:/Users/kbc12306156/AppData/Local/UnrealEngine/Common/DerivedDataCache/Buckets/GlobalShaderMap/dd/37/d9e4a0b3e234e78d04953afde35eb2982087.udd" 3361
"C:/Users/kbc12306156/AppData/Local/UnrealEngine/Common/DerivedDataCache/Buckets/GlobalShaderMap/21/ff/8cbe3b3b7d9f852e912985601d52f17d9747.udd" 3362
"C:/Users/kbc12306156/AppData/Local/UnrealEngine/Common/DerivedDataCache/Buckets/GlobalShaderMap/93/cf/369745ae1a3ab66ee42225f92cabcb4dce5d.udd" 3363
"C:/Users/kbc12306156/AppData/Local/UnrealEngine/Common/DerivedDataCache/Buckets/GlobalShaderMap/2e/4f/c58a48183eeda4740874a1de501326d0066f.udd" 3364
"C:/Users/kbc12306156/AppData/Local/UnrealEngine/Common/DerivedDataCache/Buckets/GlobalShaderMap/11/b8/70089ed564af619b1f5b6a86a29f0a8ee5de.udd" 3365
"C:/Users/kbc12306156/AppData/Local/UnrealEngine/Common/DerivedDataCache/Buckets/GlobalShaderMap/af/11/0b5afdbbfc53ea78bf08e11dcc851c6ee35a.udd" 3366
"C:/Users/kbc12306156/AppData/Local/UnrealEngine/Common/DerivedDataCache/Buckets/GlobalShaderMap/b0/29/405064e22174eb2f2ddbcc6fc6f3af9dced5.udd" 3367
"C:/Users/kbc12306156/AppData/Local/UnrealEngine/Common/DerivedDataCache/Buckets/GlobalShaderMap/d3/f9/a2a1c1041154af90969abab44ca8882a3931.udd" 3368
"C:/Users/kbc12306156/AppData/Local/UnrealEngine/Common/DerivedDataCache/Buckets/GlobalShaderMap/83/d3/c2f6625ac285368c41454a2c72c9be28bd43.udd" 3369
"C:/Users/kbc12306156/AppData/Local/UnrealEngine/Common/DerivedDataCache/Buckets/GlobalShaderMap/35/ab/deb3837b4217e43171d8ae085803f60f6a8c.udd" 3370
"C:/Users/kbc12306156/AppData/Local/UnrealEngine/Common/DerivedDataCache/Buckets/GlobalShaderMap/74/7c/51fb75c263434c720e43613cde9e068b27dc.udd" 3371
"C:/Users/kbc12306156/AppData/Local/UnrealEngine/Common/DerivedDataCache/Buckets/GlobalShaderMap/c4/cc/dc545b6e767f8cb2ec91c02c7ed45c3dcef2.udd" 3372
"C:/Users/kbc12306156/AppData/Local/UnrealEngine/Common/DerivedDataCache/Buckets/GlobalShaderMap/07/90/1a707f61f44dc41e281744e092e8ae3e0ea8.udd" 3373
"C:/Users/kbc12306156/AppData/Local/UnrealEngine/Common/DerivedDataCache/Buckets/GlobalShaderMap/15/6d/43ac386922c8022975817a9e202af5d01d6b.udd" 3374
"C:/Users/kbc12306156/AppData/Local/UnrealEngine/Common/DerivedDataCache/Buckets/GlobalShaderMap/ae/37/71d09146f454662dd31f08d35475b2409b56.udd" 3375
"C:/Users/kbc12306156/AppData/Local/UnrealEngine/Common/DerivedDataCache/Buckets/GlobalShaderMap/3f/a2/9bb7105a462a488293d8d86ef211e4a89801.udd" 3376
"C:/Users/kbc12306156/AppData/Local/UnrealEngine/Common/DerivedDataCache/Buckets/GlobalShaderMap/63/d2/ccc19559449559a2e0966d600408c09803a0.udd" 3377
"C:/Users/kbc12306156/AppData/Local/UnrealEngine/Common/DerivedDataCache/Buckets/GlobalShaderMap/48/aa/c920683cdb292e884aa008a38eabe8327a24.udd" 3378
"C:/Users/kbc12306156/AppData/Local/UnrealEngine/Common/DerivedDataCache/Buckets/GlobalShaderMap/4d/75/57f3fa0d8501b4140796384da26bae87442e.udd" 3379
"C:/Users/kbc12306156/AppData/Local/UnrealEngine/Common/DerivedDataCache/Buckets/GlobalShaderMap/14/20/b856b1b1c68a2c59e0d916ac9eba3708acd8.udd" 3380
"C:/Users/kbc12306156/AppData/Local/UnrealEngine/Common/DerivedDataCache/Buckets/GlobalShaderMap/a8/41/84d8b900c17117eeca0ad5a37bfe3e371a33.udd" 3381
"C:/Users/kbc12306156/AppData/Local/UnrealEngine/Common/DerivedDataCache/Buckets/GlobalShaderMap/51/a4/88a6eb4b46e6c60c3249a10bdd4b6458ba3b.udd" 3382
"C:/Users/kbc12306156/AppData/Local/UnrealEngine/Common/DerivedDataCache/Buckets/GlobalShaderMap/69/8e/3bcedb69d482cf140052efc770c1018d3688.udd" 3383
"C:/Users/kbc12306156/AppData/Local/UnrealEngine/Common/DerivedDataCache/Buckets/GlobalShaderMap/c1/81/8b0685b7913737b9c80cdf8f8727d3c4eecf.udd" 3384
"C:/Users/kbc12306156/AppData/Local/UnrealEngine/Common/DerivedDataCache/Buckets/GlobalShaderMap/37/8a/0f7e70bd58bb39a5e1695afe407524cd0611.udd" 3385
"C:/Users/kbc12306156/AppData/Local/UnrealEngine/Common/DerivedDataCache/Buckets/GlobalShaderMap/df/34/0850cd94d8b7f15ae6e91cf0143d6fb14ef7.udd" 3386
"C:/Users/kbc12306156/AppData/Local/UnrealEngine/Common/DerivedDataCache/Buckets/GlobalShaderMap/b8/16/dfa06ef57956f7232842ade030bf2b7c7f0f.udd" 3387
"C:/Users/kbc12306156/AppData/Local/UnrealEngine/Common/DerivedDataCache/Buckets/GlobalShaderMap/a9/bd/1e2337e5882ed6dd68d506ad421fdf3e5a04.udd" 3388
"C:/Users/kbc12306156/AppData/Local/UnrealEngine/Common/DerivedDataCache/Buckets/GlobalShaderMap/1a/b4/e54de3f7d835f169db9df10d2bb1e8d05bb9.udd" 3389
"C:/Users/kbc12306156/AppData/Local/UnrealEngine/Common/DerivedDataCache/Buckets/GlobalShaderMap/40/28/e937f3735f2de4173682968fe03feab7c17a.udd" 3390
"C:/Users/kbc12306156/AppData/Local/UnrealEngine/Common/DerivedDataCache/Buckets/GlobalShaderMap/63/c0/4a3f9ac8e1d87500a786590b9dbb26e6cac7.udd" 3391
"C:/Users/kbc12306156/AppData/Local/UnrealEngine/Common/DerivedDataCache/Buckets/GlobalShaderMap/be/4d/15638edbd482518f48fd1b4b5d7d72a8017c.udd" 3392
"C:/Users/kbc12306156/AppData/Local/UnrealEngine/Common/DerivedDataCache/Buckets/GlobalShaderMap/46/e6/c93ca6a705829f720dee4a61847ec7463b3d.udd" 3393
"C:/Users/kbc12306156/AppData/Local/UnrealEngine/Common/DerivedDataCache/Buckets/GlobalShaderMap/91/79/28877a51bc46859402dd42aca4a3d67c19b2.udd" 3394
"C:/Users/kbc12306156/AppData/Local/UnrealEngine/Common/DerivedDataCache/Buckets/GlobalShaderMap/0b/24/676a3005e5c483639b3663a10f3d17bed367.udd" 3395
"C:/Users/kbc12306156/AppData/Local/UnrealEngine/Common/DerivedDataCache/Buckets/GlobalShaderMap/0c/bf/9db614fd3b42348b5b5114066cdcd78a0494.udd" 3396
"C:/Users/kbc12306156/AppData/Local/UnrealEngine/Common/DerivedDataCache/Buckets/GlobalShaderMap/4d/d3/653552b6e71faf61a542427b1caf148cd8af.udd" 3397
"C:/Users/kbc12306156/AppData/Local/UnrealEngine/Common/DerivedDataCache/Buckets/GlobalShaderMap/81/66/0a5538acdc57e13205e11e5b3225ab5f4c31.udd" 3398
"C:/Users/kbc12306156/AppData/Local/UnrealEngine/Common/DerivedDataCache/Buckets/GlobalShaderMap/f6/f4/b2bc340e28c4824c878e9d4a403cd5404e0b.udd" 3399
"C:/Users/kbc12306156/AppData/Local/UnrealEngine/Common/DerivedDataCache/Buckets/GlobalShaderMap/47/89/efb92290268b8b01d1ede98ef33413c65989.udd" 3400
"C:/Users/kbc12306156/AppData/Local/UnrealEngine/Common/DerivedDataCache/Buckets/GlobalShaderMap/4c/65/8b6725d96cc9b69c0fcf5f6d50c78f0d824e.udd" 3401
"C:/Users/kbc12306156/AppData/Local/UnrealEngine/Common/DerivedDataCache/Buckets/GlobalShaderMap/c2/49/8e1e7f45f87c109a2c581686987bba64862e.udd" 3402
"C:/Users/kbc12306156/AppData/Local/UnrealEngine/Common/DerivedDataCache/Buckets/GlobalShaderMap/28/60/8c9a9830165f60f4592bd247614aa4474a8b.udd" 3403
"C:/Users/kbc12306156/AppData/Local/UnrealEngine/Common/DerivedDataCache/Buckets/GlobalShaderMap/42/8c/f0dc135e26441f092b88fe7ddf62a27e4ba7.udd" 3404
"C:/Users/kbc12306156/AppData/Local/UnrealEngine/Common/DerivedDataCache/Buckets/GlobalShaderMap/cb/57/000950bc99114034adcc25c18cb14d0af14c.udd" 3405
"C:/Users/kbc12306156/AppData/Local/UnrealEngine/Common/DerivedDataCache/Buckets/GlobalShaderMap/66/6f/13be6a0501671615c3814743644a3624631c.udd" 3406
"C:/Users/kbc12306156/AppData/Local/UnrealEngine/Common/DerivedDataCache/Buckets/GlobalShaderMap/7b/a9/279aa49374b2c55677db0402ebb20ca43322.udd" 3407
"C:/Users/kbc12306156/AppData/Local/UnrealEngine/Common/DerivedDataCache/Buckets/GlobalShaderMap/37/b6/4344bf89ee1ed57e8cc212422e0017d60f27.udd" 3408
"C:/Users/kbc12306156/AppData/Local/UnrealEngine/Common/DerivedDataCache/Buckets/GlobalShaderMap/93/6d/31fe80d9be28ba9755c840538aaf790260f4.udd" 3409
"C:/Users/kbc12306156/AppData/Local/UnrealEngine/Common/DerivedDataCache/Buckets/GlobalShaderMap/70/c3/89d1a0c42110449a43412f5147072d12b145.udd" 3410
"C:/Users/kbc12306156/AppData/Local/UnrealEngine/Common/DerivedDataCache/Buckets/GlobalShaderMap/be/60/7faa4c027d6f29b2adfc02ac0cb40d49a50f.udd" 3411
"C:/Users/kbc12306156/AppData/Local/UnrealEngine/Common/DerivedDataCache/Buckets/GlobalShaderMap/b6/cb/a6871f905a714e3f1594b8f91e017a156346.udd" 3412
"C:/Users/kbc12306156/AppData/Local/UnrealEngine/Common/DerivedDataCache/Buckets/GlobalShaderMap/fa/a8/6997472ba136b895245fb9312ca9f53bf45b.udd" 3413
"C:/Users/kbc12306156/AppData/Local/UnrealEngine/Common/DerivedDataCache/Buckets/GlobalShaderMap/9c/5f/53970adb3ae72ab4c672fa7da4f5f7e57ebb.udd" 3414
"C:/Users/kbc12306156/AppData/Local/UnrealEngine/Common/DerivedDataCache/Buckets/GlobalShaderMap/60/57/f54be16cefbcdc004a7a065590b675b01324.udd" 3415
"C:/Users/kbc12306156/AppData/Local/UnrealEngine/Common/DerivedDataCache/Buckets/GlobalShaderMap/87/66/4cbe120f315bcb099ba8de3c7f1e73bea7fb.udd" 3416
"C:/Users/kbc12306156/AppData/Local/UnrealEngine/Common/DerivedDataCache/Buckets/GlobalShaderMap/4b/86/a302cb7ec410de9fe7ce13b00bfb33556d70.udd" 3417
"C:/Users/kbc12306156/AppData/Local/UnrealEngine/Common/DerivedDataCache/Buckets/GlobalShaderMap/4c/31/25d84ab28bb94516d7ce4bc6aa6c574c8e74.udd" 3418
"C:/Users/kbc12306156/AppData/Local/UnrealEngine/Common/DerivedDataCache/Buckets/GlobalShaderMap/4e/44/e42dbbb4ac79a2ae8124b7ffcc14f52581bd.udd" 3419
"C:/Users/kbc12306156/AppData/Local/UnrealEngine/Common/DerivedDataCache/Buckets/GlobalShaderMap/fb/00/d3825beaad115babce33799d3472ca406d95.udd" 3420
"C:/Users/kbc12306156/AppData/Local/UnrealEngine/Common/DerivedDataCache/Buckets/GlobalShaderMap/ab/8b/16d6ed4c636dbab9a4eca6b7c88aa3535448.udd" 3421
"C:/Users/kbc12306156/AppData/Local/UnrealEngine/Common/DerivedDataCache/Buckets/GlobalShaderMap/58/2a/348223b89788397c04711e967f73fc58e393.udd" 3422
"C:/Users/kbc12306156/AppData/Local/UnrealEngine/Common/DerivedDataCache/Buckets/GlobalShaderMap/d5/8f/7444f67b933e4ca1fcc790c06fd133884562.udd" 3423
"C:/Users/kbc12306156/AppData/Local/UnrealEngine/Common/DerivedDataCache/Buckets/GlobalShaderMap/46/a3/b941368ba0d02985d7d8e7f3469094ad672d.udd" 3424
"C:/Users/kbc12306156/AppData/Local/UnrealEngine/Common/DerivedDataCache/Buckets/GlobalShaderMap/ae/f4/d32850878d9f9daf53839422914b6bae3c39.udd" 3425
"C:/Users/kbc12306156/AppData/Local/UnrealEngine/Common/DerivedDataCache/Buckets/GlobalShaderMap/89/6f/bcb4ec77aac1ec1e2eb3546b34d94f997184.udd" 3426
"C:/Users/kbc12306156/AppData/Local/UnrealEngine/Common/DerivedDataCache/Buckets/GlobalShaderMap/0c/45/1cdb63e3857d944456f5e5647f051ea620bc.udd" 3427
"C:/Users/kbc12306156/AppData/Local/UnrealEngine/Common/DerivedDataCache/Buckets/GlobalShaderMap/e9/e9/773ea7d12c1647bd882926941b630388e6d8.udd" 3428
"C:/Users/kbc12306156/AppData/Local/UnrealEngine/Common/DerivedDataCache/Buckets/GlobalShaderMap/43/13/12c2e85219730cb869a114a7181fdcd43d87.udd" 3429
"C:/Users/kbc12306156/AppData/Local/UnrealEngine/Common/DerivedDataCache/Buckets/GlobalShaderMap/bd/bd/a78114adb26c07552477e855e3d0ff6babef.udd" 3430
"C:/Users/kbc12306156/AppData/Local/UnrealEngine/Common/DerivedDataCache/Buckets/GlobalShaderMap/c5/d1/608718dc2808ae3d64c370a43a7fd02f4527.udd" 3431
"C:/Users/kbc12306156/AppData/Local/UnrealEngine/Common/DerivedDataCache/Buckets/GlobalShaderMap/bc/9a/45cde7946b6377c076c9fec06677b4d393cc.udd" 3432
"C:/Users/kbc12306156/AppData/Local/UnrealEngine/Common/DerivedDataCache/Buckets/GlobalShaderMap/fe/cb/cc85cef0f1978de438c3c928b07e500db615.udd" 3433
"C:/Users/kbc12306156/AppData/Local/UnrealEngine/Common/DerivedDataCache/Buckets/GlobalShaderMap/c6/56/0e6b754712995c171923dcc64c161474bab4.udd" 3434
"C:/Users/kbc12306156/AppData/Local/UnrealEngine/Common/DerivedDataCache/Buckets/GlobalShaderMap/7b/ab/d5046078ee73c883542934847480a5a92f61.udd" 3435
"C:/Users/kbc12306156/AppData/Local/UnrealEngine/Common/DerivedDataCache/Buckets/GlobalShaderMap/4b/86/32696925d6e1cf82ad917819a0ef4465026d.udd" 3436
"C:/Users/kbc12306156/AppData/Local/UnrealEngine/Common/DerivedDataCache/Buckets/GlobalShaderMap/58/bf/da5da38ca6cce69b52eafefe334a5afe5a9d.udd" 3437
"C:/Users/kbc12306156/AppData/Local/UnrealEngine/Common/DerivedDataCache/Buckets/GlobalShaderMap/9a/61/a4443bb54a8ee2ed1c821ca1e90053fbee04.udd" 3438
"C:/Users/kbc12306156/AppData/Local/UnrealEngine/Common/DerivedDataCache/Buckets/GlobalShaderMap/4c/17/41bbcc179da9eed2fd83f4666ae7d155a8cf.udd" 3439
"C:/Users/kbc12306156/AppData/Local/UnrealEngine/Common/DerivedDataCache/Buckets/GlobalShaderMap/f7/a9/40848c20cc422bd0f6a0fb25c2b29096c04e.udd" 3440
"C:/Users/kbc12306156/AppData/Local/UnrealEngine/Common/DerivedDataCache/Buckets/GlobalShaderMap/53/ff/c916e85df7ed4a0542e683cd278152aa0da2.udd" 3441
"C:/Users/kbc12306156/AppData/Local/UnrealEngine/Common/DerivedDataCache/Buckets/GlobalShaderMap/30/7f/efa0342da6bf56ed4c72c43fe0793f635503.udd" 3442
"C:/Users/kbc12306156/AppData/Local/UnrealEngine/Common/DerivedDataCache/Buckets/GlobalShaderMap/7a/c0/358922d0bad047109df225e38bb807ecc3a7.udd" 3443
"C:/Users/kbc12306156/AppData/Local/UnrealEngine/Common/DerivedDataCache/Buckets/GlobalShaderMap/fd/1d/d82cedf8a1f4f380063972227f66c1d15d34.udd" 3444
"C:/Users/kbc12306156/AppData/Local/UnrealEngine/Common/DerivedDataCache/Buckets/GlobalShaderMap/e9/9b/4e30d62f387cb4f017f81acc79922c8d57a4.udd" 3445
"C:/Users/kbc12306156/AppData/Local/UnrealEngine/Common/DerivedDataCache/Buckets/GlobalShaderMap/df/76/d650abb5b011252aa5dc66807635c8caf72e.udd" 3446
"C:/Users/kbc12306156/AppData/Local/UnrealEngine/Common/DerivedDataCache/Buckets/GlobalShaderMap/ce/c1/194edec4c373e6b3d7416cccb483857cc816.udd" 3447
"C:/Users/kbc12306156/AppData/Local/UnrealEngine/Common/DerivedDataCache/Buckets/GlobalShaderMap/ac/08/0fb5b729cb629a42b4825d9b00e86a5ffa7f.udd" 3448
"C:/Users/kbc12306156/AppData/Local/UnrealEngine/Common/DerivedDataCache/Buckets/GlobalShaderMap/17/08/b785c9b4e94286810ef8c3133fb6dab57885.udd" 3449
"C:/Users/kbc12306156/AppData/Local/UnrealEngine/Common/DerivedDataCache/Buckets/GlobalShaderMap/ef/a1/96d7b1af7e2f9ef16db5e38f7c0685a96064.udd" 3450
"C:/Users/kbc12306156/AppData/Local/UnrealEngine/Common/DerivedDataCache/Buckets/GlobalShaderMap/7d/86/6c8ab30ee5c40fccd5826481dcab94dd19f7.udd" 3451
"C:/Users/kbc12306156/AppData/Local/UnrealEngine/Common/DerivedDataCache/Buckets/GlobalShaderMap/58/51/933ccbe826a05557849d4f9f38074b851af4.udd" 3452
"C:/Users/kbc12306156/AppData/Local/UnrealEngine/Common/DerivedDataCache/Buckets/GlobalShaderMap/6c/9b/4332d47be6649842bd66b6f76b75492eeb28.udd" 3453
"C:/Users/kbc12306156/AppData/Local/UnrealEngine/Common/DerivedDataCache/Buckets/GlobalShaderMap/fd/24/4b7ebebe0c67230e561eacb9aa60db54818b.udd" 3454
"C:/Users/kbc12306156/AppData/Local/UnrealEngine/Common/DerivedDataCache/Buckets/GlobalShaderMap/d3/1c/03af4c6b042a226252863ac2b62e9ec8fa2d.udd" 3455
"C:/Users/kbc12306156/AppData/Local/UnrealEngine/Common/DerivedDataCache/Buckets/GlobalShaderMap/3d/1d/49cfc25bd31e0cdcd3948373463fedac1c8d.udd" 3456
"C:/Users/kbc12306156/AppData/Local/UnrealEngine/Common/DerivedDataCache/Buckets/GlobalShaderMap/20/ef/b1b51a0e485c7d8441df31366880a7daea15.udd" 3457
"C:/Users/kbc12306156/AppData/Local/UnrealEngine/Common/DerivedDataCache/Buckets/GlobalShaderMap/fd/17/23fbe5546e214e7e6637ab64dd648503f5d0.udd" 3458
"C:/Users/kbc12306156/AppData/Local/UnrealEngine/Common/DerivedDataCache/Buckets/GlobalShaderMap/d3/9d/e4b800d5e3e415fdce900a2985bb5d22fa2e.udd" 3459
"C:/Users/kbc12306156/AppData/Local/UnrealEngine/Common/DerivedDataCache/Buckets/GlobalShaderMap/52/b7/d909a8ad8dcca080379ea94f1cb1a0b193d6.udd" 3460
"C:/Users/kbc12306156/AppData/Local/UnrealEngine/Common/DerivedDataCache/Buckets/GlobalShaderMap/e3/bd/4e041ebf0963fcc0a430e4f68c615c36d6e1.udd" 3461
"C:/Users/kbc12306156/AppData/Local/UnrealEngine/Common/DerivedDataCache/Buckets/GlobalShaderMap/8e/72/7cf0441a4d580d4d02008e13709e1327fad4.udd" 3462
"C:/Users/kbc12306156/AppData/Local/UnrealEngine/Common/DerivedDataCache/Buckets/GlobalShaderMap/bd/00/b1f68420e7eab5d44574502bd75597b811a1.udd" 3463
"C:/Users/kbc12306156/AppData/Local/UnrealEngine/Common/DerivedDataCache/Buckets/GlobalShaderMap/a1/1f/10d42091c7ebc35bc8134a4b87d33ad3b691.udd" 3464
"C:/Users/kbc12306156/AppData/Local/UnrealEngine/Common/DerivedDataCache/Buckets/GlobalShaderMap/9a/c4/4459fd8e6aa331756361c551d85d7cc3443b.udd" 3465
"C:/Users/kbc12306156/AppData/Local/UnrealEngine/Common/DerivedDataCache/Buckets/GlobalShaderMap/a5/46/2b2f8e33c728ccca2c118421a87639d1ad46.udd" 3466
"C:/Users/kbc12306156/AppData/Local/UnrealEngine/Common/DerivedDataCache/Buckets/GlobalShaderMap/5d/5f/bd2baebb40f032edec687215e8a62c3e0687.udd" 3467
"C:/Users/kbc12306156/AppData/Local/UnrealEngine/Common/DerivedDataCache/Buckets/GlobalShaderMap/ba/7f/79e0f3e50d9ff7506a33f09a3cb53e512018.udd" 3468
"C:/Users/kbc12306156/AppData/Local/UnrealEngine/Common/DerivedDataCache/Buckets/GlobalShaderMap/88/5a/d61357fb47f93c41d684ffe08d1fd683df5f.udd" 3469
"C:/Users/kbc12306156/AppData/Local/UnrealEngine/Common/DerivedDataCache/Buckets/GlobalShaderMap/fb/57/342590e47e33fe6b4fad7884faa0813d63dc.udd" 3470
"C:/Users/kbc12306156/AppData/Local/UnrealEngine/Common/DerivedDataCache/Buckets/GlobalShaderMap/8e/e3/8605fb7f712ed1b8ab28469852a634ba2b4d.udd" 3471
"C:/Users/kbc12306156/AppData/Local/UnrealEngine/Common/DerivedDataCache/Buckets/GlobalShaderMap/71/03/be6a9a33f0398f1e0e4dd6e27b338bd3f01e.udd" 3472
"C:/Users/kbc12306156/AppData/Local/UnrealEngine/Common/DerivedDataCache/Buckets/GlobalShaderMap/b8/69/53f035bcc566ecb07a496f154453ac1afdf1.udd" 3473
"C:/Users/kbc12306156/AppData/Local/UnrealEngine/Common/DerivedDataCache/Buckets/GlobalShaderMap/0f/c2/b229a12ecdafe664e087155b2cb8f6f421ca.udd" 3474
"C:/Users/kbc12306156/AppData/Local/UnrealEngine/Common/DerivedDataCache/Buckets/GlobalShaderMap/63/e1/d281cef83d9e5408324bdfa0dc2e99818389.udd" 3475
"C:/Users/kbc12306156/AppData/Local/UnrealEngine/Common/DerivedDataCache/Buckets/GlobalShaderMap/5d/22/a642096ddc3009538aa8ccf5794af1827174.udd" 3476
"C:/Users/kbc12306156/AppData/Local/UnrealEngine/Common/DerivedDataCache/Buckets/GlobalShaderMap/ae/f5/05076fe5250fd3d84cbb60cddbbd6844e33f.udd" 3477
"C:/Users/kbc12306156/AppData/Local/UnrealEngine/Common/DerivedDataCache/Buckets/GlobalShaderMap/cd/e7/0b5c43846954486c6d8b6f71907f86e7fb31.udd" 3478
"C:/Users/kbc12306156/AppData/Local/UnrealEngine/Common/DerivedDataCache/Buckets/GlobalShaderMap/14/26/7d8191c1f4093f401e4dc65e6b04e03ad3f1.udd" 3479
"C:/Users/kbc12306156/AppData/Local/UnrealEngine/Common/DerivedDataCache/Buckets/GlobalShaderMap/7c/6f/fd68378b0f1164b1baa29ac4d961845ca0de.udd" 3480
"C:/Users/kbc12306156/AppData/Local/UnrealEngine/Common/DerivedDataCache/Buckets/GlobalShaderMap/b5/4e/500a89368cc004ad29a008ba5657edc58268.udd" 3481
"C:/Users/kbc12306156/AppData/Local/UnrealEngine/Common/DerivedDataCache/Buckets/GlobalShaderMap/d5/9a/9112dc8c7add0e961c23a3b195061a44c10a.udd" 3482
"C:/Users/kbc12306156/AppData/Local/UnrealEngine/Common/DerivedDataCache/Buckets/GlobalShaderMap/23/87/2d02ea50ea5fa2a519b7a11ef865331d2ffc.udd" 3483
"C:/Users/kbc12306156/AppData/Local/UnrealEngine/Common/DerivedDataCache/Buckets/GlobalShaderMap/e8/e1/2a589295ce55f52e81ca3c649b299ce7ade0.udd" 3484
"C:/Users/kbc12306156/AppData/Local/UnrealEngine/Common/DerivedDataCache/Buckets/GlobalShaderMap/53/0e/74465a3a20b508e36f311548d1e8c9f29308.udd" 3485
"C:/Users/kbc12306156/AppData/Local/UnrealEngine/Common/DerivedDataCache/Buckets/GlobalShaderMap/3d/db/e76b089a250fc144254df93ce7a5759c1d79.udd" 3486
"C:/Users/kbc12306156/AppData/Local/UnrealEngine/Common/DerivedDataCache/Buckets/GlobalShaderMap/4a/ce/857c9c166a215005c5eb73bc01a12b38c116.udd" 3487
"C:/Users/kbc12306156/AppData/Local/UnrealEngine/Common/DerivedDataCache/Buckets/GlobalShaderMap/f5/3e/4a0d3741165af35ceb5db4b22bc7dcc75f62.udd" 3488
"C:/Users/kbc12306156/AppData/Local/UnrealEngine/Common/DerivedDataCache/Buckets/GlobalShaderMap/d6/35/c51ae15960ef8ed0e2bc986742fe4debf6ff.udd" 3489
"C:/Users/kbc12306156/AppData/Local/UnrealEngine/Common/DerivedDataCache/Buckets/GlobalShaderMap/ef/44/b53e4b8d1260fc75fb9d051ae17bd6338c47.udd" 3490
"C:/Users/kbc12306156/AppData/Local/UnrealEngine/Common/DerivedDataCache/Buckets/GlobalShaderMap/d6/1b/b80cb5da70491d06279f701f0e7edc186c62.udd" 3491
"C:/Users/kbc12306156/AppData/Local/UnrealEngine/Common/DerivedDataCache/Buckets/GlobalShaderMap/f7/91/adb135958b947fc7ab87ed72024465a6e432.udd" 3492
"C:/Users/kbc12306156/AppData/Local/UnrealEngine/Common/DerivedDataCache/Buckets/GlobalShaderMap/e3/9a/4eb4ee7ae39daac305ec0b2a4d72ac3dcd43.udd" 3493
"C:/Users/kbc12306156/AppData/Local/UnrealEngine/Common/DerivedDataCache/Buckets/GlobalShaderMap/62/18/d7301b9ac9869376f4176235412f3ab41d4c.udd" 3494
"C:/Users/kbc12306156/AppData/Local/UnrealEngine/Common/DerivedDataCache/Buckets/GlobalShaderMap/8c/28/83b4b82b2914e7f324bb90f80caf756d80a8.udd" 3495
"C:/Users/kbc12306156/AppData/Local/UnrealEngine/Common/DerivedDataCache/Buckets/GlobalShaderMap/6e/3c/06e903163d7bc0d362ca58c1a454be564807.udd" 3496
"C:/Users/kbc12306156/AppData/Local/UnrealEngine/Common/DerivedDataCache/Buckets/GlobalShaderMap/de/14/48555620f9b5af4360fbe474b2de89ea9bb2.udd" 3497
"C:/Users/kbc12306156/AppData/Local/UnrealEngine/Common/DerivedDataCache/Buckets/GlobalShaderMap/9b/c4/9bc6526816d4c78f4454bf0b2bb5f98f9ae8.udd" 3498
"C:/Users/kbc12306156/AppData/Local/UnrealEngine/Common/DerivedDataCache/Buckets/GlobalShaderMap/e7/89/32d4216d328e965749a0dc130445412c8247.udd" 3499
"C:/Users/kbc12306156/AppData/Local/UnrealEngine/Common/DerivedDataCache/Buckets/GlobalShaderMap/4a/8c/3008293cd08eb27c856460b7328d087640a5.udd" 3500
"C:/Users/kbc12306156/AppData/Local/UnrealEngine/Common/DerivedDataCache/Buckets/GlobalShaderMap/ff/92/2969e65adc8e06f32a3f4a8f8a5e040bc24b.udd" 3501
"C:/Users/kbc12306156/AppData/Local/UnrealEngine/Common/DerivedDataCache/Buckets/GlobalShaderMap/60/80/4a7bf7c809a6ec260350799c1ef387326035.udd" 3502
"C:/Users/kbc12306156/AppData/Local/UnrealEngine/Common/DerivedDataCache/Buckets/GlobalShaderMap/8e/53/90e60db8d483508fa89803b1d44f406ebd73.udd" 3503
"C:/Users/kbc12306156/AppData/Local/UnrealEngine/Common/DerivedDataCache/Buckets/GlobalShaderMap/44/3b/f1f4d9902b7760a82f5b8d8bc3d2f8ff994a.udd" 3504
"C:/Users/kbc12306156/AppData/Local/UnrealEngine/Common/DerivedDataCache/Buckets/GlobalShaderMap/45/26/e9619596951a45c76bbd3383c135b14a10a8.udd" 3505
"C:/Users/kbc12306156/AppData/Local/UnrealEngine/Common/DerivedDataCache/Buckets/GlobalShaderMap/be/a3/3139c3007551458531eb48628e33bf706a71.udd" 3506
"C:/Users/kbc12306156/AppData/Local/UnrealEngine/Common/DerivedDataCache/Buckets/GlobalShaderMap/d8/c8/c0542e9476e55db1030522e52277fdf02d53.udd" 3507
"C:/Users/kbc12306156/AppData/Local/UnrealEngine/Common/DerivedDataCache/Buckets/GlobalShaderMap/43/7d/65ba7662c4a5e7790adb6a7c05663712ef93.udd" 3508
"C:/Users/kbc12306156/AppData/Local/UnrealEngine/Common/DerivedDataCache/Buckets/GlobalShaderMap/30/34/f132cfa20a75320d0dba85d2c0a3c8012a4f.udd" 3509
"C:/Users/kbc12306156/AppData/Local/UnrealEngine/Common/DerivedDataCache/Buckets/GlobalShaderMap/fd/20/5671c684db7e896315b8524359e3b0fb189c.udd" 3510
"C:/Users/kbc12306156/AppData/Local/UnrealEngine/Common/DerivedDataCache/Buckets/GlobalShaderMap/10/e0/69d4d60f4508395fe24565661efb5580d249.udd" 3511
"C:/Users/kbc12306156/AppData/Local/UnrealEngine/Common/DerivedDataCache/Buckets/GlobalShaderMap/77/45/bc23e5a8185dd4fbf5020382393ee9435bde.udd" 3512
"C:/Users/kbc12306156/AppData/Local/UnrealEngine/Common/DerivedDataCache/Buckets/GlobalShaderMap/00/78/ed3212f0bbd0e628d298ca9f183a4fd154d4.udd" 3513
"C:/Users/kbc12306156/AppData/Local/UnrealEngine/Common/DerivedDataCache/Buckets/GlobalShaderMap/e5/8b/bc960d94792151fe123eddded26a2cd6d89c.udd" 3514
"C:/Users/kbc12306156/AppData/Local/UnrealEngine/Common/DerivedDataCache/Buckets/GlobalShaderMap/57/b5/9aeaaaad3458e43225e65b5c665bbefc192b.udd" 3515
"C:/Users/kbc12306156/AppData/Local/UnrealEngine/Common/DerivedDataCache/Buckets/GlobalShaderMap/ad/34/ae01aeb2779070b61a7f0832cf06d96f7bee.udd" 3516
"C:/Users/kbc12306156/AppData/Local/UnrealEngine/Common/DerivedDataCache/Buckets/GlobalShaderMap/19/1b/d683192a82a35a7fe182eda295bb87066fdb.udd" 3517
"C:/Users/kbc12306156/AppData/Local/UnrealEngine/Common/DerivedDataCache/Buckets/GlobalShaderMap/2b/83/89772d14e269e43b876d3f6393b461bc1b1b.udd" 3518
"C:/Users/kbc12306156/AppData/Local/UnrealEngine/Common/DerivedDataCache/Buckets/GlobalShaderMap/d8/9a/750e61624b924568242ba9dd9fa34ed00149.udd" 3519
"C:/Users/kbc12306156/AppData/Local/UnrealEngine/Common/DerivedDataCache/Buckets/GlobalShaderMap/31/01/6a2b9a34388b5a491084c52bb8fe4babb9c2.udd" 3520
"C:/Users/kbc12306156/AppData/Local/UnrealEngine/Common/DerivedDataCache/Buckets/GlobalShaderMap/94/2d/9da29e6f9f03925cc1cb2f06f8a58d020a07.udd" 3521
"C:/Users/kbc12306156/AppData/Local/UnrealEngine/Common/DerivedDataCache/Buckets/GlobalShaderMap/32/52/c8dd20d68c4a5e7643a21fac5a367ac07659.udd" 3522
"C:/Users/kbc12306156/AppData/Local/UnrealEngine/Common/DerivedDataCache/Buckets/GlobalShaderMap/2a/c1/3cf5ef80f910bdfbda0961b3e62ad4b58d4c.udd" 3523
"C:/Users/kbc12306156/AppData/Local/UnrealEngine/Common/DerivedDataCache/Buckets/GlobalShaderMap/63/6e/f1eb9182bce3ba8f89163ea6b64b6149f819.udd" 3524
"C:/Users/kbc12306156/AppData/Local/UnrealEngine/Common/DerivedDataCache/Buckets/GlobalShaderMap/ac/6e/afb1bf30c73e3cc3593a4f749d2db56c5c0a.udd" 3525
"C:/Users/kbc12306156/AppData/Local/UnrealEngine/Common/DerivedDataCache/Buckets/GlobalShaderMap/b1/49/262a88ad273a3d25cd0688f799eeac076f54.udd" 3526
"C:/Users/kbc12306156/AppData/Local/UnrealEngine/Common/DerivedDataCache/Buckets/GlobalShaderMap/83/b1/a52a711a60aaef6a0ab839e1e4ce744fe807.udd" 3527
"C:/Users/kbc12306156/AppData/Local/UnrealEngine/Common/DerivedDataCache/Buckets/GlobalShaderMap/be/22/6f0e068db0499efdd901208b97a5310ffabc.udd" 3528
"C:/Users/kbc12306156/AppData/Local/UnrealEngine/Common/DerivedDataCache/Buckets/GlobalShaderMap/e3/18/03b5798690fe93ea31a8ea568972a1ec8333.udd" 3529
"C:/Users/kbc12306156/AppData/Local/UnrealEngine/Common/DerivedDataCache/Buckets/GlobalShaderMap/4b/83/7181876a23de97f4b8aa62b42f0d13ad88e2.udd" 3530
"C:/Users/kbc12306156/AppData/Local/UnrealEngine/Common/DerivedDataCache/Buckets/GlobalShaderMap/27/c9/9ecf082c336c50d2bc1b5a5e0d2bd353557d.udd" 3531
"C:/Users/kbc12306156/AppData/Local/UnrealEngine/Common/DerivedDataCache/Buckets/GlobalShaderMap/f1/ed/1c353b1ce942eb57c64be17cfd296894a307.udd" 3532
"C:/Users/kbc12306156/AppData/Local/UnrealEngine/Common/DerivedDataCache/Buckets/GlobalShaderMap/7d/16/edce9a737a10a33e46a138473f854ab2e818.udd" 3533
"C:/Users/kbc12306156/AppData/Local/UnrealEngine/Common/DerivedDataCache/Buckets/GlobalShaderMap/94/2c/934898f2ea4fc00f6d1d395a77b8a5eb35a6.udd" 3534
"C:/Users/kbc12306156/AppData/Local/UnrealEngine/Common/DerivedDataCache/Buckets/GlobalShaderMap/78/4d/28e9ca39dbe84a6b7f54388997a2aea2ee8a.udd" 3535
"C:/Users/kbc12306156/AppData/Local/UnrealEngine/Common/DerivedDataCache/Buckets/GlobalShaderMap/96/e5/a3a657ec2305adf1fa26dbcce82807bc583f.udd" 3536
"C:/Users/kbc12306156/AppData/Local/UnrealEngine/Common/DerivedDataCache/Buckets/GlobalShaderMap/2e/60/3621694a7694313079e614bad7f459724a55.udd" 3537
"C:/Users/kbc12306156/AppData/Local/UnrealEngine/Common/DerivedDataCache/Buckets/GlobalShaderMap/0f/5a/6d1aa1d54c2e05135e4560c9cae5d2d4f992.udd" 3538
"C:/Users/kbc12306156/AppData/Local/UnrealEngine/Common/DerivedDataCache/Buckets/GlobalShaderMap/7f/25/41900d368a5e4a935dee2284c1cbd4991fd9.udd" 3539
"C:/Users/kbc12306156/AppData/Local/UnrealEngine/Common/DerivedDataCache/Buckets/GlobalShaderMap/fd/3e/39b93e33f46130075fda3d33f1f8958fff8b.udd" 3540
"C:/Users/kbc12306156/AppData/Local/UnrealEngine/Common/DerivedDataCache/Buckets/GlobalShaderMap/0c/22/0c8f077acddd5464e1257eba7902f296c6c4.udd" 3541
"../../../Engine/Plugins/Animation/ControlRig/Content/Controls/ControlRigGizmoMaterial.uasset" 3542
"../../../Engine/Content/EngineResources/FilmGrains/Marcie_Grain_v3_128_M2_000.uasset" 3543
"../../../Engine/Content/EngineSounds/Master.uasset" 3544
"../../../Engine/Content/EngineMaterials/DefaultBloomKernel.uasset" 3545
"../../../Engine/Content/EngineDebugMaterials/DebugEditorMaterial.uasset" 3546
"../../../Engine/Plugins/Interchange/Runtime/Content/Pipelines/DefaultTexturePipeline.uasset" 3547
"../../../Engine/Plugins/Interchange/Runtime/Content/Pipelines/DefaultSceneLevelPipeline.uasset" 3548
"../../../Engine/Plugins/Interchange/Runtime/Content/Utilities/T_Bayer64_Grayscale_64px.uasset" 3549
"../../../Engine/Content/EngineMaterials/STBlueNoise_vec2_128x128x64.uasset" 3550
"../../../Engine/Plugins/Interchange/Runtime/Content/Pipelines/DefaultMaterialPipeline.uasset" 3551
"../../../Engine/Plugins/Interchange/Runtime/Content/Pipelines/DefaultAssetsPipeline.uasset" 3552
"../../../Engine/Plugins/Interchange/Runtime/Content/Pipelines/DefaultSceneAssetsPipeline.uasset" 3553
"../../../Engine/Content/EditorResources/BSPVertex.uasset" 3554
"C:/PG/TGS_TeamK/Content/gameInstance.uasset" 3555
"../../../Engine/Plugins/Importers/USDImporter/Content/Materials/ChannelSelector.uasset" 3556
"../../../Engine/Content/EngineMaterials/STBlueNoise_scalar_128x128x64.uasset" 3557
"../../../Engine/Plugins/Interchange/Runtime/Content/Utilities/New_LUT.uasset" 3558
"../../../Engine/Plugins/Interchange/Runtime/Content/Pipelines/DefaultGraphInspectorPipeline.uasset" 3559
"../../../Engine/Plugins/Interchange/Runtime/Content/Materials/UnlitMaterial.uasset" 3560
"../../../Engine/Plugins/Interchange/Runtime/Content/Materials/MapOrScalarFunction.uasset" 3561
"../../../Engine/Plugins/Interchange/Runtime/Content/Materials/MapOrLinearColorFunction.uasset" 3562
"../../../Engine/Plugins/Interchange/Runtime/Content/Materials/MapOrColorFunction.uasset" 3563
"../../../Engine/Plugins/Interchange/Runtime/Content/gltf/Textures/T_White_srgb.uasset" 3564
"C:/Users/kbc12306156/AppData/Local/UnrealEngine/Common/DerivedDataCache/Buckets/BulkDataList/1d/0b/fd0f6e72f6869c6e94a5f41b01018023d9a7.udd" 3565
"../../../Engine/Plugins/Interchange/Runtime/Content/gltf/Textures/T_White_Linear.uasset" 3566
"C:/Users/kbc12306156/AppData/Local/UnrealEngine/Common/DerivedDataCache/Buckets/BulkDataList/e9/b4/c4caab636a3b614db14568b182a8927628a9.udd" 3567
"../../../Engine/Plugins/Interchange/Runtime/Content/gltf/Textures/T_Gray_Linear.uasset" 3568
"../../../Engine/Plugins/Interchange/Runtime/Content/gltf/Textures/T_Generic_N.uasset" 3569
"C:/Users/kbc12306156/AppData/Local/UnrealEngine/Common/DerivedDataCache/Buckets/BulkDataList/4d/9b/739f0cca9feb7b02765837f214870fa1ca8f.udd" 3570
"../../../Engine/Plugins/Interchange/Runtime/Content/gltf/Textures/T_Black_srgb.uasset" 3571
"C:/Users/kbc12306156/AppData/Local/UnrealEngine/Common/DerivedDataCache/Buckets/BulkDataList/cd/62/56cfd8633e9edc83a29885169d7ba527f114.udd" 3572
"../../../Engine/Plugins/Interchange/Runtime/Content/gltf/MaterialFunctions/MF_RotateV2.uasset" 3573
"C:/Users/kbc12306156/AppData/Local/UnrealEngine/Common/DerivedDataCache/Buckets/BulkDataList/8b/6c/8ddda3321acf70d2b8293a220ccdca38539e.udd" 3574
"../../../Engine/Plugins/Interchange/Runtime/Content/gltf/MaterialFunctions/MF_IOR.uasset" 3575
"C:/Users/kbc12306156/AppData/Local/UnrealEngine/Common/DerivedDataCache/Buckets/MaterialShaderMap/bd/66/1b068aaf3fbad416919bee8e6ce04726ecae.udd" 3576
"C:/Users/kbc12306156/AppData/Local/UnrealEngine/Common/DerivedDataCache/Buckets/MaterialShaderMap/73/3c/41969e5ba869b3b96b4279bc64ddc3e106d8.udd" 3577
"C:/Users/kbc12306156/AppData/Local/UnrealEngine/Common/DerivedDataCache/Buckets/MaterialShaderMap/52/1e/55b0a4a18e477893f0298c6bf784f7262540.udd" 3578
"C:/Users/kbc12306156/AppData/Local/UnrealEngine/Common/DerivedDataCache/Buckets/MaterialShaderMap/46/4c/78cbab1f70d85c28d16e4525782033ab4bc1.udd" 3579
"C:/Users/kbc12306156/AppData/Local/UnrealEngine/Common/DerivedDataCache/Buckets/MaterialShaderMap/7b/a0/36781e24a3d4d34bf212b553a4e340346170.udd" 3580
"C:/Users/kbc12306156/AppData/Local/UnrealEngine/Common/DerivedDataCache/Buckets/MaterialShaderMap/f4/d0/2700c5a99fc3754c453a3830c823ebecb52c.udd" 3581
"C:/Users/kbc12306156/AppData/Local/UnrealEngine/Common/DerivedDataCache/Buckets/MaterialShaderMap/fc/31/74c6affed6fae57442dd3ac197cc8e2a0004.udd" 3582
"C:/Users/kbc12306156/AppData/Local/UnrealEngine/Common/DerivedDataCache/Buckets/MaterialShaderMap/39/9d/ffd79c42a91bee3e28c0044fc8584b9d3bbc.udd" 3583
"C:/Users/kbc12306156/AppData/Local/UnrealEngine/Common/DerivedDataCache/Buckets/MaterialShaderMap/2d/1e/7d6c90e22aa902d406100dda174b0d20ecaf.udd" 3584
"C:/Users/kbc12306156/AppData/Local/UnrealEngine/Common/DerivedDataCache/Buckets/MaterialShaderMap/ee/aa/9dd47eaa01012d3158209faf55363898313d.udd" 3585
"C:/Users/kbc12306156/AppData/Local/UnrealEngine/Common/DerivedDataCache/Buckets/MaterialShaderMap/f1/cd/c96128a93ff0ae286d1712cb6b45d1e0b88a.udd" 3586
"C:/Users/kbc12306156/AppData/Local/UnrealEngine/Common/DerivedDataCache/Buckets/MaterialShaderMap/a1/4d/a8cb919784f3e982a7c8967a12882d4d42aa.udd" 3587
"C:/Users/kbc12306156/AppData/Local/UnrealEngine/Common/DerivedDataCache/Buckets/MaterialShaderMap/ef/8d/00da714ef316079ca3c43087f6c55c33e113.udd" 3588
"C:/Users/kbc12306156/AppData/Local/UnrealEngine/Common/DerivedDataCache/Buckets/MaterialShaderMap/85/98/87e1869ddf13f8af807b7ced28ef4093f2b8.udd" 3589
"C:/Users/kbc12306156/AppData/Local/UnrealEngine/Common/DerivedDataCache/Buckets/MaterialShaderMap/04/37/437afa2dffb0b7e9fcf38f8be6fe7c501ceb.udd" 3590
"C:/Users/kbc12306156/AppData/Local/UnrealEngine/Common/DerivedDataCache/Buckets/MaterialShaderMap/86/0a/f13f6ed6d58c687136cef832a15ad18c2c07.udd" 3591
"C:/Users/kbc12306156/AppData/Local/UnrealEngine/Common/DerivedDataCache/Buckets/MaterialShaderMap/58/ad/8331dda5575f278597a5979f2d6413b60823.udd" 3592
"C:/Users/kbc12306156/AppData/Local/UnrealEngine/Common/DerivedDataCache/Buckets/MaterialShaderMap/dc/47/71c84eef1cc892701631dadb2a835e965e4f.udd" 3593
"C:/Users/kbc12306156/AppData/Local/UnrealEngine/Common/DerivedDataCache/Buckets/LegacyTEXTURE/bc/2b/bc5181d7329fd4f3454db019334f1ee623aa.udd" 3594
"C:/Users/kbc12306156/AppData/Local/UnrealEngine/Common/DerivedDataCache/Buckets/MaterialShaderMap/b3/1e/406cb4abb74a974f3885ed933cb8590a7de2.udd" 3595
"C:/Users/kbc12306156/AppData/Local/UnrealEngine/Common/DerivedDataCache/Buckets/MaterialShaderMap/00/0f/84e6699f5b527f016c9a7787e1ef144d99de.udd" 3596
"C:/Users/kbc12306156/AppData/Local/UnrealEngine/Common/DerivedDataCache/Buckets/MaterialShaderMap/bf/a5/4ea6e4802826980bfc18bde361a94605b506.udd" 3597
"C:/Users/kbc12306156/AppData/Local/UnrealEngine/Common/DerivedDataCache/Buckets/MaterialShaderMap/49/8e/424e6423961c6d0b11556f86111ac0c14150.udd" 3598
"C:/Users/kbc12306156/AppData/Local/UnrealEngine/Common/DerivedDataCache/Buckets/MaterialShaderMap/80/be/45c2db04f87b8737c90206ae0149284eac05.udd" 3599
"C:/Users/kbc12306156/AppData/Local/UnrealEngine/Common/DerivedDataCache/Buckets/MaterialShaderMap/0f/ba/a9ee4e3df1fd9b62368f7e2ee9ad7abb4288.udd" 3600
"C:/Users/kbc12306156/AppData/Local/UnrealEngine/Common/DerivedDataCache/Buckets/MaterialShaderMap/44/3a/e5bc35b29920f647de2fe0bc4ff7db04f15c.udd" 3601
"C:/Users/kbc12306156/AppData/Local/UnrealEngine/Common/DerivedDataCache/Buckets/MaterialShaderMap/67/6e/f74931533a6db86f8f134ffcdc2cbdb15517.udd" 3602
"C:/Users/kbc12306156/AppData/Local/UnrealEngine/Common/DerivedDataCache/Buckets/MaterialShaderMap/4d/e9/e577a9b30da4b27daa604bc55e3a9f434bc3.udd" 3603
"C:/Users/kbc12306156/AppData/Local/UnrealEngine/Common/DerivedDataCache/Buckets/MaterialShaderMap/73/1a/7183f21967bb0142bdab4fff5dbb4bc2b6d4.udd" 3604
"C:/Users/kbc12306156/AppData/Local/UnrealEngine/Common/DerivedDataCache/Buckets/MaterialShaderMap/dd/60/6d461afeec1c43a97cb6c8a49fd434f79ba4.udd" 3605
"C:/Users/kbc12306156/AppData/Local/UnrealEngine/Common/DerivedDataCache/Buckets/MaterialShaderMap/84/2a/698b721fdf6278f67db67a001a017e9af761.udd" 3606
"C:/Users/kbc12306156/AppData/Local/UnrealEngine/Common/DerivedDataCache/Buckets/MaterialShaderMap/dc/5d/9f2c7f39951237b643c1f7db02a59377852a.udd" 3607
"C:/Users/kbc12306156/AppData/Local/UnrealEngine/Common/DerivedDataCache/Buckets/MaterialShaderMap/88/b7/3da4d022ad26670ced6807105fefa54b9d34.udd" 3608
"../../../Engine/Plugins/Interchange/Runtime/Content/gltf/MaterialFunctions/MF_Fresnel_DS.uasset" 3609
"../../../Engine/Plugins/Interchange/Runtime/Content/Functions/MF_SchlickApprox.uasset" 3610
"C:/Users/kbc12306156/AppData/Local/UnrealEngine/Common/DerivedDataCache/Buckets/BulkDataList/df/f7/9588ffe5912eaa72c9756eaf3088a242c390.udd" 3611
"../../../Engine/Plugins/Interchange/Runtime/Content/Functions/MF_OrenNayerView.uasset" 3612
"C:/Users/kbc12306156/AppData/Local/UnrealEngine/Common/DerivedDataCache/Buckets/BulkDataList/14/b9/f6136a0e74a41afb63ce4effef8408878566.udd" 3613
"../../../Engine/Content/EngineMaterials/DefaultCalibrationGrayscale.uasset" 3614
"../../../Engine/Content/EngineMaterials/DefaultCalibrationColor.uasset" 3615
"../../../Engine/Content/MobileResources/HUD/VirtualJoystick_Background.uasset" 3616
"../../../Engine/Content/MobileResources/HUD/VirtualJoystick_Thumb.uasset" 3617
"../../../Engine/Content/EngineSounds/Submixes/MasterEQEffectPreset.uasset" 3618
"../../../Engine/Content/EngineSounds/Submixes/MasterReverbEffectPreset.uasset" 3619
"C:/Users/kbc12306156/AppData/Local/UnrealEngine/Common/DerivedDataCache/Buckets/BulkDataList/02/54/d06c094c403a37956b869cf290b840890358.udd" 3620
"../../../Engine/Content/EditorBlueprintResources/StandardMacros.uasset" 3621
"C:/Users/kbc12306156/AppData/Local/UnrealEngine/Common/DerivedDataCache/Buckets/BulkDataList/32/8d/d48089a12cba2b0fc437adef5ec20189b3a7.udd" 3622
"C:/PG/TGS_TeamK/Content/LevelPrototyping/Materials/MI_Red.uasset" 3623
"C:/Users/kbc12306156/AppData/Local/UnrealEngine/Common/DerivedDataCache/Buckets/BulkDataList/89/44/ccc44c441b7ac735f4ea598b427adb8e1990.udd" 3624
"../../../Engine/Content/EditorMaterials/PreviewShadowIndicator.uasset" 3625
"C:/Users/kbc12306156/AppData/Local/UnrealEngine/Common/DerivedDataCache/Buckets/BulkDataList/ca/7e/7965a995e4d40206e6a40b0d1ec39e0d9041.udd" 3626
"../../../Engine/Content/Maps/Entry_BuiltData.uasset" 3627
"C:/Users/kbc12306156/AppData/Local/UnrealEngine/Common/DerivedDataCache/Buckets/BulkDataList/fc/94/9f1964bffbf20be91ba0ab28100fa6a05f9a.udd" 3628
"../../../Engine/Content/Functions/Engine_MaterialFunctions02/Math/InverseTransformMatrix.uasset" 3629
"../../../Engine/Content/Functions/Engine_MaterialFunctions01/ImageAdjustment/sRGBToLinear.uasset" 3630
"../../../Engine/Plugins/Importers/USDImporter/Content/Textures/DefaultColorVT.uasset" 3631
"../../../Engine/Plugins/Importers/USDImporter/Content/Textures/DefaultLinearColorVT.uasset" 3632
"../../../Engine/Content/ArtTools/RenderToTexture/Textures/127grey.uasset" 3633
"../../../Engine/Content/EditorLandscapeResources/WhiteSquareTexture.uasset" 3634
"C:/Users/kbc12306156/AppData/Local/UnrealEngine/Common/DerivedDataCache/Buckets/BulkDataList/57/ad/f17fd00f6fc016dedcdd87e5d4aa9e4771df.udd" 3635
"../../../Engine/Content/EngineMaterials/DefaultNormal.uasset" 3636
"C:/Users/kbc12306156/AppData/Local/UnrealEngine/Common/DerivedDataCache/Buckets/BulkDataList/1a/06/2d557f3463f46ff25cb3b0c1110dd35d303c.udd" 3637
"../../../Engine/Content/EngineMaterials/FlatNormal.uasset" 3638
"C:/Users/kbc12306156/AppData/Local/UnrealEngine/Common/DerivedDataCache/Buckets/BulkDataList/5d/cf/da6fed7860bfa549420eace9453ab6020075.udd" 3639
"../../../Engine/Content/Functions/Engine_MaterialFunctions02/Math/AddComponents.uasset" 3640
"C:/Users/kbc12306156/AppData/Local/UnrealEngine/Common/DerivedDataCache/Buckets/BulkDataList/6d/90/4f208285793aae51a55f2a9cfbe2923b628b.udd" 3641
"../../../Engine/Content/Functions/Engine_MaterialFunctions02/Texturing/CustomRotator.uasset" 3642
"../../../Engine/Content/Functions/Engine_MaterialFunctions02/Texturing/ScreenAlignedPixelToPixelUVs.uasset" 3643
"../../../Engine/Content/Functions/Engine_MaterialFunctions01/Texturing/FlattenNormal.uasset" 3644
"../../../Engine/Content/Functions/Engine_MaterialFunctions01/Shading/FuzzyShading.uasset" 3645
"../../../Engine/Content/Functions/Engine_MaterialFunctions03/Math/RemapValueRange.uasset" 3646
"C:/Users/kbc12306156/AppData/Local/UnrealEngine/Common/DerivedDataCache/Buckets/BulkDataList/86/9c/3e021752282fa65be404745c8faedbdea72a.udd" 3647
"../../../Engine/Content/EngineSky/M_SimpleSkyDome.uasset" 3648
"C:/PG/TGS_TeamK/Content/SE_BGM/AS_1711991_????????SF???????ME.uasset" 3649
"C:/PG/TGS_TeamK/Content/StarterContent/Materials/M_Basic_Floor.uasset" 3650
"C:/PG/TGS_TeamK/Content/UI/WBP_Fade.uasset" 3651
"C:/Users/kbc12306156/AppData/Local/UnrealEngine/Common/DerivedDataCache/Buckets/BulkDataList/dd/77/044b4f247bed85a3e78699b441a587f16af2.udd" 3652
"C:/PG/TGS_TeamK/Content/SE_BGM/AS_171417_SF??????????????+??.uasset" 3653
"C:/Users/kbc12306156/AppData/Local/UnrealEngine/Common/DerivedDataCache/Buckets/BulkDataList/6e/9a/127567670d724b7f5cbc922b68255cce1169.udd" 3654
"C:/PG/TGS_TeamK/Content/ThirdPerson/Blueprints/BP_Title.uasset" 3655
"C:/Users/kbc12306156/AppData/Local/UnrealEngine/Common/DerivedDataCache/Buckets/BulkDataList/70/c8/7c9566656b5be28eaae99d4ccfb03fcf6689.udd" 3656
"C:/Users/kbc12306156/AppData/Local/UnrealEngine/Common/DerivedDataCache/Buckets/BulkDataList/d7/cf/727589762898cec7b5056f67ab419c3d578f.udd" 3657
"C:/PG/TGS_TeamK/Content/Movies/MP_aaa.uasset" 3658
"C:/Users/kbc12306156/AppData/Local/UnrealEngine/Common/DerivedDataCache/Buckets/BulkDataList/84/29/0b586182b1c3751683d6d47354cdd4f3b4a2.udd" 3659
"C:/PG/TGS_TeamK/Content/Tutorial_test.uasset" 3660
"C:/Users/kbc12306156/AppData/Local/UnrealEngine/Common/DerivedDataCache/Buckets/BulkDataList/a9/6b/73430c343e5bdb8238d726b3a853784505d9.udd" 3661
"C:/PG/TGS_TeamK/Content/LevelPrototyping/Materials/MI_Clear.uasset" 3662
"C:/PG/TGS_TeamK/Content/Movies/MS_attack.uasset" 3663
"C:/PG/TGS_TeamK/Content/SE_BGM/AS_1309661_????????????????.uasset" 3664
"C:/PG/TGS_TeamK/Content/SE_BGM/AS_819614_???????????01.uasset" 3665
"C:/PG/TGS_TeamK/Content/SE_BGM/AS_827352_?????SF???????.uasset" 3666
"../../../Engine/Content/BasicShapes/BasicShapeMaterial.uasset" 3667
"C:/PG/TGS_TeamK/Content/SE_BGM/AS_853371_????????????????????.uasset" 3668
"C:/PG/TGS_TeamK/Content/SE_BGM/AS_1001644_????????????????.uasset" 3669
"C:/Users/kbc12306156/AppData/Local/UnrealEngine/Common/DerivedDataCache/Buckets/BulkDataList/a9/33/b20be52e98193b28c3ddc89c709905026c9a.udd" 3670
"C:/PG/TGS_TeamK/Content/SE_BGM/AS_152058_GB????????01-03?????.uasset" 3671
"C:/PG/TGS_TeamK/Content/SE_BGM/AS_218063_??????????_????????.uasset" 3672
"C:/PG/TGS_TeamK/Content/ThirdPerson/Input/Actions/IA_Attack.uasset" 3673
"C:/Users/kbc12306156/AppData/Local/UnrealEngine/Common/DerivedDataCache/Buckets/BulkDataList/a6/8d/6587fce9a922f6d2626f99617dd08db921cf.udd" 3674
"C:/PG/TGS_TeamK/Content/ThirdPerson/Input/Actions/IA_Bomb.uasset" 3675
"C:/PG/TGS_TeamK/Content/ThirdPerson/Input/Actions/IA_Jump.uasset" 3676
"C:/PG/TGS_TeamK/Content/ThirdPerson/Input/Actions/IA_Move.uasset" 3677
"C:/PG/TGS_TeamK/Content/UI/WBP_Level.uasset" 3678
"C:/PG/TGS_TeamK/Content/EPMasterMaterials/Textures/Examples/Walls/T_GrayPlaster01c_A.uasset" 3679
"C:/PG/TGS_TeamK/Content/EPMasterMaterials/Textures/Examples/Walls/T_GrayPlaster01c_AORH.uasset" 3680
"C:/PG/TGS_TeamK/Content/EPMasterMaterials/Textures/Examples/Walls/T_GrayPlaster01c_N.uasset" 3681
"C:/Users/kbc12306156/AppData/Local/UnrealEngine/Common/DerivedDataCache/Buckets/BulkDataList/ba/9c/8ea00d071e00446ecd6ce79b270534498081.udd" 3682
"C:/PG/TGS_TeamK/Content/EPMasterMaterials/Textures/Utilities/EyePerfection01a_Pack.uasset" 3683
"C:/Users/kbc12306156/AppData/Local/UnrealEngine/Common/DerivedDataCache/Buckets/BulkDataList/57/26/8d038d41008d0830acd83848ad0c14a376de.udd" 3684
"C:/PG/TGS_TeamK/Content/Low_Poly_Sci-Fi_Corridor/Textures/T_Atlas_E_01.uasset" 3685
"C:/Users/kbc12306156/AppData/Local/UnrealEngine/Common/DerivedDataCache/Buckets/BulkDataList/89/38/93b306c3c4f732e36feab68fc50d1b5cadce.udd" 3686
"C:/PG/TGS_TeamK/Content/Low_Poly_Sci-Fi_Corridor/Textures/T_Atlas_White.uasset" 3687
"C:/PG/TGS_TeamK/Content/Low_Poly_Sci-Fi_Corridor/Textures/T_Light_Shaft.uasset" 3688
"C:/Users/kbc12306156/AppData/Local/UnrealEngine/Common/DerivedDataCache/Buckets/BulkDataList/ec/74/d94da096c3f8a2d11f112cced8a23b1dfdda.udd" 3689
"C:/PG/TGS_TeamK/Content/Low_Poly_Sci-Fi_Corridor/Textures/T_Atlas.uasset" 3690
"C:/Users/kbc12306156/AppData/Local/UnrealEngine/Common/DerivedDataCache/Buckets/BulkDataList/36/bb/df60da1d4246948bd71ee16860501fb66409.udd" 3691
"../../../Engine/Content/Functions/Engine_MaterialFunctions01/Gradient/LinearGradient.uasset" 3692
"C:/Users/kbc12306156/AppData/Local/UnrealEngine/Common/DerivedDataCache/Buckets/BulkDataList/23/31/59b37bb6edaa681bee4c1c7195f81f878c03.udd" 3693
"../../../Engine/Content/Functions/Engine_MaterialFunctions01/Shading/MetallicShading.uasset" 3694
"C:/Users/kbc12306156/AppData/Local/UnrealEngine/Common/DerivedDataCache/Buckets/BulkDataList/79/be/7a3c209a2d197563e24236150ab172a8fd9e.udd" 3695
"../../../Engine/Content/Functions/Engine_MaterialFunctions02/Utility/BlendAngleCorrectedNormals.uasset" 3696
"../../../Engine/Content/Functions/Engine_MaterialFunctions03/Blends/Lerp_ScratchGrime.uasset" 3697
"../../../Engine/Content/Functions/MaterialLayerFunctions/MatLayerBlend_BreakBaseColor.uasset" 3698
"../../../Engine/Content/Functions/MaterialLayerFunctions/MatLayerBlend_Emissive.uasset" 3699
"../../../Engine/Content/Functions/MaterialLayerFunctions/MatLayerBlend_OverrideBaseColor.uasset" 3700
"../../../Engine/Content/Functions/MaterialLayerFunctions/MatLayerBlend_Standard.uasset" 3701
"C:/Users/kbc12306156/AppData/Local/UnrealEngine/Common/DerivedDataCache/Buckets/BulkDataList/5d/d5/b02ef74ceee67415e0f6c5c2c62bbae80812.udd" 3702
"../../../Engine/Content/Functions/MaterialLayerFunctions/MatLayerBlend_Tint.uasset" 3703
"C:/Users/kbc12306156/AppData/Local/UnrealEngine/Common/DerivedDataCache/Buckets/BulkDataList/45/a5/0f898b2e8b5fd3cd6f3455f09f9bde8f70c5.udd" 3704
"C:/PG/TGS_TeamK/Content/ParagonWraith/Characters/Global/MaterialFunctions/MaterialLayerConstructors/MF_BaseColorTintAndContrast.uasset" 3705
"C:/Users/kbc12306156/AppData/Local/UnrealEngine/Common/DerivedDataCache/Buckets/BulkDataList/23/72/82ed993915981416d2fb571894022b53df88.udd" 3706
"C:/PG/TGS_TeamK/Content/ParagonWraith/Characters/Global/MaterialFunctions/MaterialLayerConstructors/MF_RoughnessAdjustment.uasset" 3707
"C:/Users/kbc12306156/AppData/Local/UnrealEngine/Common/DerivedDataCache/Buckets/BulkDataList/7b/d5/f2c8dd8cad26e614fc303730aecc78bced7f.udd" 3708
"C:/PG/TGS_TeamK/Content/ParagonWraith/Characters/Global/MaterialFunctions/MaterialLayerConstructors/MLC_SolidValues.uasset" 3709
"C:/Users/kbc12306156/AppData/Local/UnrealEngine/Common/DerivedDataCache/Buckets/BulkDataList/ff/6c/7f12fd8136ecfeb148340965aac4f7faa0fe.udd" 3710
"C:/PG/TGS_TeamK/Content/ParagonWraith/Characters/Global/MaterialFunctions/MF_BrightnessAdjust.uasset" 3711
"C:/Users/kbc12306156/AppData/Local/UnrealEngine/Common/DerivedDataCache/Buckets/BulkDataList/43/4a/2ea8208197373293ea6ca3486be069e1c8bd.udd" 3712
"C:/PG/TGS_TeamK/Content/ParagonWraith/Characters/Global/MaterialFunctions/MF_Character_MaterialLayerQuality.uasset" 3713
"C:/Users/kbc12306156/AppData/Local/UnrealEngine/Common/DerivedDataCache/Buckets/BulkDataList/52/b2/21c2df6c236fc2ded95103a3d39f25e53be6.udd" 3714
"C:/PG/TGS_TeamK/Content/ParagonWraith/Characters/Global/ParameterCollections/OrionGlobalGameplayCollection.uasset" 3715
"C:/Users/kbc12306156/AppData/Local/UnrealEngine/Common/DerivedDataCache/Buckets/BulkDataList/8e/d1/2d3a4b68c71179e455fb60b4903eee29e911.udd" 3716
"C:/PG/TGS_TeamK/Content/ParagonWraith/Characters/Heroes/Wraith/Skins/LunarOps/Textures/T_Wraith_LunarOps_Gun_RGB.uasset" 3717
"C:/PG/TGS_TeamK/Content/ParagonWraith/Characters/Heroes/Wraith/Skins/ODGreen/Textures/T_Wraith_Gun_ODGreen_Mask.uasset" 3718
"C:/PG/TGS_TeamK/Content/ParagonWraith/Characters/Heroes/Wraith/Skins/ODGreen/Textures/T_Wraith_Gun_ODGreen_Mask2.uasset" 3719
"C:/PG/TGS_TeamK/Content/ParagonWraith/Characters/Heroes/Wraith/Textures/T_Wraith_gun_N_DEMO.uasset" 3720
"C:/PG/TGS_TeamK/Content/SE_BGM/AS_145225_????????????_????.uasset" 3721
"C:/PG/TGS_TeamK/Content/Enemy/Blueprints/WBP_boss_.uasset" 3722
"C:/PG/TGS_TeamK/Content/Enemy/Blueprints/WBP_Enemy_HP.uasset" 3723
"C:/PG/TGS_TeamK/Content/SE_BGM/AS_1068587_???????????????3.uasset" 3724
"C:/PG/TGS_TeamK/Content/SE_BGM/AS_1223400_????????????????.uasset" 3725
"C:/PG/TGS_TeamK/Content/SE_BGM/AS_840254_???????????????????.uasset" 3726
"C:/PG/TGS_TeamK/Content/SE_BGM/AS_901871_?????????????????.uasset" 3727
"C:/PG/TGS_TeamK/Content/SE_BGM/AS_955645_??.uasset" 3728
"C:/PG/TGS_TeamK/Content/SE_BGM/AS_1242168_???????????????????.uasset" 3729
"C:/PG/TGS_TeamK/Content/SE_BGM/AS_1387397_??????????_1.uasset" 3730
"C:/PG/TGS_TeamK/Content/SE_BGM/AS_1291208_??????????.uasset" 3731
"C:/PG/TGS_TeamK/Content/Movies/MS_boom.uasset" 3732
"C:/Users/kbc12306156/AppData/Local/UnrealEngine/Common/DerivedDataCache/Buckets/BulkDataList/e8/50/5625895d7d9f26ec39e16c59caf6f5557159.udd" 3733
"C:/PG/TGS_TeamK/Content/Movies/MS_LVUP.uasset" 3734
"C:/Users/kbc12306156/AppData/Local/UnrealEngine/Common/DerivedDataCache/Buckets/BulkDataList/0a/47/5b339f13ca9391bbf92af740f24ea234c470.udd" 3735
"C:/PG/TGS_TeamK/Content/Movies/MS_LVUP_attack.uasset" 3736
"C:/Users/kbc12306156/AppData/Local/UnrealEngine/Common/DerivedDataCache/Buckets/BulkDataList/84/af/6877c49d477322991c46dffac572e9354ff2.udd" 3737
"C:/PG/TGS_TeamK/Content/Movies/MS_move.uasset" 3738
"C:/Users/kbc12306156/AppData/Local/UnrealEngine/Common/DerivedDataCache/Buckets/BulkDataList/3b/a6/24b665ad7a5841acaae0ea966d8192fddfe3.udd" 3739
"C:/PG/TGS_TeamK/Content/Movies/MS_reda.uasset" 3740
"C:/Users/kbc12306156/AppData/Local/UnrealEngine/Common/DerivedDataCache/Buckets/BulkDataList/b4/64/a3b52eb2522398299df306ec051912ee8182.udd" 3741
"C:/PG/TGS_TeamK/Content/Movies/MS_timelimit.uasset" 3742
"C:/PG/TGS_TeamK/Content/Movies/MS_timer.uasset" 3743
"../../../Engine/Content/Functions/Engine_MaterialFunctions02/TangentBasis.uasset" 3744
"C:/Users/kbc12306156/AppData/Local/UnrealEngine/Common/DerivedDataCache/Buckets/BulkDataList/c1/f3/d4f6d375e2865c3a9988248ea05aa2a81cae.udd" 3745
"C:/PG/TGS_TeamK/Content/ParagonIggyScorch/FX/Materials/Functions/MF_CameraDistanceFade.uasset" 3746
"C:/Users/kbc12306156/AppData/Local/UnrealEngine/Common/DerivedDataCache/Buckets/BulkDataList/7a/ca/61389f02bab74aa93aef7d6a1ba5b4ca88a6.udd" 3747
"C:/PG/TGS_TeamK/Content/ParagonIggyScorch/FX/Materials/Functions/MF_FX_EmissiveModulate.uasset" 3748
"C:/Users/kbc12306156/AppData/Local/UnrealEngine/Common/DerivedDataCache/Buckets/BulkDataList/f4/ab/0f4689872deb64bfd2e2de93edaef2cb3da4.udd" 3749
"C:/PG/TGS_TeamK/Content/ParagonIggyScorch/FX/Materials/MaterialFunctions/Textures/Noise/T_Smooth_tile.uasset" 3750
"C:/Users/kbc12306156/AppData/Local/UnrealEngine/Common/DerivedDataCache/Buckets/BulkDataList/26/3d/344feb92dab346b6ef31e710e4317a0feccb.udd" 3751
"C:/PG/TGS_TeamK/Content/ParagonIggyScorch/FX/Textures/Environment/T_WorldNoise.uasset" 3752
"C:/Users/kbc12306156/AppData/Local/UnrealEngine/Common/DerivedDataCache/Buckets/BulkDataList/f4/d2/a644539194a5fc71151aa25af6fed189436a.udd" 3753
"C:/PG/TGS_TeamK/Content/ParagonIggyScorch/FX/Textures/Heroes/IggyScorch/T_IggyScorch_Ult_Flame_Height.uasset" 3754
"C:/Users/kbc12306156/AppData/Local/UnrealEngine/Common/DerivedDataCache/Buckets/BulkDataList/68/aa/0f4900b28c76d4e4d40b3ab073c8ff38752c.udd" 3755
"C:/PG/TGS_TeamK/Content/ParagonIggyScorch/FX/Textures/Tile/Noise/T_NoiseBubbly_M.uasset" 3756
"C:/Users/kbc12306156/AppData/Local/UnrealEngine/Common/DerivedDataCache/Buckets/BulkDataList/79/84/c1de46b98a36c133155ea8c73033930376f0.udd" 3757
"C:/PG/TGS_TeamK/Content/ParagonIggyScorch/FX/Textures/Water/T_Water_N.uasset" 3758
"C:/Users/kbc12306156/AppData/Local/UnrealEngine/Common/DerivedDataCache/Buckets/BulkDataList/4b/67/c2c46cec8db7b1965f3d8dff29357c9f7e8c.udd" 3759
"C:/PG/TGS_TeamK/Content/UI/ChatGPT_Image_2026?6?24?_11_01_26.uasset" 3760
"C:/PG/TGS_TeamK/Content/UI/bomb.uasset" 3761
"C:/PG/TGS_TeamK/Content/UI/ChatGPT_Image_2026?6?24?_11_53_02.uasset" 3762
"../../../Engine/Content/Functions/Engine_MaterialFunctions01/ImageAdjustment/DeriveHDRfromLDR.uasset" 3763
"../../../Engine/Content/Functions/Engine_MaterialFunctions02/Utility/Swizzle.uasset" 3764
"C:/PG/TGS_TeamK/Content/ParagonIggyScorch/FX/Textures/Masks/T_Bullet_Trail_Mask.uasset" 3765
"C:/PG/TGS_TeamK/Content/ParagonIggyScorch/FX/Textures/Masks/T_SoftEdge_M.uasset" 3766
"C:/PG/TGS_TeamK/Content/ParagonIggyScorch/FX/Textures/Tile/Noise/T_soft_noise_even_distribution.uasset" 3767
"C:/PG/TGS_TeamK/Content/ParagonIggyScorch/FX/Textures/trails/T_Silky_Smoke_Trail.uasset" 3768
"C:/PG/TGS_TeamK/Content/StarterContent/Textures/T_MacroVariation.uasset" 3769
"C:/PG/TGS_TeamK/Content/StarterContent/Textures/T_Metal_Aluminum_D.uasset" 3770
"C:/Users/kbc12306156/AppData/Local/UnrealEngine/Common/DerivedDataCache/Buckets/BulkDataList/de/62/adc4babddd255bd18e43613bea0d51893879.udd" 3771
"C:/PG/TGS_TeamK/Content/StarterContent/Textures/T_Metal_Gold_N.uasset" 3772
"C:/Users/kbc12306156/AppData/Local/UnrealEngine/Common/DerivedDataCache/Buckets/BulkDataList/29/5b/dd7d1248f7028bf5a4ca8555e7c8a29108b0.udd" 3773
"C:/PG/TGS_TeamK/Content/StarterContent/Textures/T_Metal_Steel_D.uasset" 3774
"C:/Users/kbc12306156/AppData/Local/UnrealEngine/Common/DerivedDataCache/Buckets/BulkDataList/42/4b/4ed9b7c47e007ef1e7c292ccbb377069d6a7.udd" 3775
"C:/PG/TGS_TeamK/Content/StarterContent/Textures/T_Metal_Steel_N.uasset" 3776
"C:/Users/kbc12306156/AppData/Local/UnrealEngine/Common/DerivedDataCache/Buckets/BulkDataList/35/b0/195bd0b9d79ed6aa8493da696ba09dde5202.udd" 3777
"C:/PG/TGS_TeamK/Content/UI/ChatGPT_Image_2026?6?24?_11_27_27.uasset" 3778
"C:/Users/kbc12306156/AppData/Local/UnrealEngine/Common/DerivedDataCache/Buckets/BulkDataList/3f/47/af33301d326478b60bd3e92324a855f0a317.udd" 3779
"C:/PG/TGS_TeamK/Content/Enemy/Blueprints/??????.uasset" 3780
"C:/Users/kbc12306156/AppData/Local/UnrealEngine/Common/DerivedDataCache/Buckets/BulkDataList/d5/e2/59f6e60547ece4c1abcb8bb9637e2a63cc74.udd" 3781
"C:/PG/TGS_TeamK/Content/ParagonWraith/Characters/Heroes/Wraith/Meshes/Wraith_Extents.uasset" 3782
"C:/Users/kbc12306156/AppData/Local/UnrealEngine/Common/DerivedDataCache/Buckets/BulkDataList/00/45/6943de2a4391cb34eb3ffe9f01acb162350f.udd" 3783
"C:/PG/TGS_TeamK/Content/ParagonWraith/Characters/Heroes/Wraith/Meshes/Wraith_Skeleton.uasset" 3784
"C:/Users/kbc12306156/AppData/Local/UnrealEngine/Common/DerivedDataCache/Buckets/BulkDataList/5a/36/c12ab7e23d847a2b09154344b3cc09bd7b42.udd" 3785
"C:/PG/TGS_TeamK/Content/SE_BGM/AS_1619692_?????????????????.uasset" 3786
"C:/PG/TGS_TeamK/Content/Direction/Death_Camera.uasset" 3787
"C:/PG/TGS_TeamK/Content/ThirdPerson/Input/Actions/IA_Look.uasset" 3788
"C:/Users/kbc12306156/AppData/Local/UnrealEngine/Common/DerivedDataCache/Buckets/BulkDataList/64/52/f3c25eaff08523e5b047e2e301ad0846d799.udd" 3789
"../../../Engine/Content/EngineSky/T_Sky_Blue.uasset" 3790
"C:/Users/kbc12306156/AppData/Local/UnrealEngine/Common/DerivedDataCache/Buckets/BulkDataList/24/85/e5ed8846424e427790cb3f032945893b07b7.udd" 3791
"../../../Engine/Content/EngineSky/T_Sky_Clouds_M.uasset" 3792
"C:/Users/kbc12306156/AppData/Local/UnrealEngine/Common/DerivedDataCache/Buckets/BulkDataList/10/7e/8080b945688aca218080698c6a7baa0c5fd1.udd" 3793
"../../../Engine/Content/EngineSky/T_Sky_Stars.uasset" 3794
"C:/Users/kbc12306156/AppData/Local/UnrealEngine/Common/DerivedDataCache/Buckets/BulkDataList/dc/28/783d6d570b6b234f1f4a09a938ce69752a3c.udd" 3795
"../../../Engine/Content/EngineDebugMaterials/HeatmapGradient.uasset" 3796
"C:/Users/kbc12306156/AppData/Local/UnrealEngine/Common/DerivedDataCache/Buckets/BulkDataList/4d/e7/6112fd0d8a4e5c312b147f09d435f35d780f.udd" 3797
"../../../Engine/Content/Functions/Engine_MaterialFunctions01/ImageAdjustment/SCurve.uasset" 3798
"C:/Users/kbc12306156/AppData/Local/UnrealEngine/Common/DerivedDataCache/Buckets/BulkDataList/83/49/2afd317beb4da1bce35c4c43d0c57166bd99.udd" 3799
"../../../Engine/Content/Functions/Engine_MaterialFunctions02/3PointLevels.uasset" 3800
"C:/Users/kbc12306156/AppData/Local/UnrealEngine/Common/DerivedDataCache/Buckets/BulkDataList/ea/5d/d3506bc6899a334a304c7487cdbbd9f60c66.udd" 3801
"../../../Engine/Content/Functions/Engine_MaterialFunctions02/HueShift.uasset" 3802
"C:/Users/kbc12306156/AppData/Local/UnrealEngine/Common/DerivedDataCache/Buckets/BulkDataList/77/a9/c657fd65f95d74518014c1115fe4a36ebb01.udd" 3803
"../../../Engine/Content/Functions/Engine_MaterialFunctions02/Utility/BreakOutFloat4Components.uasset" 3804
"C:/Users/kbc12306156/AppData/Local/UnrealEngine/Common/DerivedDataCache/Buckets/BulkDataList/a5/40/ae0a30b88e689a4936a1a66f1c57271de17a.udd" 3805
"../../../Engine/Content/VREditor/Devices/Vive/UE4_Logo.uasset" 3806
"C:/Users/kbc12306156/AppData/Local/UnrealEngine/Common/DerivedDataCache/Buckets/BulkDataList/f1/6e/7db1f6812a6578575c6cbfc7233224454728.udd" 3807
"C:/PG/TGS_TeamK/Content/EPMasterMaterials/Materials/Masters/Functions/BaseColor/MF_EP_SSurfaceColor.uasset" 3808
"C:/Users/kbc12306156/AppData/Local/UnrealEngine/Common/DerivedDataCache/Buckets/BulkDataList/02/e1/0a205007cca9f93fe5f32a9182c58bb4f1b3.udd" 3809
"C:/PG/TGS_TeamK/Content/EPMasterMaterials/Materials/Masters/Functions/Specular/MF_EP_SpecularCorrection.uasset" 3810
"C:/PG/TGS_TeamK/Content/Low_Poly_Sci-Fi_Corridor/Materials/Emissive/M_Emission.uasset" 3811
"C:/PG/TGS_TeamK/Content/Low_Poly_Sci-Fi_Corridor/Particles/Textures/T_Beam.uasset" 3812
"C:/Users/kbc12306156/AppData/Local/UnrealEngine/Common/DerivedDataCache/Buckets/BulkDataList/0c/89/c91a3dc37042abc1a6f547531cb3fddd1c47.udd" 3813
"C:/PG/TGS_TeamK/Content/ParagonWraith/Characters/Global/MaterialFunctions/Textures/T_AtmosphericCloudNoise01.uasset" 3814
"C:/PG/TGS_TeamK/Content/ParagonWraith/Characters/Global/MaterialFunctions/Textures/T_AtmosphericCloudNoise01_N.uasset" 3815
"C:/PG/TGS_TeamK/Content/ParagonWraith/Characters/Global/MaterialFunctions/Textures/T_AtmosphericCloudNoise03.uasset" 3816
"C:/Users/kbc12306156/AppData/Local/UnrealEngine/Common/DerivedDataCache/Buckets/BulkDataList/fa/b3/bf052f735ab46b0c476f0f7a86efdc2d3d01.udd" 3817
"C:/PG/TGS_TeamK/Content/ParagonWraith/Characters/Global/T_Black_Linear.uasset" 3818
"C:/Users/kbc12306156/AppData/Local/UnrealEngine/Common/DerivedDataCache/Buckets/BulkDataList/16/1b/517d1b30dabbfa3b201840992f544eee5b79.udd" 3819
"C:/PG/TGS_TeamK/Content/ParagonWraith/Characters/Global/MaterialLayers/Metal/T_Blue_Metal02.uasset" 3820
"C:/Users/kbc12306156/AppData/Local/UnrealEngine/Common/DerivedDataCache/Buckets/BulkDataList/43/85/26a82f7c2dd01a7bbee8a9d4cc443d6e9f2b.udd" 3821
"C:/PG/TGS_TeamK/Content/ParagonWraith/Characters/Global/MaterialLayers/Rubber/T_Blank_N.uasset" 3822
"C:/Users/kbc12306156/AppData/Local/UnrealEngine/Common/DerivedDataCache/Buckets/BulkDataList/df/74/214de4470dfab485ef649a9170305fd2cb12.udd" 3823
"C:/PG/TGS_TeamK/Content/ParagonWraith/Characters/Global/MaterialLayers/Metal/T_Primer_Black_Metal.uasset" 3824
"C:/PG/TGS_TeamK/Content/ParagonWraith/Characters/Global/MaterialLayers/Metal/T_Rough_Metal_N.uasset" 3825
"C:/PG/TGS_TeamK/Content/ParagonWraith/Characters/Global/MaterialLayers/Metal/T_Wraith_Body_Color_Overlay.uasset" 3826
"C:/PG/TGS_TeamK/Content/ParagonWraith/Characters/Global/MaterialLayers/Metal/T_ML_Aluminum_01_N.uasset" 3827
"C:/PG/TGS_TeamK/Content/ParagonWraith/Characters/Global/MaterialLayers/T_TestML_Mask.uasset" 3828
"C:/Users/kbc12306156/AppData/Local/UnrealEngine/Common/DerivedDataCache/Buckets/BulkDataList/c1/ad/9881e40413fe0775b9eb6edbbc33928972ee.udd" 3829
"C:/PG/TGS_TeamK/Content/ParagonWraith/Characters/Global/MaterialLayers/Synthetics/T_Carbon_Color.uasset" 3830
"C:/PG/TGS_TeamK/Content/ParagonWraith/Characters/Global/MaterialLayers/Synthetics/T_CF_Nor.uasset" 3831
"C:/PG/TGS_TeamK/Content/ParagonWraith/Characters/Global/MaterialLayers/Metal/T_Blank_N.uasset" 3832
"C:/PG/TGS_TeamK/Content/ParagonWraith/Characters/Global/MaterialLayers/Synthetics/T_Wraith_Eye_D.uasset" 3833
"C:/Users/kbc12306156/AppData/Local/UnrealEngine/Common/DerivedDataCache/Buckets/BulkDataList/a2/17/f47b438cd7cbcab4c4bf7577d8f380ad6aae.udd" 3834
"C:/PG/TGS_TeamK/Content/ParagonWraith/Characters/Global/MaterialLayers/Synthetics/T_Rough_Plastic_N.uasset" 3835
"C:/Users/kbc12306156/AppData/Local/UnrealEngine/Common/DerivedDataCache/Buckets/BulkDataList/21/0b/b156ab833bb99acf6bcc32134bb730779db9.udd" 3836
"C:/PG/TGS_TeamK/Content/ParagonWraith/Characters/Heroes/Wraith/Textures/T_Wraith_Gun_RGB.uasset" 3837
"C:/Users/kbc12306156/AppData/Local/UnrealEngine/Common/DerivedDataCache/Buckets/BulkDataList/96/32/891455eb07a7b7061e9d2ea2383495e5341f.udd" 3838
"C:/PG/TGS_TeamK/Content/ParagonWraith/Characters/Global/MaterialLayers/Rubber/T_ML_FineRubber_N.uasset" 3839
"C:/Users/kbc12306156/AppData/Local/UnrealEngine/Common/DerivedDataCache/Buckets/BulkDataList/31/22/46226d44f4c89991c950f5a5f8923adbf11c.udd" 3840
"C:/PG/TGS_TeamK/Content/ParagonWraith/Characters/Heroes/Wraith/Materials/MLayer/T_TireRubber_R.uasset" 3841
"C:/Users/kbc12306156/AppData/Local/UnrealEngine/Common/DerivedDataCache/Buckets/BulkDataList/b8/db/7527fd2efa18c5f11636d0a69af0aee49d15.udd" 3842
"C:/PG/TGS_TeamK/Content/ParagonWraith/Characters/Heroes/Wraith/Textures/T_Wraith_BackPackbody_RGBA.uasset" 3843
"C:/Users/kbc12306156/AppData/Local/UnrealEngine/Common/DerivedDataCache/Buckets/BulkDataList/08/7b/a34752e64b7e7fc4743eda1c1d6bc5ee4cd2.udd" 3844
"C:/PG/TGS_TeamK/Content/ParagonIggyScorch/Characters/Heroes/IggyScorch/Meshes/IggyScorch_Skeleton.uasset" 3845
"C:/Users/kbc12306156/AppData/Local/UnrealEngine/Common/DerivedDataCache/Buckets/BulkDataList/ad/3b/6ef840b938a9c18e8c375af2bb61c68e741c.udd" 3846
"C:/PG/TGS_TeamK/Content/ParagonIggyScorch/Characters/Heroes/IggyScorch/Meshes/IggyScorch_CylShadows.uasset" 3847
"C:/Users/kbc12306156/AppData/Local/UnrealEngine/Common/DerivedDataCache/Buckets/BulkDataList/6c/fb/a7c33cc051d59cef6dea508be98f2ccc3aad.udd" 3848
"C:/PG/TGS_TeamK/Content/ParagonIggyScorch/Characters/Heroes/IggyScorch/Meshes/IggyScorch_PhysicsAsset.uasset" 3849
"C:/Users/kbc12306156/AppData/Local/UnrealEngine/Common/DerivedDataCache/Buckets/BulkDataList/be/09/db717fd29b3ca7ed3fab424c8b9f075cf193.udd" 3850
"C:/PG/TGS_TeamK/Content/Enemy/Blueprints/WBP_Enemy_bom.uasset" 3851
"C:/Users/kbc12306156/AppData/Local/UnrealEngine/Common/DerivedDataCache/Buckets/BulkDataList/25/e0/7b5f0c01c6c6ab6d3fe426f1e775442870c0.udd" 3852
"C:/PG/TGS_TeamK/Content/SE_BGM/AS_1043112_?????????????_001.uasset" 3853
"C:/Users/kbc12306156/AppData/Local/UnrealEngine/Common/DerivedDataCache/Buckets/BulkDataList/eb/12/31e072892ba3d5e3a842297b802358c06988.udd" 3854
"C:/PG/TGS_TeamK/Content/ParagonIggyScorch/Characters/Global/MaterialFunctions/MF_BrightnessAdjust.uasset" 3855
"C:/Users/kbc12306156/AppData/Local/UnrealEngine/Common/DerivedDataCache/Buckets/BulkDataList/16/96/3e5a0054da6c96278bd75689e4ae058b5701.udd" 3856
"C:/PG/TGS_TeamK/Content/ParagonIggyScorch/Characters/Global/MaterialFunctions/ParameterCollections/OrionGlobalGameplayCollection.uasset" 3857
"C:/Users/kbc12306156/AppData/Local/UnrealEngine/Common/DerivedDataCache/Buckets/BulkDataList/41/86/91d016e1f87a293688a1172ccc5641bba71f.udd" 3858
"C:/PG/TGS_TeamK/Content/StarterContent/Textures/T_Burst_M.uasset" 3859
"C:/Users/kbc12306156/AppData/Local/UnrealEngine/Common/DerivedDataCache/Buckets/BulkDataList/fb/a2/0cf337d4428d2aec27b8ddb0b1c20bbaca0b.udd" 3860
"C:/PG/TGS_TeamK/Content/RSG_UnderWater_Pack/FPS/Models/Mech/SK_FPS_Mech_Skeleton.uasset" 3861
"C:/Users/kbc12306156/AppData/Local/UnrealEngine/Common/DerivedDataCache/Buckets/BulkDataList/ec/2d/4ad8c506f9e2d14137e4a5ccef6237d34701.udd" 3862
"C:/PG/TGS_TeamK/Content/RSG_UnderWater_Pack/FPS/Models/Mech/SK_FPS_Mech_PhysicsAsset.uasset" 3863
"C:/Users/kbc12306156/AppData/Local/UnrealEngine/Common/DerivedDataCache/Buckets/BulkDataList/e3/43/04ac630e68ad5d8ce9c64c38fe5f02dc3563.udd" 3864
"C:/PG/TGS_TeamK/Content/Free_Spells/Textures/T_Free_Spells_Arrow.uasset" 3865
"C:/Users/kbc12306156/AppData/Local/UnrealEngine/Common/DerivedDataCache/Buckets/BulkDataList/6d/36/00e7dc5d185dd4e173e0d6fe3efc3e4316c0.udd" 3866
"C:/PG/TGS_TeamK/Content/Free_Spells/Textures/T_Free_Spells_Lightning.uasset" 3867
"C:/Users/kbc12306156/AppData/Local/UnrealEngine/Common/DerivedDataCache/Buckets/BulkDataList/06/a3/f317e35345e754bab939d26bea1c72820533.udd" 3868
"C:/PG/TGS_TeamK/Content/Free_Spells/Textures/T_Free_Spells_Noise1.uasset" 3869
"C:/Users/kbc12306156/AppData/Local/UnrealEngine/Common/DerivedDataCache/Buckets/BulkDataList/74/dd/ebe96a59b4ae1fb0bb24bee36ed1b19a37a7.udd" 3870
"C:/PG/TGS_TeamK/Content/Free_Spells/Textures/T_Free_Spells_Noise2.uasset" 3871
"C:/Users/kbc12306156/AppData/Local/UnrealEngine/Common/DerivedDataCache/Buckets/BulkDataList/c6/fb/4789295ece535c62a172c46f40ec5d2a67e3.udd" 3872
"C:/PG/TGS_TeamK/Content/Free_Spells/Textures/T_Free_Spells_Flash2.uasset" 3873
"C:/Users/kbc12306156/AppData/Local/UnrealEngine/Common/DerivedDataCache/Buckets/BulkDataList/34/b7/12e6530eed48ce34250a60de0f8f1b6234ba.udd" 3874
"C:/PG/TGS_TeamK/Content/ParagonIggyScorch/FX/Textures/Tile/Energy/Plasma/T_IggyScorch_Poster_Tendrils_v2_Seamless.uasset" 3875
"../../../../../../PG/TGS_TeamK/Content/ParagonIggyScorch/Characters/Heroes/IggyScorch/Meshes/Orion_Proto_Retarget.uasset" 3876
"C:/PG/TGS_TeamK/Content/StarterContent/Materials/M_Basic_Wall.uasset" 3877
"../../../Engine/Plugins/FX/Niagara/Content/VectorFields/Assets/TilingCurl32.uasset" 3878
"C:/PG/TGS_TeamK/Content/ParagonWraith/Characters/Global/MaterialLayers/Painted/T_Cream_Painted_Metal_N.uasset" 3879
"C:/PG/TGS_TeamK/Content/DropShip/R35/R35_Textures/R35_AO.uasset" 3880
"C:/Users/kbc12306156/AppData/Local/UnrealEngine/Common/DerivedDataCache/Buckets/BulkDataList/b9/8d/0897bfb8ed036477da8b91c5d86df90f6aad.udd" 3881
"C:/PG/TGS_TeamK/Content/DropShip/R35/R35_Textures/R35_Camo.uasset" 3882
"C:/PG/TGS_TeamK/Content/DropShip/R35/R35_Textures/R35_emissive.uasset" 3883
"C:/PG/TGS_TeamK/Content/DropShip/R35/R35_Textures/R35_Grey.uasset" 3884
"C:/Users/kbc12306156/AppData/Local/UnrealEngine/Common/DerivedDataCache/Buckets/BulkDataList/c0/8d/b77ea583898705bbffddb5befaefdbafeba5.udd" 3885
"C:/PG/TGS_TeamK/Content/DropShip/R35/R35_Textures/R35_mask.uasset" 3886
"C:/PG/TGS_TeamK/Content/DropShip/R35/R35_Textures/R35_Metallic.uasset" 3887
"C:/PG/TGS_TeamK/Content/DropShip/R35/R35_Textures/R35_normal.uasset" 3888
"C:/Users/kbc12306156/AppData/Local/UnrealEngine/Common/DerivedDataCache/Buckets/BulkDataList/0c/57/15b5a14d9d0c8cb5b21fbbbeebed9d5839b4.udd" 3889
"C:/PG/TGS_TeamK/Content/DropShip/R35/R35_Textures/R35_Orange.uasset" 3890
"C:/Users/kbc12306156/AppData/Local/UnrealEngine/Common/DerivedDataCache/Buckets/BulkDataList/be/a4/feab554dd17349b114e37348295861f91439.udd" 3891
"C:/PG/TGS_TeamK/Content/DropShip/R35/R35_Textures/R35_Roughness.uasset" 3892
"C:/Users/kbc12306156/AppData/Local/UnrealEngine/Common/DerivedDataCache/Buckets/BulkDataList/11/f1/914a5b13cea07489577ab69267c0adb77038.udd" 3893
"../../../Engine/Plugins/FX/Niagara/Content/DefaultAssets/DefaultSpriteMaterial.uasset" 3894
"C:/Users/kbc12306156/AppData/Local/UnrealEngine/Common/DerivedDataCache/Buckets/BulkDataList/25/72/e32dbfed75a30ba6766ab0a1fe0765a3a519.udd" 3895
"../../../Engine/Content/Functions/Engine_MaterialFunctions02/Math/TimeWithSpeedVariable.uasset" 3896
"C:/Users/kbc12306156/AppData/Local/UnrealEngine/Common/DerivedDataCache/Buckets/BulkDataList/0c/47/fa3f31d8cee8a4cf8d6201e6f66d95fa651c.udd" 3897
"C:/PG/TGS_TeamK/Content/ParagonWraith/Characters/Heroes/Wraith/Skins/LunarOps/Textures/T_Wraith_Backpack_LunarOps_Mask.uasset" 3898
"C:/Users/kbc12306156/AppData/Local/UnrealEngine/Common/DerivedDataCache/Buckets/BulkDataList/b4/24/8c88b41b48ba49827b33afbe3ba4f1313c95.udd" 3899
"C:/PG/TGS_TeamK/Content/ParagonWraith/Characters/Heroes/Wraith/Textures/T_Wraith_Backpack_Mask2.uasset" 3900
"C:/PG/TGS_TeamK/Content/ParagonWraith/Characters/Heroes/Wraith/Textures/T_Wraith_backpack_N_DEMO.uasset" 3901
"C:/PG/TGS_TeamK/Content/ParagonWraith/FX/Textures/Gradients/Color/ShadowPlaneSmoke.uasset" 3902
"C:/Users/kbc12306156/AppData/Local/UnrealEngine/Common/DerivedDataCache/Buckets/BulkDataList/42/29/9fbbefbc95d698e29860be8a94ae8aca50e7.udd" 3903
"C:/PG/TGS_TeamK/Content/ParagonWraith/FX/Textures/Gradients/Color/T_ShadowPlane_Reflection.uasset" 3904
"C:/Users/kbc12306156/AppData/Local/UnrealEngine/Common/DerivedDataCache/Buckets/BulkDataList/51/c6/68f9fa34bed568baa159c6df8c25e670b01b.udd" 3905
"C:/PG/TGS_TeamK/Content/ParagonWraith/FX/Textures/Tile/Geometric/T_BlastShield_Pattern02_N.uasset" 3906
"C:/Users/kbc12306156/AppData/Local/UnrealEngine/Common/DerivedDataCache/Buckets/BulkDataList/e6/9e/5c8e6e5ea0d126f71de17e9bd03e9da84d0d.udd" 3907
"../../../Engine/Content/Functions/Engine_MaterialFunctions01/Density/ExponentialDensity.uasset" 3908
"C:/Users/kbc12306156/AppData/Local/UnrealEngine/Common/DerivedDataCache/Buckets/BulkDataList/d6/db/f6b9eb02f2f5bdb662bb52173be0b8e70607.udd" 3909
"../../../Engine/Content/Functions/Engine_MaterialFunctions01/ImageAdjustment/BlurSampleOffsets.uasset" 3910
"C:/Users/kbc12306156/AppData/Local/UnrealEngine/Common/DerivedDataCache/Buckets/BulkDataList/0a/3a/ba7d15428ebc0bab0978e70100e39edf7755.udd" 3911
"../../../Engine/Content/Functions/Engine_MaterialFunctions02/Utility/CameraVectorWithWPOOptions.uasset" 3912
"C:/Users/kbc12306156/AppData/Local/UnrealEngine/Common/DerivedDataCache/Buckets/BulkDataList/bd/d0/8fd7df862c27cea75fd3ec04a039dd3e010f.udd" 3913
"C:/PG/TGS_TeamK/Content/ParagonIggyScorch/Characters/Global/Eyes/Textures/T_EyeOcclusion2.uasset" 3914
"C:/Users/kbc12306156/AppData/Local/UnrealEngine/Common/DerivedDataCache/Buckets/BulkDataList/44/0c/b44357d59993ff9922d5a996cbeb2e1b5a23.udd" 3915
"C:/PG/TGS_TeamK/Content/ParagonIggyScorch/Characters/Global/MaterialFunctions/MaterialLayerConstructors/MF_BaseColorTintAndContrast.uasset" 3916
"C:/Users/kbc12306156/AppData/Local/UnrealEngine/Common/DerivedDataCache/Buckets/BulkDataList/24/16/0299df208533d051f395dbb96c91d38d9bce.udd" 3917
"C:/PG/TGS_TeamK/Content/ParagonIggyScorch/Characters/Global/MaterialFunctions/MaterialLayerConstructors/MF_RoughnessAdjustment.uasset" 3918
"C:/Users/kbc12306156/AppData/Local/UnrealEngine/Common/DerivedDataCache/Buckets/BulkDataList/29/0e/442678301b221908e8d919a49144a4be69ea.udd" 3919
"C:/PG/TGS_TeamK/Content/ParagonIggyScorch/Characters/Global/MaterialFunctions/MaterialLayerConstructors/MLC_SolidValues.uasset" 3920
"C:/Users/kbc12306156/AppData/Local/UnrealEngine/Common/DerivedDataCache/Buckets/BulkDataList/55/45/bf0e175baf3770f94415381241c70f98121e.udd" 3921
"C:/PG/TGS_TeamK/Content/ParagonIggyScorch/Characters/Global/MaterialFunctions/MatLayerBlend_Decal.uasset" 3922
"C:/PG/TGS_TeamK/Content/ParagonIggyScorch/Characters/Global/MaterialLayers/Rubber/M_RubberHose_Simple.uasset" 3923
"C:/PG/TGS_TeamK/Content/ParagonIggyScorch/Characters/Heroes/IggyScorch/Materials/SSP_IggyScorch_Mount_SS_Profile.uasset" 3924
"C:/Users/kbc12306156/AppData/Local/UnrealEngine/Common/DerivedDataCache/Buckets/BulkDataList/6c/de/3b1b65ff17e0ca27ee41f21682ce75cae0b4.udd" 3925
"C:/PG/TGS_TeamK/Content/ParagonIggyScorch/Characters/Heroes/IggyScorch/Textures/T_IggyScorch_Items_D.uasset" 3926
"C:/Users/kbc12306156/AppData/Local/UnrealEngine/Common/DerivedDataCache/Buckets/BulkDataList/01/35/78a672e79f77cc39d609ea05162fd5e5b914.udd" 3927
"C:/PG/TGS_TeamK/Content/ParagonIggyScorch/Characters/Heroes/IggyScorch/Textures/T_IggyScorch_Items_Decal.uasset" 3928
"C:/Users/kbc12306156/AppData/Local/UnrealEngine/Common/DerivedDataCache/Buckets/BulkDataList/d1/05/b058cb9fbba71b6c273bbc1cb25d4c0752b4.udd" 3929
"C:/PG/TGS_TeamK/Content/ParagonIggyScorch/Characters/Heroes/IggyScorch/Textures/T_IggyScorch_Items_MASK.uasset" 3930
"C:/PG/TGS_TeamK/Content/ParagonIggyScorch/Characters/Heroes/IggyScorch/Textures/T_IggyScorch_Items_MASK2.uasset" 3931
"C:/Users/kbc12306156/AppData/Local/UnrealEngine/Common/DerivedDataCache/Buckets/BulkDataList/b1/1d/1a00d794e2085774e0b43660e8f8815f5692.udd" 3932
"C:/PG/TGS_TeamK/Content/ParagonIggyScorch/Characters/Heroes/IggyScorch/Textures/T_IggyScorch_Items_N.uasset" 3933
"C:/Users/kbc12306156/AppData/Local/UnrealEngine/Common/DerivedDataCache/Buckets/BulkDataList/16/f0/2d7cff5b418e4df68f8af3533ec8653d1bc3.udd" 3934
"C:/PG/TGS_TeamK/Content/ParagonIggyScorch/Characters/Heroes/IggyScorch/Textures/T_IggyScorch_Items_RGB.uasset" 3935
"C:/PG/TGS_TeamK/Content/ParagonIggyScorch/Characters/Heroes/IggyScorch/Textures/T_guts.uasset" 3936
"C:/PG/TGS_TeamK/Content/ParagonIggyScorch/Characters/Heroes/IggyScorch/Textures/T_IggyScorch_Mount_Rear_N.uasset" 3937
"C:/PG/TGS_TeamK/Content/ParagonIggyScorch/Characters/Heroes/IggyScorch/Textures/T_IggyScorch_Mount_EyeIrisBaseColor.uasset" 3938
"C:/Users/kbc12306156/AppData/Local/UnrealEngine/Common/DerivedDataCache/Buckets/BulkDataList/82/2c/add1ad6b1208af5bd38bb010e96d993d6096.udd" 3939
"C:/PG/TGS_TeamK/Content/ParagonIggyScorch/Characters/Global/MaterialLayers/Skin/T_Pore_Specular.uasset" 3940
"C:/PG/TGS_TeamK/Content/ParagonIggyScorch/Characters/Heroes/IggyScorch/Textures/T_IggyScorch_Dispenser__RGB.uasset" 3941
"C:/PG/TGS_TeamK/Content/ParagonIggyScorch/Characters/Heroes/IggyScorch/Textures/T_IggyScorch_Dispenser_D.uasset" 3942
"C:/PG/TGS_TeamK/Content/ParagonIggyScorch/Characters/Heroes/IggyScorch/Textures/T_IggyScorch_Dispenser_MASK.uasset" 3943
"C:/PG/TGS_TeamK/Content/ParagonIggyScorch/Characters/Heroes/IggyScorch/Skins/Fireball/Textures/T_IggyScorch_Mount_Front_Fireball_N.uasset" 3944
"C:/PG/TGS_TeamK/Content/ParagonIggyScorch/Characters/Heroes/IggyScorch/Skins/Fireball/Textures/T_IggyScorch_Mount_Front_Fireball_RGB_2.uasset" 3945
"C:/PG/TGS_TeamK/Content/ParagonIggyScorch/Characters/Heroes/IggyScorch/Skins/Fireball/Textures/T_IggyScorch_Mount_Front_Fireball_Skin.uasset" 3946
"C:/Users/kbc12306156/AppData/Local/UnrealEngine/Common/DerivedDataCache/Buckets/BulkDataList/48/67/4a556b29340b74e6001c44b5a776196bd873.udd" 3947
"C:/PG/TGS_TeamK/Content/ParagonIggyScorch/Characters/Heroes/IggyScorch/Textures/T_IggyScorch_Mount_Front_EMISS.uasset" 3948
"C:/Users/kbc12306156/AppData/Local/UnrealEngine/Common/DerivedDataCache/Buckets/BulkDataList/c1/47/21b91151a696b4e84b1f83501eafb158c71f.udd" 3949
"C:/PG/TGS_TeamK/Content/ParagonIggyScorch/Characters/Heroes/IggyScorch/Textures/T_IggyScorch_Mount_Front_MASK.uasset" 3950
"C:/Users/kbc12306156/AppData/Local/UnrealEngine/Common/DerivedDataCache/Buckets/BulkDataList/c3/9d/5520c09804ca41774c878ba63159416aae8d.udd" 3951
"C:/PG/TGS_TeamK/Content/ParagonIggyScorch/Characters/Heroes/IggyScorch/Textures/T_IggyScorch_Mount_Front_RGB.uasset" 3952
"C:/Users/kbc12306156/AppData/Local/UnrealEngine/Common/DerivedDataCache/Buckets/BulkDataList/93/30/aef46859f4eaa7762fb8b3afcfab365db1ff.udd" 3953
"C:/PG/TGS_TeamK/Content/ParagonIggyScorch/Characters/Heroes/IggyScorch/Textures/T_IggyScorch_Skin_Elephant.uasset" 3954
"C:/Users/kbc12306156/AppData/Local/UnrealEngine/Common/DerivedDataCache/Buckets/BulkDataList/1c/70/e53d908bf288339b124f75c2c59dbbb2ec66.udd" 3955
"C:/PG/TGS_TeamK/Content/ParagonIggyScorch/Characters/Heroes/IggyScorch/Skins/Fireball/Textures/T_IggyScorch_Mount_Rear_Fireball_MASK2.uasset" 3956
"C:/Users/kbc12306156/AppData/Local/UnrealEngine/Common/DerivedDataCache/Buckets/BulkDataList/ad/19/4905db8b1fea0ab4dfe8f21acf4655b5f074.udd" 3957
"C:/PG/TGS_TeamK/Content/ParagonIggyScorch/Characters/Heroes/IggyScorch/Skins/Fireball/Textures/T_IggyScorch_Mount_Rear_Fireball_RGB.uasset" 3958
"C:/Users/kbc12306156/AppData/Local/UnrealEngine/Common/DerivedDataCache/Buckets/BulkDataList/49/0e/69c78897a53bd4840b71c85fa9fb960d294e.udd" 3959
"C:/PG/TGS_TeamK/Content/ParagonIggyScorch/Characters/Heroes/IggyScorch/Skins/Fireball/Textures/T_IggyScorch_Mount_Rear_Fireball_Skin.uasset" 3960
"C:/Users/kbc12306156/AppData/Local/UnrealEngine/Common/DerivedDataCache/Buckets/BulkDataList/d4/74/bc7f8202e7295c727468c9c946f47c047acf.udd" 3961
"C:/PG/TGS_TeamK/Content/ParagonIggyScorch/Characters/Heroes/IggyScorch/Textures/T_IggyScorch_Mount_Rear_EMISS.uasset" 3962
"C:/Users/kbc12306156/AppData/Local/UnrealEngine/Common/DerivedDataCache/Buckets/BulkDataList/b8/8c/f351e354695ec922bea8333611d5a05a9c05.udd" 3963
"C:/PG/TGS_TeamK/Content/ParagonIggyScorch/Characters/Heroes/IggyScorch/Textures/T_IggyScorch_Mount_Rear_RGB.uasset" 3964
"C:/Users/kbc12306156/AppData/Local/UnrealEngine/Common/DerivedDataCache/Buckets/BulkDataList/7b/fe/cf7ad653dbe8e83f3f6df21522d1db41606f.udd" 3965
"C:/PG/TGS_TeamK/Content/ParagonIggyScorch/Characters/Heroes/IggyScorch/Textures/T_IggyScorch_Mount_Rear_RGB3.uasset" 3966
"C:/Users/kbc12306156/AppData/Local/UnrealEngine/Common/DerivedDataCache/Buckets/BulkDataList/49/8d/1ea8ddb045c390c8b4e0bd2941f7e28546a5.udd" 3967
"C:/PG/TGS_TeamK/Content/ParagonIggyScorch/Characters/Global/MaterialFunctions/MF_Character_MaterialLayerQuality.uasset" 3968
"C:/Users/kbc12306156/AppData/Local/UnrealEngine/Common/DerivedDataCache/Buckets/BulkDataList/f5/75/ccd052f07ea9bebc4a3caf0160cbd95beda9.udd" 3969
"C:/PG/TGS_TeamK/Content/ParagonIggyScorch/Characters/Heroes/IggyScorch/Skins/Fireball/Materials/SSP_IggyScorch_Pilot_Fireball.uasset" 3970
"C:/Users/kbc12306156/AppData/Local/UnrealEngine/Common/DerivedDataCache/Buckets/BulkDataList/4b/06/2060039b1f1eb711349c26f8c4f9a9f65af0.udd" 3971
"C:/PG/TGS_TeamK/Content/ParagonIggyScorch/Characters/Heroes/IggyScorch/Skins/Fireball/Textures/T_IggyScorch_Pilot_Fireball_Skin.uasset" 3972
"C:/Users/kbc12306156/AppData/Local/UnrealEngine/Common/DerivedDataCache/Buckets/BulkDataList/47/1e/fc6bdb8fa17c2f170572cf985328b869885b.udd" 3973
"C:/PG/TGS_TeamK/Content/ParagonIggyScorch/Characters/Heroes/IggyScorch/Textures/T_IggyScorch_Pilot_MASK.uasset" 3974
"C:/Users/kbc12306156/AppData/Local/UnrealEngine/Common/DerivedDataCache/Buckets/BulkDataList/8a/49/a311b5a1e043772e55bbc2796f6df601ebde.udd" 3975
"C:/PG/TGS_TeamK/Content/ParagonIggyScorch/Characters/Heroes/IggyScorch/Textures/T_IggyScorch_Pilot_MASK2.uasset" 3976
"C:/Users/kbc12306156/AppData/Local/UnrealEngine/Common/DerivedDataCache/Buckets/BulkDataList/fa/85/e011d4234e44e5a7ccc58e415383855e28a6.udd" 3977
"C:/PG/TGS_TeamK/Content/ParagonIggyScorch/Characters/Heroes/IggyScorch/Textures/T_IggyScorch_Pilot_N.uasset" 3978
"C:/Users/kbc12306156/AppData/Local/UnrealEngine/Common/DerivedDataCache/Buckets/BulkDataList/3c/c8/574db3dc2211fe4e4822b22a06aee1d6e8af.udd" 3979
"C:/PG/TGS_TeamK/Content/ParagonIggyScorch/Characters/Heroes/IggyScorch/Textures/T_IggyScorch_Pilot_Opacity.uasset" 3980
"C:/Users/kbc12306156/AppData/Local/UnrealEngine/Common/DerivedDataCache/Buckets/BulkDataList/3d/65/be099c40f47c03158c6d1d3a4ba9ecf7d92f.udd" 3981
"C:/PG/TGS_TeamK/Content/ParagonIggyScorch/Characters/Heroes/IggyScorch/Textures/T_IggyScorch_Pilot_RGB.uasset" 3982
"C:/Users/kbc12306156/AppData/Local/UnrealEngine/Common/DerivedDataCache/Buckets/BulkDataList/93/70/9a251a4d65df3cf675841ff7df751a9902cd.udd" 3983
"C:/PG/TGS_TeamK/Content/ParagonIggyScorch/Characters/Heroes/IggyScorch/Textures/T_IggyScorch_Pilot_Skin_N_detail.uasset" 3984
"C:/Users/kbc12306156/AppData/Local/UnrealEngine/Common/DerivedDataCache/Buckets/BulkDataList/ca/c7/52648e93ac3cb3e8883a8dccc176020b30eb.udd" 3985
"C:/PG/TGS_TeamK/Content/ParagonIggyScorch/Characters/Global/Hair/SharedHairContent/MaleBearded_Iggy/T_Iggy_Hair_Depth.uasset" 3986
"C:/Users/kbc12306156/AppData/Local/UnrealEngine/Common/DerivedDataCache/Buckets/BulkDataList/26/ba/ec0f1aa572de8523eea044f0c691ac48e685.udd" 3987
"C:/PG/TGS_TeamK/Content/ParagonIggyScorch/Characters/Global/Hair/SharedHairContent/MaleBearded_Iggy/T_Iggy_Hair_ID.uasset" 3988
"C:/Users/kbc12306156/AppData/Local/UnrealEngine/Common/DerivedDataCache/Buckets/BulkDataList/d5/a4/5d24a8ae1f7c99e2a16ac094a54259c61be9.udd" 3989
"C:/PG/TGS_TeamK/Content/ParagonIggyScorch/Characters/Global/Hair/SharedHairContent/MaleBearded_Iggy/T_Iggy_Hair_Opacity.uasset" 3990
"C:/Users/kbc12306156/AppData/Local/UnrealEngine/Common/DerivedDataCache/Buckets/BulkDataList/da/6b/9e6dc806c2d40e1a0f4a0637168b5489f7ef.udd" 3991
"C:/PG/TGS_TeamK/Content/ParagonIggyScorch/Characters/Global/Hair/SharedHairContent/MaleBearded_Iggy/T_Iggy_Hair_Root.uasset" 3992
"C:/Users/kbc12306156/AppData/Local/UnrealEngine/Common/DerivedDataCache/Buckets/BulkDataList/55/85/87cf9400fb3ae8b643a70d8739a9a9ce5441.udd" 3993
"C:/PG/TGS_TeamK/Content/ParagonIggyScorch/Characters/Heroes/IggyScorch/Skins/Fireball/Textures/T_IggyScorch_Fireball_Pilot_Hair_D.uasset" 3994
"C:/Users/kbc12306156/AppData/Local/UnrealEngine/Common/DerivedDataCache/Buckets/BulkDataList/ed/64/370302f21a2c979bdaf80fd00f6151ed00d6.udd" 3995
"C:/PG/TGS_TeamK/Content/StarterContent/Particles/Materials/m_flare_01.uasset" 3996
"C:/Users/kbc12306156/AppData/Local/UnrealEngine/Common/DerivedDataCache/Buckets/BulkDataList/c3/4c/4b114d22a18d9409d9aaa38188283890ed15.udd" 3997
"C:/PG/TGS_TeamK/Content/ParagonIggyScorch/Characters/Global/MaterialFunctions/Textures/Noise/T_AtmosphericCloudNoise01.uasset" 3998
"C:/PG/TGS_TeamK/Content/ParagonIggyScorch/Characters/Global/MaterialFunctions/Textures/Noise/T_AtmosphericCloudNoise01_N.uasset" 3999
"C:/PG/TGS_TeamK/Content/ParagonIggyScorch/Characters/Global/MaterialFunctions/Textures/Noise/T_AtmosphericCloudNoise03.uasset" 4000
"C:/Users/kbc12306156/AppData/Local/UnrealEngine/Common/DerivedDataCache/Buckets/BulkDataList/69/6c/e7f77cd63abc8d92aba3df9c48380d215d2a.udd" 4001
"C:/PG/TGS_TeamK/Content/ParagonIggyScorch/Characters/Global/MaterialLayers/Metal/T_Blue_Metal02.uasset" 4002
"C:/Users/kbc12306156/AppData/Local/UnrealEngine/Common/DerivedDataCache/Buckets/BulkDataList/ff/7b/cdc019b42b5cc504593f15ec5afbd795c2a0.udd" 4003
"C:/PG/TGS_TeamK/Content/ParagonIggyScorch/Characters/Global/MaterialLayers/Rubber/T_Blank_N.uasset" 4004
"C:/Users/kbc12306156/AppData/Local/UnrealEngine/Common/DerivedDataCache/Buckets/BulkDataList/6a/75/ec42475ad92fd3839ca208f91f2bd5afb09c.udd" 4005
"C:/PG/TGS_TeamK/Content/ParagonIggyScorch/Characters/Global/MaterialLayers/T_TestML_Mask.uasset" 4006
"C:/Users/kbc12306156/AppData/Local/UnrealEngine/Common/DerivedDataCache/Buckets/BulkDataList/b9/10/66c7cff9602da04c88ad93de9f7cd09d5c4b.udd" 4007
"C:/PG/TGS_TeamK/Content/ParagonIggyScorch/Characters/Global/MaterialLayers/Rock/T_MarbleVein_D.uasset" 4008
"C:/Users/kbc12306156/AppData/Local/UnrealEngine/Common/DerivedDataCache/Buckets/BulkDataList/e2/c4/9d2de51b83e9c1121fdffb9d1aecf12958cb.udd" 4009
"C:/PG/TGS_TeamK/Content/ParagonIggyScorch/Characters/Heroes/IggyScorch/Textures/T_IggyScorch_Bottle_Grad.uasset" 4010
"C:/Users/kbc12306156/AppData/Local/UnrealEngine/Common/DerivedDataCache/Buckets/BulkDataList/54/2d/3c3d11920fc277ef7731d18a4e666201ec9b.udd" 4011
"C:/PG/TGS_TeamK/Content/ParagonIggyScorch/Characters/Heroes/IggyScorch/Textures/T_WaterFoam2_D.uasset" 4012
"C:/Users/kbc12306156/AppData/Local/UnrealEngine/Common/DerivedDataCache/Buckets/BulkDataList/90/9d/1ec8fab774c3e2ecbd57baf63533cf62e99f.udd" 4013
"C:/PG/TGS_TeamK/Content/ParagonIggyScorch/Characters/Heroes/IggyScorch/Skins/MechaTerror/Textures/T_IggyScorch_MechaTerror_Hoses_RGBA.uasset" 4014
"C:/Users/kbc12306156/AppData/Local/UnrealEngine/Common/DerivedDataCache/Buckets/BulkDataList/09/9d/7ad4fd1f30392cc0d16a2a80fb523413f4e3.udd" 4015
"C:/PG/TGS_TeamK/Content/ParagonIggyScorch/Characters/Heroes/IggyScorch/Skins/MechaTerror/Textures/T_IggyScorch_MechaTerror_Hydraulics_RGBA.uasset" 4016
"C:/Users/kbc12306156/AppData/Local/UnrealEngine/Common/DerivedDataCache/Buckets/BulkDataList/42/b4/f8f44ff705c618d6fe9562244914ce432107.udd" 4017
"../../../Engine/Content/Functions/MaterialLayerFunctions/MatLayerBlend_OverrideOpacity.uasset" 4018
"C:/Users/kbc12306156/AppData/Local/UnrealEngine/Common/DerivedDataCache/Buckets/BulkDataList/00/4b/8bdd17f8f264936d9fd7f4c620760cd90c01.udd" 4019
"../../../Engine/Content/Functions/MaterialLayerFunctions/MatLayerBlend_ReplaceNormals.uasset" 4020
"C:/Users/kbc12306156/AppData/Local/UnrealEngine/Common/DerivedDataCache/Buckets/BulkDataList/f6/23/025d0b1e5767f7feb8d0c56f858a09bc4f09.udd" 4021
"C:/PG/TGS_TeamK/Content/ParagonIggyScorch/Characters/Heroes/IggyScorch/Skins/MechaTerror/Textures/T_IggyScorch_MechaTerror_Pilot_MASK_1.uasset" 4022
"C:/Users/kbc12306156/AppData/Local/UnrealEngine/Common/DerivedDataCache/Buckets/BulkDataList/b0/40/8a7e215592e7999f31010188fbf20383b258.udd" 4023
"C:/PG/TGS_TeamK/Content/ParagonIggyScorch/Characters/Heroes/IggyScorch/Skins/MechaTerror/Textures/T_IggyScorch_MechaTerror_Pilot_MASK_2.uasset" 4024
"C:/PG/TGS_TeamK/Content/ParagonIggyScorch/Characters/Heroes/IggyScorch/Skins/MechaTerror/Textures/T_IggyScorch_MechaTerror_Pilot_N.uasset" 4025
"C:/Users/kbc12306156/AppData/Local/UnrealEngine/Common/DerivedDataCache/Buckets/BulkDataList/32/bb/d045877ff064fb4f9e0ea31455dce02f4378.udd" 4026
"C:/PG/TGS_TeamK/Content/ParagonIggyScorch/Characters/Heroes/IggyScorch/Skins/MechaTerror/Textures/T_IggyScorch_MechaTerror_Pilot_RGBA.uasset" 4027
"C:/Users/kbc12306156/AppData/Local/UnrealEngine/Common/DerivedDataCache/Buckets/BulkDataList/ec/1c/f2c0a76a92b4b311bce78a74703e5bff8834.udd" 4028
"C:/PG/TGS_TeamK/Content/ParagonIggyScorch/Characters/Global/MaterialFunctions/MF_Lerp_GammaColor.uasset" 4029
"C:/Users/kbc12306156/AppData/Local/UnrealEngine/Common/DerivedDataCache/Buckets/BulkDataList/b8/be/8869eebea4e5ec37521ca90e2ba29bc89ec5.udd" 4030
"C:/PG/TGS_TeamK/Content/ParagonIggyScorch/Characters/Heroes/IggyScorch/Skins/MechaTerror/Textures/T_IggyScorch_MechaTerror_Pilot_Claw_MASK.uasset" 4031
"C:/Users/kbc12306156/AppData/Local/UnrealEngine/Common/DerivedDataCache/Buckets/BulkDataList/cd/36/ed19e1bd01961499ac375f6b280177383891.udd" 4032
"C:/PG/TGS_TeamK/Content/ParagonIggyScorch/Characters/Heroes/IggyScorch/Skins/MechaTerror/Textures/T_IggyScorch_MechaTerror_Pilot_Claw_N.uasset" 4033
"C:/Users/kbc12306156/AppData/Local/UnrealEngine/Common/DerivedDataCache/Buckets/BulkDataList/19/ab/283524d88f77290d42568bf6349e4171f84b.udd" 4034
"C:/PG/TGS_TeamK/Content/ParagonIggyScorch/Characters/Heroes/IggyScorch/Skins/MechaTerror/Textures/T_IggyScorch_MechaTerror_Pilot_Claw_RGBA.uasset" 4035
"C:/Users/kbc12306156/AppData/Local/UnrealEngine/Common/DerivedDataCache/Buckets/BulkDataList/a3/c3/16b0775712a67309d63db8e0dc2391b26ef8.udd" 4036
"C:/PG/TGS_TeamK/Content/ParagonIggyScorch/Characters/Global/T_White.uasset" 4037
"C:/Users/kbc12306156/AppData/Local/UnrealEngine/Common/DerivedDataCache/Buckets/BulkDataList/f4/5b/aa3e742dff04c37142104e7b29cd7fbe1d5b.udd" 4038
"C:/PG/TGS_TeamK/Content/ParagonIggyScorch/Characters/Heroes/IggyScorch/Skins/MechaTerror/Textures/T_IggyScorch_MechaTerror_Mount_Rear_N.uasset" 4039
"C:/Users/kbc12306156/AppData/Local/UnrealEngine/Common/DerivedDataCache/Buckets/BulkDataList/d6/41/f442b1f00b300703f4603cbaff2ffc935711.udd" 4040
"C:/PG/TGS_TeamK/Content/ParagonIggyScorch/Characters/Heroes/IggyScorch/Skins/MechaTerror/Textures/T_IggyScorch_MechaTerror_Mount_Rear_COLOR.uasset" 4041
"C:/Users/kbc12306156/AppData/Local/UnrealEngine/Common/DerivedDataCache/Buckets/BulkDataList/c1/cb/1ef341bcf8e968c011c7d8a8ad4dcea44e59.udd" 4042
"C:/PG/TGS_TeamK/Content/ParagonIggyScorch/Characters/Heroes/IggyScorch/Skins/MechaTerror/Textures/T_IggyScorch_MechaTerror_Mount_Rear_MASK_1.uasset" 4043
"C:/Users/kbc12306156/AppData/Local/UnrealEngine/Common/DerivedDataCache/Buckets/BulkDataList/f2/a9/8b1e512b1d2ffcaa18e9992aa8c983b311ff.udd" 4044
"C:/PG/TGS_TeamK/Content/ParagonIggyScorch/Characters/Heroes/IggyScorch/Skins/MechaTerror/Textures/T_IggyScorch_MechaTerror_Mount_Rear_RGBA.uasset" 4045
"C:/Users/kbc12306156/AppData/Local/UnrealEngine/Common/DerivedDataCache/Buckets/BulkDataList/e0/c8/fea239ad4f5f33639b1bc697f8992d2b0ce1.udd" 4046
"C:/PG/TGS_TeamK/Content/RSG_UnderWater_Pack/FPS/Textures/Mech/T_Mech_Bottom/T_Mech_Bottom_B.uasset" 4047
"C:/PG/TGS_TeamK/Content/RSG_UnderWater_Pack/FPS/Textures/Mech/T_Mech_Bottom/T_Mech_Bottom_E.uasset" 4048
"C:/PG/TGS_TeamK/Content/RSG_UnderWater_Pack/FPS/Textures/Mech/T_Mech_Bottom/T_Mech_Bottom_N.uasset" 4049
"C:/Users/kbc12306156/AppData/Local/UnrealEngine/Common/DerivedDataCache/Buckets/BulkDataList/2b/54/6b480117fa6cfde211be87cbcdd42daeaf61.udd" 4050
"C:/PG/TGS_TeamK/Content/RSG_UnderWater_Pack/FPS/Textures/Mech/T_Mech_Bottom/T_Mech_Bottom_ORM.uasset" 4051
"C:/Users/kbc12306156/AppData/Local/UnrealEngine/Common/DerivedDataCache/Buckets/BulkDataList/9e/8e/d630f43d3c8e6399857abd7e0d13bb3e592d.udd" 4052
"C:/PG/TGS_TeamK/Content/RSG_UnderWater_Pack/FPS/Textures/Mech/T_Mech_LOD2/T_Mech_LOD2_B.uasset" 4053
"C:/Users/kbc12306156/AppData/Local/UnrealEngine/Common/DerivedDataCache/Buckets/BulkDataList/11/63/616c8f62c714684f50883eb0ebcbab898837.udd" 4054
"C:/PG/TGS_TeamK/Content/RSG_UnderWater_Pack/FPS/Textures/Mech/T_Mech_LOD2/T_Mech_LOD2_E.uasset" 4055
"C:/Users/kbc12306156/AppData/Local/UnrealEngine/Common/DerivedDataCache/Buckets/BulkDataList/57/23/52e5cca83decbe30680160e48763aa81c9b3.udd" 4056
"C:/PG/TGS_TeamK/Content/RSG_UnderWater_Pack/FPS/Textures/Mech/T_Mech_LOD2/T_Mech_LOD2_N.uasset" 4057
"C:/PG/TGS_TeamK/Content/RSG_UnderWater_Pack/FPS/Textures/Mech/T_Mech_LOD2/T_Mech_LOD2_ORM.uasset" 4058
"C:/Users/kbc12306156/AppData/Local/UnrealEngine/Common/DerivedDataCache/Buckets/BulkDataList/7f/67/b8f87be3548db6e213137a877e8454549523.udd" 4059
"C:/PG/TGS_TeamK/Content/RSG_UnderWater_Pack/FPS/Textures/Mech/T_Mech_Shotgun/T_Mech_Shotgun_LOD0_B.uasset" 4060
"C:/Users/kbc12306156/AppData/Local/UnrealEngine/Common/DerivedDataCache/Buckets/BulkDataList/f5/d4/3c60cc11ee6431220517674f4f4bde152307.udd" 4061
"C:/PG/TGS_TeamK/Content/RSG_UnderWater_Pack/FPS/Textures/Mech/T_Mech_Shotgun/T_Mech_Shotgun_LOD0_E.uasset" 4062
"C:/Users/kbc12306156/AppData/Local/UnrealEngine/Common/DerivedDataCache/Buckets/BulkDataList/be/72/5074eb91cf79b57d3ced101a37602862e950.udd" 4063
"C:/PG/TGS_TeamK/Content/RSG_UnderWater_Pack/FPS/Textures/Mech/T_Mech_Shotgun/T_Mech_Shotgun_N.uasset" 4064
"C:/Users/kbc12306156/AppData/Local/UnrealEngine/Common/DerivedDataCache/Buckets/BulkDataList/84/e3/40c0884c04196d0bc00b60bea6c0893a3ac8.udd" 4065
"C:/PG/TGS_TeamK/Content/RSG_UnderWater_Pack/FPS/Textures/Mech/T_Mech_Shotgun/T_Mech_Shotgun_ORM.uasset" 4066
"C:/Users/kbc12306156/AppData/Local/UnrealEngine/Common/DerivedDataCache/Buckets/BulkDataList/c1/d0/26db1569449d622fc410ba31e464d9dd69a7.udd" 4067
"C:/PG/TGS_TeamK/Content/RSG_UnderWater_Pack/FPS/Textures/Mech/T_Mech_Top/T_Mech_Top_LOD0_B.uasset" 4068
"C:/Users/kbc12306156/AppData/Local/UnrealEngine/Common/DerivedDataCache/Buckets/BulkDataList/d3/b0/49dd29f1e8416002f98deb831a35ce08cde4.udd" 4069
"C:/PG/TGS_TeamK/Content/RSG_UnderWater_Pack/FPS/Textures/Mech/T_Mech_Top/T_Mech_Top_LOD0_E.uasset" 4070
"C:/Users/kbc12306156/AppData/Local/UnrealEngine/Common/DerivedDataCache/Buckets/BulkDataList/c1/8a/82bc06367300bccaf4e78b881d074034ce14.udd" 4071
"C:/PG/TGS_TeamK/Content/RSG_UnderWater_Pack/FPS/Textures/Mech/T_Mech_Top/T_Mech_Top_N.uasset" 4072
"C:/Users/kbc12306156/AppData/Local/UnrealEngine/Common/DerivedDataCache/Buckets/BulkDataList/27/68/cebda5c9d931070ca3c91e98f91cd7ce17b2.udd" 4073
"C:/PG/TGS_TeamK/Content/RSG_UnderWater_Pack/FPS/Textures/Mech/T_Mech_Top/T_Mech_Top_ORM.uasset" 4074
"C:/Users/kbc12306156/AppData/Local/UnrealEngine/Common/DerivedDataCache/Buckets/BulkDataList/03/d2/a6ac18ce819aa87e86fa3465918d7d1ec7c6.udd" 4075
"C:/PG/TGS_TeamK/Content/StarterContent/Textures/T_Perlin_Noise_M.uasset" 4076
"C:/Users/kbc12306156/AppData/Local/UnrealEngine/Common/DerivedDataCache/Buckets/BulkDataList/c5/8b/1bc9d2c044c2a45260ad65cfd74e1540c209.udd" 4077
"C:/PG/TGS_TeamK/Content/StarterContent/Textures/T_Rock_Sandstone_D.uasset" 4078
"C:/Users/kbc12306156/AppData/Local/UnrealEngine/Common/DerivedDataCache/Buckets/BulkDataList/4b/35/467d9284dbf57f21cd162e1e9561b36fd530.udd" 4079
"C:/PG/TGS_TeamK/Content/StarterContent/Textures/T_Rock_Sandstone_N.uasset" 4080
"C:/Users/kbc12306156/AppData/Local/UnrealEngine/Common/DerivedDataCache/Buckets/BulkDataList/9f/00/564e60ee132a5154e506abed4ebb2c6b044d.udd" 4081
"C:/PG/TGS_TeamK/Content/Free_Spells/Textures/T_Free_Spells_Flash.uasset" 4082
"C:/Users/kbc12306156/AppData/Local/UnrealEngine/Common/DerivedDataCache/Buckets/BulkDataList/54/b9/d55fdeaeb4172aea67b92eab9ba3a51b57da.udd" 4083
"C:/PG/TGS_TeamK/Content/ParagonWraith/Characters/Heroes/Wraith/Skins/LunarOps/Textures/T_Accessories_ts_DEMO.uasset" 4084
"C:/Users/kbc12306156/AppData/Local/UnrealEngine/Common/DerivedDataCache/Buckets/BulkDataList/6f/21/b2912afe690d8a5e302ba9be2351e80161b7.udd" 4085
"C:/PG/TGS_TeamK/Content/ParagonWraith/Characters/Heroes/Wraith/Skins/LunarOps/Textures/T_Wraith_attachment_LunarOps_Mask1.uasset" 4086
"C:/Users/kbc12306156/AppData/Local/UnrealEngine/Common/DerivedDataCache/Buckets/BulkDataList/a6/25/c3d1078ea6e1bdd1e3b3643b0f49a54e3653.udd" 4087
"C:/PG/TGS_TeamK/Content/ParagonWraith/Characters/Heroes/Wraith/Skins/LunarOps/Textures/T_Wraith_attachment_LunarOps_Mask2.uasset" 4088
"C:/Users/kbc12306156/AppData/Local/UnrealEngine/Common/DerivedDataCache/Buckets/BulkDataList/fe/15/d5f4b3405fd71bf168c8fe7474464ca2bca9.udd" 4089
"C:/PG/TGS_TeamK/Content/ParagonWraith/Characters/Heroes/Wraith/Skins/LunarOps/Textures/T_Wraith_attachment_LunarOps_RGB.uasset" 4090
"C:/Users/kbc12306156/AppData/Local/UnrealEngine/Common/DerivedDataCache/Buckets/BulkDataList/cc/24/d3576a21b03fc9e1bfcb4dc603ba00964ab5.udd" 4091
"C:/PG/TGS_TeamK/Content/ParagonWraith/Characters/Heroes/Wraith/Textures/T_Wraith_Gun_Mask2.uasset" 4092
"C:/Users/kbc12306156/AppData/Local/UnrealEngine/Common/DerivedDataCache/Buckets/BulkDataList/a3/7e/278c6b7a74b88d33a94763c425e23ed040d1.udd" 4093
"C:/PG/TGS_TeamK/Content/ParagonWraith/Characters/Heroes/Wraith/Skins/LunarOps/Textures/T_Wraith_lowerBody_LunarOps_Mask.uasset" 4094
"C:/Users/kbc12306156/AppData/Local/UnrealEngine/Common/DerivedDataCache/Buckets/BulkDataList/75/47/b8b432f6cce8762bcdb2c037c3db3a4debad.udd" 4095
"C:/PG/TGS_TeamK/Content/ParagonWraith/Characters/Heroes/Wraith/Skins/LunarOps/Textures/T_Wraith_lowerBody_LunarOps_Mask2.uasset" 4096
"C:/Users/kbc12306156/AppData/Local/UnrealEngine/Common/DerivedDataCache/Buckets/BulkDataList/02/a5/90d09b683a1adbbb494e2be715ed4f21600b.udd" 4097
"C:/PG/TGS_TeamK/Content/ParagonWraith/Characters/Heroes/Wraith/Skins/LunarOps/Textures/T_Wraith_LunarOps_Lowerbody_RGBA.uasset" 4098
"C:/Users/kbc12306156/AppData/Local/UnrealEngine/Common/DerivedDataCache/Buckets/BulkDataList/69/3f/04c190e8bc01b2d414b514d7c4af5b3d1224.udd" 4099
"C:/PG/TGS_TeamK/Content/ParagonWraith/Characters/Heroes/Wraith/Textures/T_Wraith_lowerbody_N_DEMO.uasset" 4100
"C:/Users/kbc12306156/AppData/Local/UnrealEngine/Common/DerivedDataCache/Buckets/BulkDataList/b9/c7/31e30059039a818dea736c678bc81097d638.udd" 4101
"C:/PG/TGS_TeamK/Content/ParagonWraith/Characters/Heroes/Wraith/Textures/T_Wraith_Lowerbody_RGBA.uasset" 4102
"C:/Users/kbc12306156/AppData/Local/UnrealEngine/Common/DerivedDataCache/Buckets/BulkDataList/1e/c1/3daa65ddf24280c822c58b364cebe8ddbbee.udd" 4103
"../../../Engine/Content/Functions/MaterialLayerFunctions/MatLayerBlend_ModulateRoughness.uasset" 4104
"C:/Users/kbc12306156/AppData/Local/UnrealEngine/Common/DerivedDataCache/Buckets/BulkDataList/c8/3d/65b6550bfb52e520ff694892776ae9628943.udd" 4105
"C:/PG/TGS_TeamK/Content/ParagonWraith/Characters/Heroes/Wraith/Skins/LunarOps/Textures/T_Wraith_UpperBody_LunarOps_Mask.uasset" 4106
"C:/Users/kbc12306156/AppData/Local/UnrealEngine/Common/DerivedDataCache/Buckets/BulkDataList/44/79/b27ca5f6724b55c89b96580452e40795d341.udd" 4107
"C:/PG/TGS_TeamK/Content/ParagonWraith/Characters/Heroes/Wraith/Skins/LunarOps/Textures/T_Wraith_UpperBody_LunarOps_Mask2.uasset" 4108
"C:/Users/kbc12306156/AppData/Local/UnrealEngine/Common/DerivedDataCache/Buckets/BulkDataList/af/a8/c811ecb0f15a463cc6920c3bf5d63720301f.udd" 4109
"C:/PG/TGS_TeamK/Content/ParagonWraith/Characters/Heroes/Wraith/Skins/LunarOps/Textures/T_Wraith_Upperbody_LunarOps_RGBA.uasset" 4110
"C:/Users/kbc12306156/AppData/Local/UnrealEngine/Common/DerivedDataCache/Buckets/BulkDataList/61/40/aa0beee86aebd3acd7ec1f6edc861bcdf4bf.udd" 4111
"C:/PG/TGS_TeamK/Content/ParagonWraith/Characters/Heroes/Wraith/Textures/T_Wraith_upperbody_N_DEMO.uasset" 4112
"C:/Users/kbc12306156/AppData/Local/UnrealEngine/Common/DerivedDataCache/Buckets/BulkDataList/38/e3/369967c30a36692ea1d2d66146c09ba99be7.udd" 4113
"C:/PG/TGS_TeamK/Content/ParagonWraith/Characters/Heroes/Wraith/Meshes/Wraith_ShadowCyl.uasset" 4114
"C:/Users/kbc12306156/AppData/Local/UnrealEngine/Common/DerivedDataCache/Buckets/BulkDataList/29/94/7dd771a61462f6ec5a53be37d1ea306e98b3.udd" 4115
"C:/PG/TGS_TeamK/Content/ParagonWraith/FX/Textures/FluidPatterns/T_FluidTile01_DA.uasset" 4116
"C:/Users/kbc12306156/AppData/Local/UnrealEngine/Common/DerivedDataCache/Buckets/BulkDataList/62/c3/ec2069d946c4c0b6500539b12f6a374062b3.udd" 4117
"C:/PG/TGS_TeamK/Content/ParagonWraith/FX/Materials/Functions/FX_EmissiveModulate.uasset" 4118
"C:/Users/kbc12306156/AppData/Local/UnrealEngine/Common/DerivedDataCache/Buckets/BulkDataList/a2/fb/fc920cd387a6634e3eb5cebceb8e0061e3aa.udd" 4119
"C:/PG/TGS_TeamK/Content/ParagonWraith/FX/Textures/Flares/T_Flare_Spikeball.uasset" 4120
"C:/Users/kbc12306156/AppData/Local/UnrealEngine/Common/DerivedDataCache/Buckets/BulkDataList/35/d4/1d52e8e9d63075b69e9202e7555c7dfdb153.udd" 4121
"C:/PG/TGS_TeamK/Content/ParagonWraith/FX/Textures/Tile/Noise/T_soft_noise_even_distribution.uasset" 4122
"C:/Users/kbc12306156/AppData/Local/UnrealEngine/Common/DerivedDataCache/Buckets/BulkDataList/fb/41/806b6bc9bc8a9921f9e1364b402250fa56f1.udd" 4123
"../../../Engine/Content/Functions/Engine_MaterialFunctions02/Utility/DebugTimeSine.uasset" 4124
"C:/Users/kbc12306156/AppData/Local/UnrealEngine/Common/DerivedDataCache/Buckets/BulkDataList/b9/62/7d46c49a3e8fd9e6fbfe3941ddc4f17476af.udd" 4125
"../../../Engine/Content/Functions/Engine_MaterialFunctions02/WorldPositionOffset/ComponentPivotLocation.uasset" 4126
"C:/Users/kbc12306156/AppData/Local/UnrealEngine/Common/DerivedDataCache/Buckets/BulkDataList/75/5f/5df0b3e26ee96f71f921e4b2439313bfa463.udd" 4127
"C:/PG/TGS_TeamK/Content/ParagonWraith/FX/Textures/Masks/T_Square_Triangle_Mask.uasset" 4128
"C:/Users/kbc12306156/AppData/Local/UnrealEngine/Common/DerivedDataCache/Buckets/BulkDataList/33/07/27507509e60ab622db022581679c447be193.udd" 4129
"C:/PG/TGS_TeamK/Content/ParagonWraith/FX/Textures/Masks/T_Beam_Gradient_02.uasset" 4130
"C:/Users/kbc12306156/AppData/Local/UnrealEngine/Common/DerivedDataCache/Buckets/BulkDataList/11/bf/3dbb53a498621a64062fd149de0ac99c4d76.udd" 4131
"C:/PG/TGS_TeamK/Content/ParagonWraith/FX/Textures/Masks/T_SmokeTrailCoord1_Mask.uasset" 4132
"C:/Users/kbc12306156/AppData/Local/UnrealEngine/Common/DerivedDataCache/Buckets/BulkDataList/9b/aa/88017c0fd6f96883eed8bfc8e634e58cf26a.udd" 4133
"C:/PG/TGS_TeamK/Content/ArrowTrail/Texture/T_Rocks.uasset" 4134
"C:/PG/TGS_TeamK/Content/ArrowTrail/Texture/T_WaterSpark.uasset" 4135
"C:/Users/kbc12306156/AppData/Local/UnrealEngine/Common/DerivedDataCache/Buckets/BulkDataList/d6/35/46cf2bddfaa3a60af6be01f3e1e9bdc401e4.udd" 4136
"C:/PG/TGS_TeamK/Content/ArrowTrail/Texture/T_Water_Splash.uasset" 4137
"C:/Users/kbc12306156/AppData/Local/UnrealEngine/Common/DerivedDataCache/Buckets/BulkDataList/93/63/46175efd1489766f63765c6dec4ac9fda806.udd" 4138
"C:/PG/TGS_TeamK/Content/Generic_Item_Destruction_FX/Materials/M_Item_Base.uasset" 4139
"C:/Users/kbc12306156/AppData/Local/UnrealEngine/Common/DerivedDataCache/Buckets/BulkDataList/b0/78/5fc1e2e8969fb2a80ab7cd9a78d653cba17e.udd" 4140
"C:/PG/TGS_TeamK/Content/ArrowTrail/Texture/T_Aura.uasset" 4141
"C:/Users/kbc12306156/AppData/Local/UnrealEngine/Common/DerivedDataCache/Buckets/BulkDataList/02/d2/511cb8480220ffcab4d4ad1b810d62539171.udd" 4142
"C:/PG/TGS_TeamK/Content/ArrowTrail/Texture/T_FireBall.uasset" 4143
"C:/PG/TGS_TeamK/Content/ParagonWraith/Characters/Global/MaterialLayers/Metal/T_Brushed_Copper_D.uasset" 4144
"C:/Users/kbc12306156/AppData/Local/UnrealEngine/Common/DerivedDataCache/Buckets/BulkDataList/c9/81/334a9a1a9af932e4451c5fa165c759ab951e.udd" 4145
"C:/PG/TGS_TeamK/Content/ParagonWraith/Characters/Global/MaterialLayers/Metal/T_Brushed_Copper_N.uasset" 4146
"C:/PG/TGS_TeamK/Content/ParagonWraith/Characters/Global/MaterialLayers/Metal/T_Metal_Scratched_Circular_01_COLOR.uasset" 4147
"C:/Users/kbc12306156/AppData/Local/UnrealEngine/Common/DerivedDataCache/Buckets/BulkDataList/8f/fe/cbffc3d8c195b3a1f60cdb54a468808d4d74.udd" 4148
"C:/PG/TGS_TeamK/Content/ParagonWraith/Characters/Global/MaterialLayers/Metal/T_Metal_Scratched_Circular_01_N.uasset" 4149
"C:/Users/kbc12306156/AppData/Local/UnrealEngine/Common/DerivedDataCache/Buckets/BulkDataList/2e/d7/6318bf911f750b7ad5c79540a34adfecc099.udd" 4150
"C:/PG/TGS_TeamK/Content/ParagonWraith/Characters/Global/MaterialLayers/Metal/T_Noise_Rough_Dark_Big.uasset" 4151
"C:/PG/TGS_TeamK/Content/ParagonWraith/Characters/Global/MaterialLayers/Metal/T_ScratchMask.uasset" 4152
"C:/PG/TGS_TeamK/Content/ParagonWraith/Characters/Heroes/Wraith/Textures/T_Wraith_Emissive_Mask.uasset" 4153
"C:/Users/kbc12306156/AppData/Local/UnrealEngine/Common/DerivedDataCache/Buckets/BulkDataList/66/16/454067e08b465714120b1a2a6127f6e787da.udd" 4154
"C:/PG/TGS_TeamK/Content/ParagonWraith/Characters/Heroes/Wraith/Skins/LunarOps/Materials/ML/T_FlakeMask.uasset" 4155
"C:/Users/kbc12306156/AppData/Local/UnrealEngine/Common/DerivedDataCache/Buckets/BulkDataList/34/c4/c58c28adfe72cf7868a43cc890dc0237e627.udd" 4156
"../../../Engine/Content/EngineMaterials/RandomAngles.uasset" 4157
"C:/Users/kbc12306156/AppData/Local/UnrealEngine/Common/DerivedDataCache/Buckets/BulkDataList/63/6a/32d56df6e6eb7f883b5d7ebd00028b5c8470.udd" 4158
"C:/PG/TGS_TeamK/Content/ParagonWraith/Characters/Heroes/Wraith/Skins/LunarOps/Materials/ML/T_Bump_N.uasset" 4159
"C:/Users/kbc12306156/AppData/Local/UnrealEngine/Common/DerivedDataCache/Buckets/BulkDataList/12/7f/59f9164553ddcf56c4924344d3cc3016a884.udd" 4160
"C:/PG/TGS_TeamK/Content/Vefects/Easy_Shockwaves_VFX/Shared/Textures/T_VFX_Easy_Shockwaves_Linear_Mask_01.uasset" 4161
"C:/Users/kbc12306156/AppData/Local/UnrealEngine/Common/DerivedDataCache/Buckets/BulkDataList/0c/ca/58bd493d35707be36e105097032874780463.udd" 4162
"C:/PG/TGS_TeamK/Content/Vefects/Easy_Shockwaves_VFX/Shared/Textures/T_VFX_Easy_Shockwaves_Linear_Mask_02.uasset" 4163
"C:/Users/kbc12306156/AppData/Local/UnrealEngine/Common/DerivedDataCache/Buckets/BulkDataList/cb/94/612f798238c7386ec9f8333d13e0e74fb0a8.udd" 4164
"C:/PG/TGS_TeamK/Content/Vefects/Easy_Shockwaves_VFX/Shared/Textures/T_VFX_Easy_Shockwaves_Noise_01.uasset" 4165
"C:/PG/TGS_TeamK/Content/Vefects/Easy_Shockwaves_VFX/Shared/Textures/T_VFX_Easy_Shockwaves_Noise_01_Normal.uasset" 4166
"C:/Users/kbc12306156/AppData/Local/UnrealEngine/Common/DerivedDataCache/Buckets/BulkDataList/d1/1c/86bcc3e662e34ba982636275dc5988deb205.udd" 4167
"C:/PG/TGS_TeamK/Content/Vefects/Easy_Shockwaves_VFX/Shared/Textures/T_VFX_Easy_Shockwaves_Noise_03.uasset" 4168
"C:/Users/kbc12306156/AppData/Local/UnrealEngine/Common/DerivedDataCache/Buckets/BulkDataList/ea/90/fc1f57fde3d388a87bc3fa200e1f53ae5c40.udd" 4169
"C:/PG/TGS_TeamK/Content/Vefects/Easy_Shockwaves_VFX/Shared/Textures/T_VFX_Linear_Gradient_DT.uasset" 4170
"C:/Users/kbc12306156/AppData/Local/UnrealEngine/Common/DerivedDataCache/Buckets/BulkDataList/2c/c1/a077399279a81457e5c0497ccdb0e7e291d6.udd" 4171
"C:/PG/TGS_TeamK/Content/ParagonIggyScorch/Characters/Global/T_Black_Linear.uasset" 4172
"C:/Users/kbc12306156/AppData/Local/UnrealEngine/Common/DerivedDataCache/Buckets/BulkDataList/dc/3b/548f29e99c8a3d2c3fa727aa09e9e3a3661e.udd" 4173
"C:/PG/TGS_TeamK/Content/ParagonIggyScorch/Characters/Global/MaterialLayers/Leather/T_Dark_Leather_N.uasset" 4174
"C:/Users/kbc12306156/AppData/Local/UnrealEngine/Common/DerivedDataCache/Buckets/BulkDataList/12/9d/d798948727c297c4813c4e9393a9ae22c094.udd" 4175
"C:/PG/TGS_TeamK/Content/ParagonIggyScorch/Characters/Global/MaterialLayers/Metal/T_ML_Aluminum_01.uasset" 4176
"C:/Users/kbc12306156/AppData/Local/UnrealEngine/Common/DerivedDataCache/Buckets/BulkDataList/62/6e/8985f47fcfd6b0c12008a86c222e66ab8436.udd" 4177
"C:/PG/TGS_TeamK/Content/ParagonIggyScorch/Characters/Global/MaterialLayers/Metal/T_Gray_Flat_Black2.uasset" 4178
"C:/Users/kbc12306156/AppData/Local/UnrealEngine/Common/DerivedDataCache/Buckets/BulkDataList/3c/8a/debb9e51e01e90fbcb5866796e6802e93973.udd" 4179
"C:/PG/TGS_TeamK/Content/ParagonIggyScorch/Characters/Global/MaterialLayers/Metal/T_Rough_Metal_N.uasset" 4180
"C:/Users/kbc12306156/AppData/Local/UnrealEngine/Common/DerivedDataCache/Buckets/BulkDataList/38/56/342adfa46aa1f5d48c199ac8d60b7efc636d.udd" 4181
"C:/PG/TGS_TeamK/Content/ParagonIggyScorch/Characters/Global/MaterialLayers/Painted/T_Cream_Painted_Metal_N.uasset" 4182
"C:/Users/kbc12306156/AppData/Local/UnrealEngine/Common/DerivedDataCache/Buckets/BulkDataList/90/bc/7fa6003b69cc4e940769a191a638142118cf.udd" 4183
"C:/PG/TGS_TeamK/Content/ParagonIggyScorch/Characters/Global/MaterialLayers/Rock/T_TilingRock01_D.uasset" 4184
"C:/Users/kbc12306156/AppData/Local/UnrealEngine/Common/DerivedDataCache/Buckets/BulkDataList/00/fc/6ab79aef6305cd061124efdfa44da1b23fa7.udd" 4185
"C:/PG/TGS_TeamK/Content/ParagonIggyScorch/Characters/Global/Eyes/Textures/EpicQuadPanorama_CC.uasset" 4186
"C:/Users/kbc12306156/AppData/Local/UnrealEngine/Common/DerivedDataCache/Buckets/BulkDataList/1b/2a/3e1f54d4fc06d3447510fcf177e822aa9db2.udd" 4187
"C:/PG/TGS_TeamK/Content/ParagonIggyScorch/Characters/Global/Eyes/Textures/Example/SSP_EyeInner_Profile.uasset" 4188
"C:/Users/kbc12306156/AppData/Local/UnrealEngine/Common/DerivedDataCache/Buckets/BulkDataList/8b/6e/68249d13f79334677dec4c5355a323524b2d.udd" 4189
"C:/PG/TGS_TeamK/Content/ParagonIggyScorch/Characters/Global/Eyes/Textures/Example/T_EYE_NORMALS.uasset" 4190
"C:/Users/kbc12306156/AppData/Local/UnrealEngine/Common/DerivedDataCache/Buckets/BulkDataList/92/5d/b50013637e4a71bb22d95d0ca68a93fa23fc.udd" 4191
"C:/PG/TGS_TeamK/Content/ParagonIggyScorch/Characters/Global/Eyes/Textures/Example/T_Eye_Wet_Normal.uasset" 4192
"C:/Users/kbc12306156/AppData/Local/UnrealEngine/Common/DerivedDataCache/Buckets/BulkDataList/b9/04/bedaa0a2f32e5b762f807c9029c42493dbe2.udd" 4193
"C:/PG/TGS_TeamK/Content/ParagonIggyScorch/Characters/Global/Eyes/Textures/Example/T_EyeIrisBaseColor_Example_2.uasset" 4194
"C:/Users/kbc12306156/AppData/Local/UnrealEngine/Common/DerivedDataCache/Buckets/BulkDataList/d2/1f/95cc16bd6799ab1a9f2181f9e8717a056773.udd" 4195
"C:/PG/TGS_TeamK/Content/ParagonIggyScorch/Characters/Global/Eyes/Textures/Example/T_EyeMidPlaneDisplacement_Example.uasset" 4196
"C:/Users/kbc12306156/AppData/Local/UnrealEngine/Common/DerivedDataCache/Buckets/BulkDataList/eb/84/abfd5a4b7b4de1edd3869e12f02f01d762fb.udd" 4197
"C:/PG/TGS_TeamK/Content/ParagonIggyScorch/Characters/Global/Eyes/Textures/Example/T_EyeScleraBaseColor_Example_2.uasset" 4198
"C:/Users/kbc12306156/AppData/Local/UnrealEngine/Common/DerivedDataCache/Buckets/BulkDataList/5a/65/94906a4aab63f1f6e889fe34bc629b5118ed.udd" 4199
"C:/PG/TGS_TeamK/Content/ParagonIggyScorch/Characters/Global/Eyes/Textures/Example/T_Sphere_EYE_NORMALS.uasset" 4200
"C:/Users/kbc12306156/AppData/Local/UnrealEngine/Common/DerivedDataCache/Buckets/BulkDataList/32/17/b9ea3602d5848649a6514a2b2642d3724a97.udd" 4201
"C:/PG/TGS_TeamK/Content/ParagonIggyScorch/Characters/Global/Eyes/Textures/T_DecalMask_Radial03.uasset" 4202
"C:/Users/kbc12306156/AppData/Local/UnrealEngine/Common/DerivedDataCache/Buckets/BulkDataList/a5/98/267d03bb6d47127335e0784b581ed59a8d4e.udd" 4203
"C:/PG/TGS_TeamK/Content/ParagonIggyScorch/Characters/Global/Eyes/Textures/T_Swirly_Noise.uasset" 4204
"C:/Users/kbc12306156/AppData/Local/UnrealEngine/Common/DerivedDataCache/Buckets/BulkDataList/82/b1/9ce250b7223622903c9dc873b9c03b7a5fb7.udd" 4205
"C:/PG/TGS_TeamK/Content/ParagonIggyScorch/Characters/Global/MaterialLayers/Metal/T_Brushed_Copper_D.uasset" 4206
"C:/Users/kbc12306156/AppData/Local/UnrealEngine/Common/DerivedDataCache/Buckets/BulkDataList/94/77/da9f110aa1410a95b95cf7cc083c1fae74f0.udd" 4207
"C:/PG/TGS_TeamK/Content/ParagonIggyScorch/Characters/Global/MaterialLayers/Metal/T_Brushed_Copper_N.uasset" 4208
"C:/Users/kbc12306156/AppData/Local/UnrealEngine/Common/DerivedDataCache/Buckets/BulkDataList/37/e4/f7bd710d63389829069e6922f9b6b830aeff.udd" 4209
"C:/PG/TGS_TeamK/Content/ParagonIggyScorch/Characters/Global/MaterialLayers/Metal/T_Gray_Flat_Black.uasset" 4210
"C:/Users/kbc12306156/AppData/Local/UnrealEngine/Common/DerivedDataCache/Buckets/BulkDataList/83/ef/3730523f771de3ae51a136b4a6b6c8a2ae0b.udd" 4211
"C:/PG/TGS_TeamK/Content/ParagonIggyScorch/Characters/Global/MaterialLayers/Metal/T_ML_Aluminum01_N.uasset" 4212
"C:/Users/kbc12306156/AppData/Local/UnrealEngine/Common/DerivedDataCache/Buckets/BulkDataList/16/c9/dc7fd751f20bf2fad0aeae51ea628173ae25.udd" 4213
"C:/PG/TGS_TeamK/Content/ParagonIggyScorch/Characters/Heroes/IggyScorch/Skins/Fireball/Materials/Material_Layers/T_Lava_Rock_Porous_N.uasset" 4214
"C:/Users/kbc12306156/AppData/Local/UnrealEngine/Common/DerivedDataCache/Buckets/BulkDataList/71/14/7c7293d0fcb200bf7ed376d594a0053ba410.udd" 4215
"C:/PG/TGS_TeamK/Content/ParagonIggyScorch/Characters/Heroes/IggyScorch/Skins/Fireball/Materials/Material_Layers/T_Lava_Rock_Porous_RGB.uasset" 4216
"C:/Users/kbc12306156/AppData/Local/UnrealEngine/Common/DerivedDataCache/Buckets/BulkDataList/b7/69/038289b0c4819db6c0465187377381c6181f.udd" 4217
"C:/PG/TGS_TeamK/Content/ParagonIggyScorch/Characters/Global/MaterialLayers/Fabric/T_Whool01_D.uasset" 4218
"C:/PG/TGS_TeamK/Content/ParagonIggyScorch/Characters/Global/MaterialLayers/Fabric/T_Whool01_N.uasset" 4219
"C:/Users/kbc12306156/AppData/Local/UnrealEngine/Common/DerivedDataCache/Buckets/BulkDataList/16/df/38001f999a49234e37dcb7d28c8b41008cc8.udd" 4220
"C:/PG/TGS_TeamK/Content/ParagonIggyScorch/Characters/Global/MaterialLayers/Fabric/T_ML_Canvas_Grey01_N.uasset" 4221
"C:/Users/kbc12306156/AppData/Local/UnrealEngine/Common/DerivedDataCache/Buckets/BulkDataList/73/2d/f828f1c5b2169433cd9480a2c411ee0c87d8.udd" 4222
"C:/PG/TGS_TeamK/Content/ParagonIggyScorch/Characters/Global/MaterialLayers/Fabric/T_HeavyFabric02.uasset" 4223
"C:/Users/kbc12306156/AppData/Local/UnrealEngine/Common/DerivedDataCache/Buckets/BulkDataList/f2/e1/c0a33b542cea32bf1232ba800e30fe924b16.udd" 4224
"C:/PG/TGS_TeamK/Content/ParagonIggyScorch/Characters/Global/MaterialLayers/Fabric/T_HeavyFabric02_N.uasset" 4225
"C:/Users/kbc12306156/AppData/Local/UnrealEngine/Common/DerivedDataCache/Buckets/BulkDataList/d9/ce/a4155750353677998ccbc02856cc4d7a720e.udd" 4226
"C:/PG/TGS_TeamK/Content/ParagonIggyScorch/Characters/Global/MaterialLayers/Fabric/T_Whool2_D.uasset" 4227
"C:/Users/kbc12306156/AppData/Local/UnrealEngine/Common/DerivedDataCache/Buckets/BulkDataList/28/1c/903ad88ac1f9ee1f7cc8fdbbe808d8f58ea6.udd" 4228
"C:/PG/TGS_TeamK/Content/ParagonIggyScorch/Characters/Global/MaterialLayers/Fabric/T_Whool2_N.uasset" 4229
"C:/Users/kbc12306156/AppData/Local/UnrealEngine/Common/DerivedDataCache/Buckets/BulkDataList/8d/2f/4f6739d5db738574c713188fef9a08aceb59.udd" 4230
"C:/PG/TGS_TeamK/Content/ParagonIggyScorch/Characters/Global/MaterialLayers/Rubber/T_Rubber_2_N.uasset" 4231
"C:/Users/kbc12306156/AppData/Local/UnrealEngine/Common/DerivedDataCache/Buckets/BulkDataList/6b/63/3339b07cfd422dc3b2605b01bcd4b1e87945.udd" 4232
"../../../Engine/Content/EditorMaterials/Cascade/CASC_Solo_On.uasset" 4233
"C:/Users/kbc12306156/AppData/Local/UnrealEngine/Common/DerivedDataCache/Buckets/BulkDataList/d8/2f/c89caf4750358bdae5d87fb9daac1ce358cd.udd" 4234
"../../../Engine/Content/Functions/Engine_MaterialFunctions02/Math/MultiplyAdd.uasset" 4235
"C:/Users/kbc12306156/AppData/Local/UnrealEngine/Common/DerivedDataCache/Buckets/BulkDataList/82/7e/7f398523c82addc2b3bf956aa43a330d1b28.udd" 4236
"C:/PG/TGS_TeamK/Content/ParagonIggyScorch/Characters/Global/Hair/Materials/MF_BlendHairColorsWithParam.uasset" 4237
"C:/Users/kbc12306156/AppData/Local/UnrealEngine/Common/DerivedDataCache/Buckets/BulkDataList/ad/a5/5305e8599a032aca34e822c45ae1a39f5837.udd" 4238
"C:/PG/TGS_TeamK/Content/ParagonIggyScorch/Characters/Global/Hair/T_Caustics_2.uasset" 4239
"C:/Users/kbc12306156/AppData/Local/UnrealEngine/Common/DerivedDataCache/Buckets/BulkDataList/5c/bb/73b020f4dad76b7f7f8a340f2ccf8df9f298.udd" 4240
"C:/PG/TGS_TeamK/Content/ParagonIggyScorch/Characters/Global/Hair/T_Fire_Tiled_D.uasset" 4241
"C:/Users/kbc12306156/AppData/Local/UnrealEngine/Common/DerivedDataCache/Buckets/BulkDataList/2a/55/e8a87d103d868ed8f0c7f4862a8b3943d1d0.udd" 4242
"C:/PG/TGS_TeamK/Content/ParagonIggyScorch/Characters/Global/Hair/T_gradient_stasis.uasset" 4243
"C:/Users/kbc12306156/AppData/Local/UnrealEngine/Common/DerivedDataCache/Buckets/BulkDataList/2f/b8/20f75f79bf559a07d27be53ac4adb8794838.udd" 4244
"C:/PG/TGS_TeamK/Content/ParagonIggyScorch/Characters/Global/Hair/TestContent/T_HairClump02_Alpha.uasset" 4245
"C:/Users/kbc12306156/AppData/Local/UnrealEngine/Common/DerivedDataCache/Buckets/BulkDataList/96/f9/32bd39cf211ed097442fd76f366e7189da2a.udd" 4246
"C:/PG/TGS_TeamK/Content/ParagonIggyScorch/Characters/Global/Hair/TestContent/T_HairClump02_Depth.uasset" 4247
"C:/Users/kbc12306156/AppData/Local/UnrealEngine/Common/DerivedDataCache/Buckets/BulkDataList/2a/02/b9cebee4d3e04790a59ca266d958b66dc746.udd" 4248
"C:/PG/TGS_TeamK/Content/ParagonIggyScorch/Characters/Global/Hair/TestContent/T_HairClump02_DyeMask.uasset" 4249
"C:/Users/kbc12306156/AppData/Local/UnrealEngine/Common/DerivedDataCache/Buckets/BulkDataList/f6/30/e51d7f550f5cac9dc4f6f9f69f7a8008ab4b.udd" 4250
"C:/PG/TGS_TeamK/Content/ParagonIggyScorch/Characters/Global/Hair/TestContent/T_HairClump02_ID.uasset" 4251
"C:/Users/kbc12306156/AppData/Local/UnrealEngine/Common/DerivedDataCache/Buckets/BulkDataList/e3/9e/b478b2073af4d1195a9b8f181da29dcddddf.udd" 4252
"C:/PG/TGS_TeamK/Content/ParagonIggyScorch/Characters/Global/Hair/TestContent/T_HairClump02_Roots.uasset" 4253
"C:/Users/kbc12306156/AppData/Local/UnrealEngine/Common/DerivedDataCache/Buckets/BulkDataList/9f/b7/c99a689f5d30169bcfc3acd022ee97556887.udd" 4254
"C:/PG/TGS_TeamK/Content/ParagonIggyScorch/Characters/Global/MaterialFunctions/ParagonCharacterHairWind.uasset" 4255
"C:/Users/kbc12306156/AppData/Local/UnrealEngine/Common/DerivedDataCache/Buckets/BulkDataList/ef/03/e6563d71d6ace71d6984dd097e517c82a192.udd" 4256
"C:/PG/TGS_TeamK/Content/StarterContent/Textures/T_Explosion_SubUV.uasset" 4257
"C:/Users/kbc12306156/AppData/Local/UnrealEngine/Common/DerivedDataCache/Buckets/BulkDataList/32/00/cd1670803352c9263afb82607f23c17f1774.udd" 4258
"../../../Engine/Content/Functions/Engine_MaterialFunctions01/Gradient/RadialGradient.uasset" 4259
"C:/Users/kbc12306156/AppData/Local/UnrealEngine/Common/DerivedDataCache/Buckets/BulkDataList/6d/ea/cbba72236386b1b583822fc183b0025ce957.udd" 4260
"C:/PG/TGS_TeamK/Content/StarterContent/Textures/T_Smoke_SubUV.uasset" 4261
"C:/Users/kbc12306156/AppData/Local/UnrealEngine/Common/DerivedDataCache/Buckets/BulkDataList/62/96/fe89784ec4f67cdd3515a543dfc80f19bdf8.udd" 4262
"C:/PG/TGS_TeamK/Content/StarterContent/Textures/T_Smoke_Tiled_D.uasset" 4263
"C:/Users/kbc12306156/AppData/Local/UnrealEngine/Common/DerivedDataCache/Buckets/BulkDataList/cb/fb/854b5977ac9c2ef60e5558373d39ad5bd96c.udd" 4264
"C:/PG/TGS_TeamK/Content/ParagonIggyScorch/Characters/Global/MaterialLayers/Metal/T_ML_Metal_Braided_01_MASK.uasset" 4265
"C:/PG/TGS_TeamK/Content/ParagonIggyScorch/Characters/Global/MaterialLayers/Metal/T_ML_Metal_Braided_01_N.uasset" 4266
"C:/PG/TGS_TeamK/Content/ParagonIggyScorch/Characters/Global/MaterialFunctions/T_ThinFilm_Spectrum_COLOR.uasset" 4267
"C:/Users/kbc12306156/AppData/Local/UnrealEngine/Common/DerivedDataCache/Buckets/BulkDataList/34/73/c31458a2674da45f31f1827ff7fe12d4f892.udd" 4268
"C:/PG/TGS_TeamK/Content/ParagonIggyScorch/Characters/Global/MaterialLayers/Metal/T_Blank_N.uasset" 4269
"C:/Users/kbc12306156/AppData/Local/UnrealEngine/Common/DerivedDataCache/Buckets/BulkDataList/af/7e/be74f7d43451a59d30512793faa6b0ada8e2.udd" 4270
"C:/PG/TGS_TeamK/Content/ParagonIggyScorch/Characters/Global/MaterialLayers/Synthetics/T_Iggy_Eye_D.uasset" 4271
"C:/Users/kbc12306156/AppData/Local/UnrealEngine/Common/DerivedDataCache/Buckets/BulkDataList/c5/54/0c93a714e4879039ae1597b55ce060b52209.udd" 4272
"C:/PG/TGS_TeamK/Content/ParagonIggyScorch/Characters/Global/MaterialLayers/Metal/T_ML_Aluminum_01_N.uasset" 4273
"C:/Users/kbc12306156/AppData/Local/UnrealEngine/Common/DerivedDataCache/Buckets/BulkDataList/70/d1/6606c228253871421dd5e358a28d9d9c6ef1.udd" 4274
"C:/PG/TGS_TeamK/Content/ParagonIggyScorch/Characters/Global/MaterialLayers/Metal/T_Metal_SandCast_Med_N.uasset" 4275
"C:/Users/kbc12306156/AppData/Local/UnrealEngine/Common/DerivedDataCache/Buckets/BulkDataList/3b/a2/5a84808545f0759c7ef69173c5b817c27b01.udd" 4276
"C:/PG/TGS_TeamK/Content/ParagonIggyScorch/Characters/Global/MaterialLayers/Metal/T_Noise_Rough_Dark_Big.uasset" 4277
"C:/Users/kbc12306156/AppData/Local/UnrealEngine/Common/DerivedDataCache/Buckets/BulkDataList/4c/f9/96e5ead4f9180e4bb63829c9284f90e4edee.udd" 4278
"C:/PG/TGS_TeamK/Content/ParagonIggyScorch/Characters/Global/MaterialLayers/Metal/T_ScratchMask.uasset" 4279
"C:/Users/kbc12306156/AppData/Local/UnrealEngine/Common/DerivedDataCache/Buckets/BulkDataList/ed/1d/e24149d29f4e9ba2677b50eafbb3fab29621.udd" 4280
"C:/PG/TGS_TeamK/Content/ParagonIggyScorch/Characters/Heroes/IggyScorch/Skins/MechaTerror/Textures/T_IggyScorch_MechaTerror_Container_A_MASK.uasset" 4281
"C:/Users/kbc12306156/AppData/Local/UnrealEngine/Common/DerivedDataCache/Buckets/BulkDataList/8d/24/552365ce73b99ca5e97473f657a61fd4b2fe.udd" 4282
"C:/PG/TGS_TeamK/Content/ParagonIggyScorch/Characters/Heroes/IggyScorch/Skins/MechaTerror/Textures/T_IggyScorch_MechaTerror_Container_B_MASK.uasset" 4283
"C:/PG/TGS_TeamK/Content/ParagonIggyScorch/Characters/Heroes/IggyScorch/Skins/MechaTerror/Textures/T_IggyScorch_MechaTerror_Container_COLOR.uasset" 4284
"C:/Users/kbc12306156/AppData/Local/UnrealEngine/Common/DerivedDataCache/Buckets/BulkDataList/cd/ad/18868875941a8933c94c17c267907a5a98b4.udd" 4285
"C:/PG/TGS_TeamK/Content/ParagonIggyScorch/Characters/Heroes/IggyScorch/Skins/MechaTerror/Textures/T_IggyScorch_MechaTerror_Container_N.uasset" 4286
"C:/PG/TGS_TeamK/Content/ParagonIggyScorch/Characters/Heroes/IggyScorch/Skins/MechaTerror/Textures/T_IggyScorch_MechaTerror_Container_RGBAO.uasset" 4287
"C:/Users/kbc12306156/AppData/Local/UnrealEngine/Common/DerivedDataCache/Buckets/BulkDataList/35/54/4592bdf3bd96596b2a4bc55a56ab7740eebc.udd" 4288
"C:/PG/TGS_TeamK/Content/ParagonIggyScorch/Characters/Heroes/IggyScorch/Skins/MechaTerror/Textures/T_IggyScorch_MechaTerror_Items_COLOR.uasset" 4289
"C:/Users/kbc12306156/AppData/Local/UnrealEngine/Common/DerivedDataCache/Buckets/BulkDataList/64/2d/4d106b9b394399411cb79dd2a588b561db6f.udd" 4290
"C:/PG/TGS_TeamK/Content/ParagonIggyScorch/Characters/Heroes/IggyScorch/Skins/MechaTerror/Textures/T_IggyScorch_MechaTerror_Items_MASK_1.uasset" 4291
"C:/Users/kbc12306156/AppData/Local/UnrealEngine/Common/DerivedDataCache/Buckets/BulkDataList/d3/70/3970af3052904e1fe84b384f8c5437e2649c.udd" 4292
"C:/PG/TGS_TeamK/Content/ParagonIggyScorch/Characters/Heroes/IggyScorch/Skins/MechaTerror/Textures/T_IggyScorch_MechaTerror_Items_N.uasset" 4293
"C:/Users/kbc12306156/AppData/Local/UnrealEngine/Common/DerivedDataCache/Buckets/BulkDataList/6c/c5/9054331e8786eb9af0ccc6a9706951f06f72.udd" 4294
"C:/PG/TGS_TeamK/Content/ParagonIggyScorch/Characters/Heroes/IggyScorch/Skins/MechaTerror/Textures/T_IggyScorch_MechaTerror_Items_RGBA.uasset" 4295
"C:/Users/kbc12306156/AppData/Local/UnrealEngine/Common/DerivedDataCache/Buckets/BulkDataList/f4/09/74b209cf16b5b1b13180ca0256edc683dd80.udd" 4296
"C:/PG/TGS_TeamK/Content/ParagonIggyScorch/Characters/Heroes/IggyScorch/Skins/MechaTerror/Textures/T_IggyScorch_MechaTerror_Mount_Front_COLOR.uasset" 4297
"C:/Users/kbc12306156/AppData/Local/UnrealEngine/Common/DerivedDataCache/Buckets/BulkDataList/28/84/df2cea6c9ba16b176b87f7d0e3c4f4b66a36.udd" 4298
"C:/PG/TGS_TeamK/Content/ParagonIggyScorch/Characters/Heroes/IggyScorch/Skins/MechaTerror/Textures/T_IggyScorch_MechaTerror_Mount_Front_MASK_1.uasset" 4299
"C:/Users/kbc12306156/AppData/Local/UnrealEngine/Common/DerivedDataCache/Buckets/BulkDataList/01/09/57804afc8dd086460624dd440f26826e0c03.udd" 4300
"C:/PG/TGS_TeamK/Content/ParagonIggyScorch/Characters/Heroes/IggyScorch/Skins/MechaTerror/Textures/T_IggyScorch_MechaTerror_Mount_Front_N.uasset" 4301
"C:/Users/kbc12306156/AppData/Local/UnrealEngine/Common/DerivedDataCache/Buckets/BulkDataList/74/13/71abc9898ac7a2d447ac707c8170ec67a85e.udd" 4302
"C:/PG/TGS_TeamK/Content/ParagonIggyScorch/Characters/Heroes/IggyScorch/Skins/MechaTerror/Textures/T_IggyScorch_MechaTerror_Mount_Front_RGBA.uasset" 4303
"C:/Users/kbc12306156/AppData/Local/UnrealEngine/Common/DerivedDataCache/Buckets/BulkDataList/ae/3f/8617d39a73d95cbcccbd2aa03cf7f53e010a.udd" 4304
"C:/PG/TGS_TeamK/Content/ParagonIggyScorch/Characters/Heroes/IggyScorch/Skins/MechaTerror/Textures/T_IggyScorch_MechaTerror_Mount_Front_N_DEMO.uasset" 4305
"C:/Users/kbc12306156/AppData/Local/UnrealEngine/Common/DerivedDataCache/Buckets/BulkDataList/57/0e/04c0c67527bc62df4d4865461125a1a625e1.udd" 4306
"C:/PG/TGS_TeamK/Content/ParagonWraith/Characters/Global/MaterialLayers/Fabric/T_nylonstap_N.uasset" 4307
"C:/Users/kbc12306156/AppData/Local/UnrealEngine/Common/DerivedDataCache/Buckets/BulkDataList/3f/e1/0e7b3a18374cd20bc0be090eb24f33ce8f39.udd" 4308
"C:/PG/TGS_TeamK/Content/ParagonWraith/FX/Materials/Heroes/Wraith/MLayer/T_TireRubber_R.uasset" 4309
"C:/Users/kbc12306156/AppData/Local/UnrealEngine/Common/DerivedDataCache/Buckets/BulkDataList/6e/b7/742b26ff3b19274fd546064f641b0d394a64.udd" 4310
"C:/PG/TGS_TeamK/Content/ParagonWraith/FX/Materials/MaterialLayers/Rubber/T_ML_FineRubber_N.uasset" 4311
"C:/Users/kbc12306156/AppData/Local/UnrealEngine/Common/DerivedDataCache/Buckets/BulkDataList/8e/84/6838931273a3086baf02baa247f2e2344bfd.udd" 4312
"C:/PG/TGS_TeamK/Content/ParagonWraith/FX/Textures/Heroes/Wraith/T_Wraith_BackPackbody_RGBA.uasset" 4313
"C:/Users/kbc12306156/AppData/Local/UnrealEngine/Common/DerivedDataCache/Buckets/BulkDataList/2b/25/3ff06263977266742b4a8542c243c41299cb.udd" 4314
"C:/PG/TGS_TeamK/Content/ParagonWraith/Characters/Heroes/Wraith/Materials/MLayer/T_WheelHub_R.uasset" 4315
"C:/Users/kbc12306156/AppData/Local/UnrealEngine/Common/DerivedDataCache/Buckets/BulkDataList/b8/c3/b5ae16a63a60e6a616c958e8d559d0eb4de8.udd" 4316
"C:/PG/TGS_TeamK/Content/ParagonWraith/Characters/Heroes/Wraith/Textures/T_Wraith_Backpack_Mask.uasset" 4317
"C:/Users/kbc12306156/AppData/Local/UnrealEngine/Common/DerivedDataCache/Buckets/BulkDataList/01/d0/a82633affb5c40126e61effc161e066fc9e8.udd" 4318
"C:/PG/TGS_TeamK/Content/ParagonWraith/Characters/Heroes/Wraith/Textures/T_Wraith_Gun_Mask.uasset" 4319
"C:/Users/kbc12306156/AppData/Local/UnrealEngine/Common/DerivedDataCache/Buckets/BulkDataList/36/d1/c17f4c2efd1adbaf4a8986192359efaba5e0.udd" 4320
"C:/PG/TGS_TeamK/Content/ParagonWraith/Characters/Heroes/Wraith/Textures/T_Wraith_LowerBody_Mask.uasset" 4321
"C:/Users/kbc12306156/AppData/Local/UnrealEngine/Common/DerivedDataCache/Buckets/BulkDataList/aa/02/11cfe510edcc53c7a24ffbd02ce673f97752.udd" 4322
"C:/PG/TGS_TeamK/Content/ParagonWraith/Characters/Heroes/Wraith/Textures/T_Wraith_LowerBody_Mask2.uasset" 4323
"C:/Users/kbc12306156/AppData/Local/UnrealEngine/Common/DerivedDataCache/Buckets/BulkDataList/f0/de/90cae3be42595bcb4862d72bccd4fce6452f.udd" 4324
"C:/PG/TGS_TeamK/Content/ParagonWraith/Characters/Heroes/Wraith/Textures/T_Wraith_UpperBody_Mask.uasset" 4325
"C:/Users/kbc12306156/AppData/Local/UnrealEngine/Common/DerivedDataCache/Buckets/BulkDataList/27/a1/572aba9caa5556404ce447bef9b2b6702bd8.udd" 4326
"C:/PG/TGS_TeamK/Content/ParagonWraith/Characters/Heroes/Wraith/Textures/T_Wraith_UpperBody_Mask2.uasset" 4327
"C:/Users/kbc12306156/AppData/Local/UnrealEngine/Common/DerivedDataCache/Buckets/BulkDataList/7a/5c/aef27aa5f85f8f50afd05bb520d65f988b0c.udd" 4328
"C:/PG/TGS_TeamK/Content/ParagonWraith/Characters/Heroes/Wraith/Textures/T_Wraith_Upperbody_RGBA.uasset" 4329
"C:/Users/kbc12306156/AppData/Local/UnrealEngine/Common/DerivedDataCache/Buckets/BulkDataList/54/04/5b51d3033e126dd572b42a1754d4d910a528.udd" 4330
"C:/PG/TGS_TeamK/Content/ArrowTrail/Texture/T_White.uasset" 4331
"C:/Users/kbc12306156/AppData/Local/UnrealEngine/Common/DerivedDataCache/Buckets/BulkDataList/99/fa/65ad7b6097fcde067c2c2834b3146219742c.udd" 4332
"C:/PG/TGS_TeamK/Content/ArrowTrail/Material/MF_Function/MF_Texcoord.uasset" 4333
"C:/Users/kbc12306156/AppData/Local/UnrealEngine/Common/DerivedDataCache/Buckets/BulkDataList/38/bc/60983f1f98120a40622145da3562ec7b6523.udd" 4334
"C:/PG/TGS_TeamK/Content/ArrowTrail/Texture/T_Noise_01.uasset" 4335
"C:/Users/kbc12306156/AppData/Local/UnrealEngine/Common/DerivedDataCache/Buckets/BulkDataList/bc/7e/a84dc3b245803783997a65773370756e5e70.udd" 4336
"C:/PG/TGS_TeamK/Content/ArrowTrail/Texture/T_Noise_03.uasset" 4337
"C:/Users/kbc12306156/AppData/Local/UnrealEngine/Common/DerivedDataCache/Buckets/BulkDataList/ea/22/d2d2fb0b7edd13449adcd043405cad1b9569.udd" 4338
"C:/PG/TGS_TeamK/Content/ArrowTrail/Texture/T_Normal_Noise.uasset" 4339
"C:/Users/kbc12306156/AppData/Local/UnrealEngine/Common/DerivedDataCache/Buckets/BulkDataList/c5/33/cbc89aceaa5066d7071756a76ccfc63f6d7e.udd" 4340
"C:/PG/TGS_TeamK/Content/ParagonWraith/FX/Materials/MaterialFunctions/MaterialLayerConstructors/MF_BaseColorTintAndContrast.uasset" 4341
"C:/Users/kbc12306156/AppData/Local/UnrealEngine/Common/DerivedDataCache/Buckets/BulkDataList/63/c1/451f50dfc378421f2effffafb97c67124621.udd" 4342
"C:/PG/TGS_TeamK/Content/ParagonWraith/FX/Materials/MaterialFunctions/MaterialLayerConstructors/MF_RoughnessAdjustment.uasset" 4343
"C:/Users/kbc12306156/AppData/Local/UnrealEngine/Common/DerivedDataCache/Buckets/BulkDataList/1a/35/50b2d02a44397202c81ad7bdf6727112217e.udd" 4344
"C:/PG/TGS_TeamK/Content/ParagonWraith/FX/Materials/MaterialFunctions/MF_BrightnessAdjust.uasset" 4345
"C:/Users/kbc12306156/AppData/Local/UnrealEngine/Common/DerivedDataCache/Buckets/BulkDataList/2a/00/63302bbf83fd78b3496bf5a96696f6abfb03.udd" 4346
"C:/PG/TGS_TeamK/Content/ParagonWraith/FX/Materials/MaterialFunctions/MF_Character_MaterialLayerQuality.uasset" 4347
"C:/Users/kbc12306156/AppData/Local/UnrealEngine/Common/DerivedDataCache/Buckets/BulkDataList/90/b5/31b6ab087931ba0ccaf5d7b3cffe4dc64675.udd" 4348
"C:/PG/TGS_TeamK/Content/ParagonWraith/FX/Materials/MaterialFunctions/ParameterCollections/OrionGlobalGameplayCollection.uasset" 4349
"C:/Users/kbc12306156/AppData/Local/UnrealEngine/Common/DerivedDataCache/Buckets/BulkDataList/b0/4c/9a2865cfc02a1ba2c138d9b37720541c2e73.udd" 4350
"C:/PG/TGS_TeamK/Content/ParagonWraith/FX/Textures/Heroes/Wraith/T_Wraith_UpperBody_Mask.uasset" 4351
"C:/Users/kbc12306156/AppData/Local/UnrealEngine/Common/DerivedDataCache/Buckets/BulkDataList/cf/7a/0e5e4c1fe09833b87d5e01785cc4dba73670.udd" 4352
"C:/PG/TGS_TeamK/Content/ParagonWraith/FX/Textures/Heroes/Wraith/T_Wraith_UpperBody_Mask2.uasset" 4353
"C:/Users/kbc12306156/AppData/Local/UnrealEngine/Common/DerivedDataCache/Buckets/BulkDataList/29/85/3b246a45bfbe00c37f43d18c305a5474d88c.udd" 4354
"C:/PG/TGS_TeamK/Content/ParagonWraith/FX/Textures/Heroes/Wraith/T_Wraith_upperbody_N_DEMO.uasset" 4355
"C:/Users/kbc12306156/AppData/Local/UnrealEngine/Common/DerivedDataCache/Buckets/BulkDataList/d3/ab/4f50a3735f13fcb6c0746cf2690bc639d7bb.udd" 4356
"C:/PG/TGS_TeamK/Content/ParagonWraith/FX/Textures/Heroes/Wraith/T_Wraith_Upperbody_RGBA.uasset" 4357
"C:/Users/kbc12306156/AppData/Local/UnrealEngine/Common/DerivedDataCache/Buckets/BulkDataList/9a/3d/4a16c544c657f1b63449feab9143b1c6518b.udd" 4358
"C:/PG/TGS_TeamK/Content/ArrowTrail/Texture/T_Ice.uasset" 4359
"C:/Users/kbc12306156/AppData/Local/UnrealEngine/Common/DerivedDataCache/Buckets/BulkDataList/2c/57/865b2fce86ab162fa86c1f5031a28e8a1aa7.udd" 4360
"C:/PG/TGS_TeamK/Content/ArrowTrail/Texture/T_FlowLoop.uasset" 4361
"C:/Users/kbc12306156/AppData/Local/UnrealEngine/Common/DerivedDataCache/Buckets/BulkDataList/4a/da/21a055deb31efa93ddbd4d2509d536aefffb.udd" 4362
"../../../Engine/Content/Functions/Engine_MaterialFunctions02/Utility/AppendMany.uasset" 4363
"C:/PG/TGS_TeamK/Content/ParagonIggyScorch/Characters/Heroes/IggyScorch/Textures/T_IggyScorch_Mount_Front_N.uasset" 4364
"C:/Users/kbc12306156/AppData/Local/UnrealEngine/Common/DerivedDataCache/Buckets/BulkDataList/56/d2/99540a8b7a7a040cf2edc6f245139b5996b0.udd" 4365
"C:/PG/TGS_TeamK/Content/ParagonIggyScorch/Characters/Heroes/IggyScorch/Textures/T_IggyScorch_Mount_Front_Skin.uasset" 4366
"C:/Users/kbc12306156/AppData/Local/UnrealEngine/Common/DerivedDataCache/Buckets/BulkDataList/06/b5/8d2a568d5666f5892f1cfe5bbde938348bf9.udd" 4367
"C:/PG/TGS_TeamK/Content/ParagonIggyScorch/Characters/Heroes/IggyScorch/Textures/CS/T_IggyScorch_Mount_Rear_MASK.uasset" 4368
"C:/Users/kbc12306156/AppData/Local/UnrealEngine/Common/DerivedDataCache/Buckets/BulkDataList/06/fa/a637511ca1c8b37575cc38b6ea0da61c3bf2.udd" 4369
"C:/PG/TGS_TeamK/Content/ParagonIggyScorch/Characters/Heroes/IggyScorch/Textures/T_IggyScorch_Mount_Rear_MASK.uasset" 4370
"C:/PG/TGS_TeamK/Content/ParagonIggyScorch/Characters/Heroes/IggyScorch/Textures/T_IggyScorch_Mount_Rear_MASK2.uasset" 4371
"C:/PG/TGS_TeamK/Content/ParagonIggyScorch/Characters/Heroes/IggyScorch/Textures/T_IggyScorch_Mount_Rear_Skin.uasset" 4372
"C:/PG/TGS_TeamK/Content/ParagonIggyScorch/Characters/Heroes/IggyScorch/Materials/SP_IggyScorch_SubsurfaceProfile.uasset" 4373
"C:/PG/TGS_TeamK/Content/ParagonIggyScorch/Characters/Heroes/IggyScorch/Textures/T_IggyScorch_Pilot_Skin.uasset" 4374
"C:/PG/TGS_TeamK/Content/ParagonIggyScorch/Characters/Global/Eyes/Textures/T_Muriel_Corona_D.uasset" 4375
"C:/Users/kbc12306156/AppData/Local/UnrealEngine/Common/DerivedDataCache/Buckets/BulkDataList/79/71/e5c40ef5c13e3689273b9c64e329cb43623c.udd" 4376
"C:/PG/TGS_TeamK/Content/ParagonIggyScorch/Characters/Heroes/IggyScorch/Textures/T_Soft_Noise.uasset" 4377
"C:/Users/kbc12306156/AppData/Local/UnrealEngine/Common/DerivedDataCache/Buckets/BulkDataList/71/b7/7ea9be1ca3c4434c90c6b305a50fd01bf339.udd" 4378
"C:/PG/TGS_TeamK/Content/ParagonWraith/Characters/Global/MaterialLayers/Metal/T_ML_Aluminum01_N.uasset" 4379
"C:/Users/kbc12306156/AppData/Local/UnrealEngine/Common/DerivedDataCache/Buckets/BulkDataList/a9/f7/34f963eddb08fd04e3b18ec8e749630d1f1e.udd" 4380
"C:/PG/TGS_TeamK/Content/ParagonWraith/Characters/Global/MaterialLayers/Painted/T_PaintScratches.uasset" 4381
"C:/Users/kbc12306156/AppData/Local/UnrealEngine/Common/DerivedDataCache/Buckets/BulkDataList/62/97/8bf9478f3f8a8fdf74b5f1e1a86ddfbeb1a8.udd" 4382
"C:/PG/TGS_TeamK/Content/ParagonWraith/Characters/Heroes/Wraith/Textures/T_ElectroHex_Tile.uasset" 4383
"C:/Users/kbc12306156/AppData/Local/UnrealEngine/Common/DerivedDataCache/Buckets/BulkDataList/34/a0/e9d571d50f3a4685f06177510e8a33e82a8e.udd" 4384
"C:/PG/TGS_TeamK/Content/ParagonWraith/FX/Materials/MaterialFunctions/Textures/Noise/T_AtmosphericCloudNoise01.uasset" 4385
"C:/Users/kbc12306156/AppData/Local/UnrealEngine/Common/DerivedDataCache/Buckets/BulkDataList/21/61/5413dff984c39ad0dd667f1b17c5ca3ff209.udd" 4386
"C:/PG/TGS_TeamK/Content/ParagonWraith/FX/Materials/MaterialFunctions/Textures/Noise/T_AtmosphericCloudNoise01_N.uasset" 4387
"C:/PG/TGS_TeamK/Content/ParagonWraith/FX/Materials/MaterialFunctions/Textures/Noise/T_AtmosphericCloudNoise03.uasset" 4388
"C:/Users/kbc12306156/AppData/Local/UnrealEngine/Common/DerivedDataCache/Buckets/BulkDataList/44/f7/91c5ff130051fa42900b3614c5a4ad517bc2.udd" 4389
"C:/PG/TGS_TeamK/Content/ParagonWraith/FX/Materials/MaterialFunctions/Textures/T_Black_Linear.uasset" 4390
"C:/Users/kbc12306156/AppData/Local/UnrealEngine/Common/DerivedDataCache/Buckets/BulkDataList/c6/9e/ada579c0a0e12e5e9d1bd047b2eafdc0c62a.udd" 4391
"C:/PG/TGS_TeamK/Content/ParagonWraith/FX/Materials/MaterialLayers/Metal/T_Blue_Metal02.uasset" 4392
"C:/Users/kbc12306156/AppData/Local/UnrealEngine/Common/DerivedDataCache/Buckets/BulkDataList/19/61/5e95a560532e32eea24a656914d245be5ba5.udd" 4393
"C:/PG/TGS_TeamK/Content/ParagonWraith/FX/Materials/MaterialLayers/Rubber/T_Blank_N.uasset" 4394
"C:/Users/kbc12306156/AppData/Local/UnrealEngine/Common/DerivedDataCache/Buckets/BulkDataList/af/57/60e28714afbcc7163718a5cf5651c5860453.udd" 4395
"C:/PG/TGS_TeamK/Content/ParagonWraith/FX/Materials/MaterialLayers/Metal/T_Metal_Scratched_Circular_01_COLOR.uasset" 4396
"C:/Users/kbc12306156/AppData/Local/UnrealEngine/Common/DerivedDataCache/Buckets/BulkDataList/fa/0c/6f3b0d6a1f11a073e2b7fd43ff0f50490331.udd" 4397
"C:/PG/TGS_TeamK/Content/ParagonWraith/FX/Materials/MaterialLayers/Metal/T_Metal_Scratched_Circular_01_N.uasset" 4398
"C:/Users/kbc12306156/AppData/Local/UnrealEngine/Common/DerivedDataCache/Buckets/BulkDataList/76/dd/c740a601098d8be3ee6d3f27aca7de0e71ec.udd" 4399
"C:/PG/TGS_TeamK/Content/ParagonWraith/FX/Materials/MaterialLayers/Metal/T_ScratchMask.uasset" 4400
"C:/PG/TGS_TeamK/Content/ParagonWraith/FX/Textures/Tile/Noise/T_Noise_Rough_Dark_Big.uasset" 4401
"C:/Users/kbc12306156/AppData/Local/UnrealEngine/Common/DerivedDataCache/Buckets/BulkDataList/50/cf/e87b01f46c0405d6ac72bb9a269526c3dc2a.udd" 4402
"C:/PG/TGS_TeamK/Content/ParagonWraith/FX/Materials/MaterialLayers/Metal/T_ML_Aluminum01_N.uasset" 4403
"C:/Users/kbc12306156/AppData/Local/UnrealEngine/Common/DerivedDataCache/Buckets/BulkDataList/a7/26/bbf5670b9f21f359b3c5a7995ec6aeabcd06.udd" 4404
"C:/PG/TGS_TeamK/Content/ParagonWraith/FX/Materials/MaterialLayers/T_TestML_Mask.uasset" 4405
"C:/Users/kbc12306156/AppData/Local/UnrealEngine/Common/DerivedDataCache/Buckets/BulkDataList/1f/5c/fda2a28802587de911175974f0ace8047e29.udd" 4406
"C:/PG/TGS_TeamK/Content/ParagonWraith/FX/Materials/MaterialLayers/Painted/T_PaintScratches.uasset" 4407
"C:/Users/kbc12306156/AppData/Local/UnrealEngine/Common/DerivedDataCache/Buckets/BulkDataList/c9/cd/5d15b6faec48c07ae54c7b17e2aab597e68b.udd" 4408
"C:/PG/TGS_TeamK/Content/ParagonWraith/FX/Textures/Heroes/Wraith/T_ElectroHex_Tile.uasset" 4409
"C:/Users/kbc12306156/AppData/Local/UnrealEngine/Common/DerivedDataCache/Buckets/BulkDataList/57/05/4f9ede01daa3b394a12f06ab42cea4c93601.udd" 4410
"C:/PG/TGS_TeamK/Content/ParagonIggyScorch/Characters/Global/MaterialLayers/Fabric/T_ML_Fabric_Blue_Medium_N.uasset" 4411
"C:/Users/kbc12306156/AppData/Local/UnrealEngine/Common/DerivedDataCache/Buckets/BulkDataList/c0/2b/e76d8121102909866a0d612e01516b9d2cd6.udd" 4412
"C:/PG/TGS_TeamK/Content/ParagonIggyScorch/Characters/Global/MaterialLayers/Fabric/T_ML_SmoothTech_01_D.uasset" 4413
"C:/Users/kbc12306156/AppData/Local/UnrealEngine/Common/DerivedDataCache/Buckets/BulkDataList/d5/b8/6786e02045a0b9d8de0be214993ca413ac54.udd" 4414
"C:/PG/TGS_TeamK/Content/ParagonIggyScorch/Characters/Global/MaterialLayers/Fabric/T_noisemask.uasset" 4415
"C:/Users/kbc12306156/AppData/Local/UnrealEngine/Common/DerivedDataCache/Buckets/BulkDataList/f4/df/657a870f9e24cac792be8ea95fa7f0aa2c40.udd" 4416
"C:/PG/TGS_TeamK/Content/ParagonIggyScorch/Characters/Global/MaterialLayers/Fabric/T_Whool01_D2.uasset" 4417
"C:/Users/kbc12306156/AppData/Local/UnrealEngine/Common/DerivedDataCache/Buckets/BulkDataList/45/ff/5f94a15cf4f5ece8d0f5b591f4f75ae57ea3.udd" 4418
"C:/PG/TGS_TeamK/Content/ParagonIggyScorch/Characters/Global/MaterialLayers/Metal/T_Dark_Metal_D_2.uasset" 4419
"C:/Users/kbc12306156/AppData/Local/UnrealEngine/Common/DerivedDataCache/Buckets/BulkDataList/6f/a7/8f83be760b144d7d21a78fcf7c55b37fe2a3.udd" 4420
"C:/PG/TGS_TeamK/Content/ParagonIggyScorch/Characters/Global/MaterialLayers/Wood/T_Wood01_D.uasset" 4421
"C:/Users/kbc12306156/AppData/Local/UnrealEngine/Common/DerivedDataCache/Buckets/BulkDataList/9c/c1/6b61bb4f3e8333c43d9e19fdb50dd05cab14.udd" 4422
"../../../Engine/Content/Functions/Engine_MaterialFunctions02/WorldPositionOffset/V2/ObjectScale.uasset" 4423
"C:/Users/kbc12306156/AppData/Local/UnrealEngine/Common/DerivedDataCache/Buckets/BulkDataList/03/5b/008560f687e144dbaaa14db7a333336c6980.udd" 4424
"C:/PG/TGS_TeamK/Content/ParagonIggyScorch/Characters/Heroes/IggyScorch/Materials/M_IggyScorch_Goggles_Glass.uasset" 4425
"C:/Users/kbc12306156/AppData/Local/UnrealEngine/Common/DerivedDataCache/Buckets/BulkDataList/e5/78/b11ce0ee445500f843b995379f7358ebe120.udd" 4426
"../../../Engine/Content/Functions/Engine_MaterialFunctions02/Math/CreateThirdOrthogonalVector.uasset" 4427
"C:/Users/kbc12306156/AppData/Local/UnrealEngine/Common/DerivedDataCache/Buckets/BulkDataList/3d/4d/071c9381853fad717fe1c1f798096ef8f179.udd" 4428
"C:/PG/TGS_TeamK/Content/EPMasterMaterials/Materials/Masters/Functions/Normal/MF_EP_NormalOptimization.uasset" 4429
"C:/Users/kbc12306156/AppData/Local/UnrealEngine/Common/DerivedDataCache/Buckets/BulkDataList/87/73/cc343529fd13f54d2e835543cb0757ee52c1.udd" 4430
"../../../Engine/Content/Functions/Engine_MaterialFunctions02/Math/Transform3x3Matrix.uasset" 4431
"C:/Users/kbc12306156/AppData/Local/UnrealEngine/Common/DerivedDataCache/Buckets/BulkDataList/50/64/d03e6184554ddaa49b23d5cedae942981e68.udd" 4432
"C:/PG/TGS_TeamK/Content/ParagonIggyScorch/FX/Materials/MaterialFunctions/MF_CrossTalkNextChannel.uasset" 4433
"C:/Users/kbc12306156/AppData/Local/UnrealEngine/Common/DerivedDataCache/Buckets/BulkDataList/81/8f/712d0d76b6d0ed6ac03799da329a0b3d8c20.udd" 4434
"C:/PG/TGS_TeamK/Content/EPMasterMaterials/Materials/Masters/Functions/Normal/MF_EP_NormalBlends.uasset" 4435
"C:/Users/kbc12306156/AppData/Local/UnrealEngine/Common/DerivedDataCache/Buckets/BulkDataList/94/3f/375c7a055418df2665de38b58da345240bc7.udd" 4436
"C:/PG/TGS_TeamK/Content/EPMasterMaterials/Materials/Masters/Functions/UV/MF_EP_TriplanarMapping.uasset" 4437
"C:/Users/kbc12306156/AppData/Local/UnrealEngine/Common/DerivedDataCache/Buckets/BulkDataList/db/d3/fba69d63ec834c129c4f9c1f9b8adbb3ec20.udd" 4438
"../../../Engine/Content/Functions/Engine_MaterialFunctions01/Texturing/ScaleUVsByCenter.uasset" 4439
"C:/Users/kbc12306156/AppData/Local/UnrealEngine/Common/DerivedDataCache/Buckets/BulkDataList/88/08/ecf69439891345c7bcf12ffd47ff30c9884a.udd" 4440
"C:/Users/kbc12306156/AppData/Local/UnrealEngine/Common/DerivedDataCache/Buckets/BulkDataList/82/84/64652cd15993ad0fbc2e9919ed8203c75891.udd" 4441
"../../../Engine/Plugins/Interchange/Runtime/Content/gltf/MaterialFunctions/MF_TransformUVs.uasset" 4442
"C:/Users/kbc12306156/AppData/Local/UnrealEngine/Common/DerivedDataCache/Buckets/BulkDataList/82/04/26f15616492c1854c0327cedf5152e0083bb.udd" 4443
"../../../Engine/Content/EngineMaterials/PPM_DefaultCalibrationGrayscale.uasset" 4444
"C:/Users/kbc12306156/AppData/Local/UnrealEngine/Common/DerivedDataCache/Buckets/BulkDataList/83/33/f297777adcfd91c3a34930f18dbcdd450c40.udd" 4445
"../../../Engine/Content/EngineMaterials/PPM_DefaultCalibrationColor.uasset" 4446
"C:/Users/kbc12306156/AppData/Local/UnrealEngine/Common/DerivedDataCache/Buckets/BulkDataList/3e/c3/1bed51fbd19e323d191523387aff010e1d4d.udd" 4447
"../../../Engine/Content/MobileResources/HUD/DefaultVirtualJoysticks.uasset" 4448
"C:/Users/kbc12306156/AppData/Local/UnrealEngine/Common/DerivedDataCache/Buckets/BulkDataList/cd/f9/687611db9ec18f2c9a5150089815078ef825.udd" 4449
"../../../Engine/Content/EditorMaterials/PreviewShadowIndicatorMaterial.uasset" 4450
"C:/Users/kbc12306156/AppData/Local/UnrealEngine/Common/DerivedDataCache/Buckets/BulkDataList/9e/68/82e5b070403a4f020334e4106227f3848777.udd" 4451
"../../../Engine/Plugins/Importers/USDImporter/Content/Materials/WorldSpaceNormalsToTangentSpace.uasset" 4452
"../../../Engine/Plugins/Importers/USDImporter/Content/Materials/DisplayColorAndOpacity.uasset" 4453
"../../../Engine/Plugins/Importers/USDImporter/Content/Materials/DisplayColor.uasset" 4454
"../../../Engine/Plugins/Interchange/Runtime/Content/Materials/PhongSurfaceMaterial.uasset" 4455
"../../../Engine/Plugins/Interchange/Runtime/Content/Materials/CommonMaterial.uasset" 4456
"C:/Users/kbc12306156/AppData/Local/UnrealEngine/Common/DerivedDataCache/Buckets/MaterialShaderMap/13/8c/5921d88bfbabcc5eae9834ffb3ef1f2c0f9b.udd" 4457
"C:/Users/kbc12306156/AppData/Local/UnrealEngine/Common/DerivedDataCache/Buckets/MaterialShaderMap/f8/fa/2d54b63247feb87edca65443c377a198f8fc.udd" 4458
"C:/Users/kbc12306156/AppData/Local/UnrealEngine/Common/DerivedDataCache/Buckets/MaterialShaderMap/3e/6f/1f0ffeab87548455550046889c14125f3ea0.udd" 4459
"C:/Users/kbc12306156/AppData/Local/UnrealEngine/Common/DerivedDataCache/Buckets/MaterialShaderMap/94/82/1f210d5209efea270c7e82bd7968a41c622c.udd" 4460
"C:/Users/kbc12306156/AppData/Local/UnrealEngine/Common/DerivedDataCache/Buckets/MaterialShaderMap/97/29/27d2b3b5408f2ef0ba3571d0ea16d60a0a0f.udd" 4461
"C:/Users/kbc12306156/AppData/Local/UnrealEngine/Common/DerivedDataCache/Buckets/MaterialShaderMap/b2/68/247ca3a1ee7b74ab9e7057a189816732af89.udd" 4462
"C:/Users/kbc12306156/AppData/Local/UnrealEngine/Common/DerivedDataCache/Buckets/MaterialShaderMap/aa/da/0e29223a7017fa42132349d5a9edb0710202.udd" 4463
"C:/Users/kbc12306156/AppData/Local/UnrealEngine/Common/DerivedDataCache/Buckets/MaterialShaderMap/7c/7b/76693f696a58225e17982e687bab8a43d086.udd" 4464
"C:/Users/kbc12306156/AppData/Local/UnrealEngine/Common/DerivedDataCache/Buckets/MaterialShaderMap/f3/3e/ff792dddb08bf4920552afec6dbe4cca102e.udd" 4465
"C:/Users/kbc12306156/AppData/Local/UnrealEngine/Common/DerivedDataCache/Buckets/MaterialShaderMap/34/8f/7e77bd2bb35fe67d3f20a6b82f0933ce8078.udd" 4466
"C:/Users/kbc12306156/AppData/Local/UnrealEngine/Common/DerivedDataCache/Buckets/MaterialShaderMap/8c/02/fe339df4e5917713b4995b544935e4507c00.udd" 4467
"C:/Users/kbc12306156/AppData/Local/UnrealEngine/Common/DerivedDataCache/Buckets/MaterialShaderMap/c1/8d/efe8be1ffd1429c27daa437de54282827f67.udd" 4468
"C:/Users/kbc12306156/AppData/Local/UnrealEngine/Common/DerivedDataCache/Buckets/MaterialShaderMap/f3/9f/0b8e4d34e0d52528cce6a4f823bf1c597acb.udd" 4469
"C:/Users/kbc12306156/AppData/Local/UnrealEngine/Common/DerivedDataCache/Buckets/MaterialShaderMap/d7/9a/5cf950efc4da3f25e2bb341d607d23a66061.udd" 4470
"C:/Users/kbc12306156/AppData/Local/UnrealEngine/Common/DerivedDataCache/Buckets/MaterialShaderMap/0a/de/b1e57a9e3a4008898f61d00d827bcc933a27.udd" 4471
"C:/Users/kbc12306156/AppData/Local/UnrealEngine/Common/DerivedDataCache/Buckets/MaterialShaderMap/e4/57/330324b0cafaacaf55fbfecc6e4d04c06fcb.udd" 4472
"C:/Users/kbc12306156/AppData/Local/UnrealEngine/Common/DerivedDataCache/Buckets/MaterialShaderMap/c6/b2/dd13c910a0ff9ba4d283352dc173293a6f58.udd" 4473
"C:/Users/kbc12306156/AppData/Local/UnrealEngine/Common/DerivedDataCache/Buckets/MaterialShaderMap/ab/05/fa4cfaca61451d24f92017a2e85d1c4560e1.udd" 4474
"C:/PG/TGS_TeamK/Content/ParagonWraith/Characters/Global/MaterialFunctions/MaterialLayerConstructors/MLC_Standard.uasset" 4475
"C:/PG/TGS_TeamK/Content/ParagonIggyScorch/Characters/Global/MaterialFunctions/MaterialLayerConstructors/MLC_Standard.uasset" 4476
"C:/PG/TGS_TeamK/Content/ParagonWraith/FX/Materials/MaterialFunctions/MaterialLayerConstructors/MLC_Standard.uasset" 4477
"C:/PG/TGS_TeamK/Content/ParagonWraith/Characters/Global/MaterialLayers/Metal/T_hardmetal2_D.uasset" 4478
"C:/PG/TGS_TeamK/Content/ParagonIggyScorch/Characters/Global/MaterialFunctions/MF_ClothShading.uasset" 4479
"C:/Users/kbc12306156/AppData/Local/UnrealEngine/Common/DerivedDataCache/Buckets/MaterialShaderMap/c6/73/d69b8f00c521b7830a46d7741ce7df2003c1.udd" 4480
"C:/Users/kbc12306156/AppData/Local/UnrealEngine/Common/DerivedDataCache/Buckets/MaterialShaderMap/6f/9e/55b9da8169d2b8654e4cbdff7876002d6253.udd" 4481
"C:/PG/TGS_TeamK/Content/ParagonIggyScorch/Characters/Global/MaterialLayers/Fabric/MF_ClothShading.uasset" 4482
"C:/Users/kbc12306156/AppData/Local/UnrealEngine/Common/DerivedDataCache/Buckets/MaterialShaderMap/1b/3e/ea1906b351505b11aebe9f777ae3e8477bd5.udd" 4483
"C:/Users/kbc12306156/AppData/Local/UnrealEngine/Common/DerivedDataCache/Buckets/MaterialShaderMap/4c/b5/5148ca28c66bb5c5846abf1dc96a14000e41.udd" 4484
"C:/Users/kbc12306156/AppData/Local/UnrealEngine/Common/DerivedDataCache/Buckets/MaterialShaderMap/00/50/3ff43219187d8528a0f2aa63b8e45f5d73d2.udd" 4485
"C:/Users/kbc12306156/AppData/Local/UnrealEngine/Common/DerivedDataCache/Buckets/MaterialShaderMap/8c/d8/e4c752925c334c102c9bf75019d68784174b.udd" 4486
"../../Plugins/Interchange/Runtime/Content/gltf/MaterialFunctions/MF_RotateV2.uasset" 4487
"C:/PG/TGS_TeamK/Content/ParagonWraith/Characters/Global/MaterialLayers/Fabric/MF_ClothShading.uasset" 4488
"C:/PG/TGS_TeamK/Content/ParagonIggyScorch/Characters/Global/MaterialLayers/Metal/T_hardmetal2_D.uasset" 4489
"../../../Engine/Plugins/Interchange/Runtime/Content/gltf/MaterialFunctions/MF_PerceivedBrightness.uasset" 4490
"C:/PG/TGS_TeamK/Content/EPMasterMaterials/Materials/Masters/Functions/UV/MF_EP_UVCoordSwitch.uasset" 4491
"../../../Engine/Plugins/Interchange/Runtime/Content/gltf/MaterialFunctions/MF_Temporal_Blur.uasset" 4492
"../../../Engine/Content/Functions/Engine_MaterialFunctions02/Utility/DitherTemporalAA.uasset" 4493
"C:/PG/TGS_TeamK/Content/EPMasterMaterials/Materials/Masters/Functions/BaseColor/MF_EP_ColorFuzzyShading.uasset" 4494
"../../../Engine/Plugins/Interchange/Runtime/Content/Functions/MF_Iridescence.uasset" 4495
"../../Plugins/Interchange/Runtime/Content/Materials/MapOrColorFunction.uasset" 4496
"../../Plugins/Interchange/Runtime/Content/Materials/MapOrLinearColorFunction.uasset" 4497
"../../Plugins/Interchange/Runtime/Content/Materials/MapOrScalarFunction.uasset" 4498
"C:/PG/TGS_TeamK/Content/UI/WBP_clearUI.uasset" 4499
"C:/PG/TGS_TeamK/Content/UI/WBP_Gameover.uasset" 4500
"C:/PG/TGS_TeamK/Content/Movies/NewMediaPlayer_Video.uasset" 4501
"C:/PG/TGS_TeamK/Content/Low_Poly_Sci-Fi_Corridor/Materials/Emissive/M_Light_Shaft.uasset" 4502
"C:/PG/TGS_TeamK/Content/Low_Poly_Sci-Fi_Corridor/Materials/M_Base.uasset" 4503
"C:/Users/kbc12306156/AppData/Local/UnrealEngine/Common/DerivedDataCache/Buckets/BulkDataList/d7/eb/6350b42936f4b2aae34978c99090a8d1df14.udd" 4504
"../../../Engine/Content/Functions/Engine_MaterialFunctions01/ImageAdjustment/CheapContrast.uasset" 4505
"../../../Engine/Content/Functions/MaterialLayerFunctions/MatLayerBlend_BakedNormal.uasset" 4506
"C:/PG/TGS_TeamK/Content/ParagonWraith/Characters/Global/MaterialFunctions/MaterialLayerConstructors/MLC_ScratchAndGrime.uasset" 4507
"C:/PG/TGS_TeamK/Content/ParagonIggyScorch/Characters/Global/MaterialFunctions/MaterialLayerConstructors/MLC_ScratchAndGrime.uasset" 4508
"C:/Users/kbc12306156/AppData/Local/UnrealEngine/Common/DerivedDataCache/Buckets/BulkDataList/71/08/77e97adff14fe6c588319bae0eca11ea2321.udd" 4509
"C:/PG/TGS_TeamK/Content/ParagonWraith/FX/Materials/MaterialFunctions/MaterialLayerConstructors/MLC_ScratchAndGrime.uasset" 4510
"C:/PG/TGS_TeamK/Content/UI/TitleUI.uasset" 4511
"C:/PG/TGS_TeamK/Content/NewDataTable.uasset" 4512
"../../Plugins/Interchange/Runtime/Content/Utilities/T_Bayer64_Grayscale_64px.uasset" 4513
"C:/PG/TGS_TeamK/Content/Enemy/Blueprints/WBP_Enemy.uasset" 4514
"C:/PG/TGS_TeamK/Content/StarterContent/Materials/M_Metal_Chrome.uasset" 4515
"C:/PG/TGS_TeamK/Content/StarterContent/Materials/M_Metal_Burnished_Steel.uasset" 4516
"../../Plugins/Interchange/Runtime/Content/Utilities/New_LUT.uasset" 4517
"C:/PG/TGS_TeamK/Content/StarterContent/Materials/M_Metal_Steel.uasset" 4518
"../../../../../../PG/TGS_TeamK/Content/gameInstance.uasset" 4519
"../../../../../../PG/TGS_TeamK/Content/UI/WBP_Fade.uasset" 4520
"C:/PG/TGS_TeamK/Content/UI/WBP_Conditions.uasset" 4521
"C:/PG/TGS_TeamK/Content/Enemy/Blueprints/WBP_Damage1.uasset" 4522
"../../../../../../PG/TGS_TeamK/Content/Movies/MP_aaa.uasset" 4523
"C:/PG/TGS_TeamK/Content/ParagonWraith/Characters/Heroes/Wraith/Animations/Jog_Fwd_Stop.uasset" 4524
"../../../../../../PG/TGS_TeamK/Content/Low_Poly_Sci-Fi_Corridor/Textures/T_Light_Shaft.uasset" 4525
"C:/PG/TGS_TeamK/Content/ParagonWraith/Characters/Heroes/Wraith/Animations/Jump_Apex.uasset" 4526
"../../../../../../PG/TGS_TeamK/Content/Low_Poly_Sci-Fi_Corridor/Textures/T_Atlas.uasset" 4527
"../../../../../../PG/TGS_TeamK/Content/Low_Poly_Sci-Fi_Corridor/Textures/T_Atlas_E_01.uasset" 4528
"C:/PG/TGS_TeamK/Content/ParagonWraith/Characters/Heroes/Wraith/Animations/Jump_Land.uasset" 4529
"C:/PG/TGS_TeamK/Content/ParagonWraith/Characters/Heroes/Wraith/Animations/Jump_Recovery_Additive.uasset" 4530
"C:/PG/TGS_TeamK/Content/ParagonWraith/Characters/Heroes/Wraith/Animations/Jump_Start.uasset" 4531
"C:/PG/TGS_TeamK/Content/ParagonWraith/Characters/Heroes/Wraith/Animations/Locomotion_Combat/Idle_Combat.uasset" 4532
"C:/PG/TGS_TeamK/Content/ParagonWraith/Characters/Heroes/Wraith/Animations/Locomotion_Combat/Jog_Fwd_Start_Combat.uasset" 4533
"C:/PG/TGS_TeamK/Content/ParagonWraith/Characters/Heroes/Wraith/Animations/Locomotion_Combat/Jog_Fwd_Stop_Combat.uasset" 4534
"../../../../../../PG/TGS_TeamK/Content/ThirdPerson/Blueprints/BP_Title.uasset" 4535
"../../../../../../PG/TGS_TeamK/Content/SE_BGM/AS_145225_????????????_????.uasset" 4536
"C:/PG/TGS_TeamK/Content/ParagonWraith/Characters/Heroes/Wraith/Animations/Stun_Loop.uasset" 4537
"../../../../../../PG/TGS_TeamK/Content/Movies/MS_attack.uasset" 4538
"../../../../../../PG/TGS_TeamK/Content/Movies/MS_boom.uasset" 4539
"../../../../../../PG/TGS_TeamK/Content/Movies/MS_LVUP.uasset" 4540
"../../../../../../PG/TGS_TeamK/Content/Movies/MS_LVUP_attack.uasset" 4541
"../../../../../../PG/TGS_TeamK/Content/Movies/MS_move.uasset" 4542
"../../../../../../PG/TGS_TeamK/Content/Movies/MS_reda.uasset" 4543
"../../../../../../PG/TGS_TeamK/Content/Movies/MS_timelimit.uasset" 4544
"../../../../../../PG/TGS_TeamK/Content/Movies/MS_timer.uasset" 4545
"../../../../../../PG/TGS_TeamK/Content/Tutorial_test.uasset" 4546
"C:/PG/TGS_TeamK/Content/ParagonWraith/Characters/Heroes/Wraith/Animations/Stun_Start.uasset" 4547
"../../../../../../PG/TGS_TeamK/Content/UI/ChatGPT_Image_2026?6?24?_11_53_02.uasset" 4548
"C:/PG/TGS_TeamK/Content/ParagonWraith/Characters/Heroes/Wraith/Animations/Recall.uasset" 4549
"../../../../../../PG/TGS_TeamK/Content/StarterContent/Textures/T_MacroVariation.uasset" 4550
"C:/PG/TGS_TeamK/Content/ParagonWraith/Characters/Heroes/Wraith/Animations/Recall_Revers.uasset" 4551
"../../../../../../PG/TGS_TeamK/Content/StarterContent/Textures/T_Metal_Aluminum_D.uasset" 4552
"../../../../../../PG/TGS_TeamK/Content/StarterContent/Textures/T_Metal_Gold_N.uasset" 4553
"C:/PG/TGS_TeamK/Content/ParagonWraith/Characters/Heroes/Wraith/Animations/Idle_NonCombat.uasset" 4554
"../../../../../../PG/TGS_TeamK/Content/StarterContent/Textures/T_Metal_Steel_D.uasset" 4555
"../../../../../../PG/TGS_TeamK/Content/StarterContent/Textures/T_Metal_Steel_N.uasset" 4556
"C:/PG/TGS_TeamK/Content/ParagonWraith/Characters/Heroes/Wraith/Animations/Locomotion_Combat/Jog_Bwd_Combat.uasset" 4557
"../../../../../../PG/TGS_TeamK/Content/UI/ChatGPT_Image_2026?6?24?_11_27_27.uasset" 4558
"C:/PG/TGS_TeamK/Content/ParagonWraith/Characters/Heroes/Wraith/Animations/Locomotion_Combat/Jog_Fwd_Combat.uasset" 4559
"../../../../../../PG/TGS_TeamK/Content/Enemy/Blueprints/??????.uasset" 4560
"C:/PG/TGS_TeamK/Content/ParagonWraith/Characters/Heroes/Wraith/Animations/Locomotion_Combat/Jog_Left_Combat.uasset" 4561
"../../../../../../PG/TGS_TeamK/Content/ParagonWraith/Characters/Heroes/Wraith/Meshes/Wraith_Skeleton.uasset" 4562
"C:/Users/kbc12306156/AppData/Local/UnrealEngine/Common/DerivedDataCache/Buckets/LegacyAnimSeq/0a/3b/9cda569a96670125a82b9ada2f11f0eac116.udd" 4563
"C:/PG/TGS_TeamK/Content/ParagonWraith/Characters/Heroes/Wraith/Animations/Locomotion_Combat/Jog_Right_Combat.uasset" 4564
"C:/Users/kbc12306156/AppData/Local/UnrealEngine/Common/DerivedDataCache/Buckets/LegacyAnimSeq/d6/6e/7be9cf572c5c86ac61b106095334d34f96fa.udd" 4565
"C:/PG/TGS_TeamK/Content/ParagonWraith/Characters/Heroes/Wraith/Animations/Level_Start.uasset" 4566
"C:/PG/TGS_TeamK/Content/ParagonWraith/Characters/Heroes/Wraith/Animations/Locomotion_Combat/AO/Idle_AO_CC_Combat.uasset" 4567
"C:/Users/kbc12306156/AppData/Local/UnrealEngine/Common/DerivedDataCache/Buckets/LegacyAnimSeq/48/1e/b168173eb8be3cc85883781090b9d2fac838.udd" 4568
"C:/PG/TGS_TeamK/Content/ParagonWraith/Characters/Heroes/Wraith/Animations/Death_Forward.uasset" 4569
"C:/PG/TGS_TeamK/Content/ParagonWraith/Characters/Heroes/Wraith/Animations/Fire_A_Slow.uasset" 4570
"C:/Users/kbc12306156/AppData/Local/UnrealEngine/Common/DerivedDataCache/Buckets/LegacyAnimSeq/c7/d1/19c144469df693f42b57db5655d72f5afc17.udd" 4571
"C:/PG/TGS_TeamK/Content/ThirdPerson/Input/IMC_Default.uasset" 4572
"C:/Users/kbc12306156/AppData/Local/UnrealEngine/Common/DerivedDataCache/Buckets/LegacyAnimSeq/24/f7/9c47d8f0648a4dfb242b291545c9f5d08487.udd" 4573
"../../../Engine/Content/EngineSky/M_Sky_Panning_Clouds2.uasset" 4574
"C:/Users/kbc12306156/AppData/Local/UnrealEngine/Common/DerivedDataCache/Buckets/LegacyAnimSeq/7f/6a/9407c72f183223461e7fea60d4171f222f3f.udd" 4575
"../../../Engine/Content/Functions/Engine_MaterialFunctions01/ImageAdjustment/CheapContrast_RGB.uasset" 4576
"C:/Users/kbc12306156/AppData/Local/UnrealEngine/Common/DerivedDataCache/Buckets/LegacyAnimSeq/fa/34/082f7fc3a88e823ea9acd89890278994640b.udd" 4577
"C:/PG/TGS_TeamK/Content/EPMasterMaterials/Materials/Masters/Functions/Generic/MF_EP_ModifyMask.uasset" 4578
"C:/PG/TGS_TeamK/Content/EPMasterMaterials/Materials/Masters/Functions/BaseColor/MF_EP_ColorBlendAlbedo.uasset" 4579
"C:/Users/kbc12306156/AppData/Local/UnrealEngine/Common/DerivedDataCache/Buckets/LegacyAnimSeq/f5/dc/71d335830ab4849f1be7d5de4b073a882d66.udd" 4580
"C:/PG/TGS_TeamK/Content/Low_Poly_Sci-Fi_Corridor/Materials/Emissive/MI_Emission_Yellow.uasset" 4581
"C:/PG/TGS_TeamK/Content/Low_Poly_Sci-Fi_Corridor/Particles/Materials/M_Beam.uasset" 4582
"C:/Users/kbc12306156/AppData/Local/UnrealEngine/Common/DerivedDataCache/Buckets/LegacyAnimSeq/f5/f3/9c69eeaa14fd831a959dd17735ec7e355d03.udd" 4583
"C:/PG/TGS_TeamK/Content/ParagonWraith/Characters/Global/MaterialFunctions/MF_OrionCharacterAO.uasset" 4584
"C:/Users/kbc12306156/AppData/Local/UnrealEngine/Common/DerivedDataCache/Buckets/LegacyAnimSeq/6b/72/939abda6e5200620cbbc27cb8f80d1c6286b.udd" 4585
"C:/PG/TGS_TeamK/Content/ParagonWraith/Characters/Global/MaterialLayers/Metal/T_Primer_Black_Metal2.uasset" 4586
"C:/Users/kbc12306156/AppData/Local/UnrealEngine/Common/DerivedDataCache/Buckets/LegacyAnimSeq/a2/b7/575bbb4bfa500cb59fd031bd147de9440f13.udd" 4587
"C:/PG/TGS_TeamK/Content/ParagonWraith/Characters/Global/MaterialLayers/ML__Blank.uasset" 4588
"C:/Users/kbc12306156/AppData/Local/UnrealEngine/Common/DerivedDataCache/Buckets/LegacyAnimSeq/ef/44/8042b04ea06b07858546dac55c7e63fc1da6.udd" 4589
"C:/PG/TGS_TeamK/Content/ParagonWraith/Characters/Global/MaterialLayers/Synthetics/T_Rough_Plastic_D.uasset" 4590
"C:/Users/kbc12306156/AppData/Local/UnrealEngine/Common/DerivedDataCache/Buckets/LegacyAnimSeq/c3/6f/dadabad2ebea1944dbbe5baff67f3b7a8cde.udd" 4591
"C:/PG/TGS_TeamK/Content/ParagonWraith/Characters/Heroes/Wraith/Materials/MLayer/ML_Wraithlatex.uasset" 4592
"C:/Users/kbc12306156/AppData/Local/UnrealEngine/Common/DerivedDataCache/Buckets/LegacyAnimSeq/13/7d/361f9eefc4f57d5719829ac5a4c3885bf36a.udd" 4593
"C:/PG/TGS_TeamK/Content/ParagonIggyScorch/Characters/Heroes/IggyScorch/Animations/Death_Back.uasset" 4594
"C:/Users/kbc12306156/AppData/Local/UnrealEngine/Common/DerivedDataCache/Buckets/LegacyAnimSeq/2c/52/2143dd2c8c44338fd431ed27f1cd78c354f0.udd" 4595
"C:/PG/TGS_TeamK/Content/ParagonIggyScorch/Characters/Heroes/IggyScorch/Animations/SelectScreen_Start.uasset" 4596
"C:/Users/kbc12306156/AppData/Local/UnrealEngine/Common/DerivedDataCache/Buckets/LegacyAnimSeq/ad/3e/c0c9c8e05e10279e34a5504a3f062e0e957e.udd" 4597
"C:/PG/TGS_TeamK/Content/ParagonIggyScorch/Characters/Heroes/IggyScorch/Animations/Idle_Relaxed_B_HS.uasset" 4598
"C:/Users/kbc12306156/AppData/Local/UnrealEngine/Common/DerivedDataCache/Buckets/LegacyAnimSeq/e3/24/6360e94fcffa15bcc012462f89d566c9cb45.udd" 4599
"C:/PG/TGS_TeamK/Content/ParagonIggyScorch/Characters/Heroes/IggyScorch/Animations/Jump_Apex.uasset" 4600
"../../../../../../PG/TGS_TeamK/Content/ThirdPerson/Input/Actions/IA_Attack.uasset" 4601
"../../../../../../PG/TGS_TeamK/Content/ThirdPerson/Input/Actions/IA_Bomb.uasset" 4602
"../../../../../../PG/TGS_TeamK/Content/ThirdPerson/Input/Actions/IA_Jump.uasset" 4603
"../../../../../../PG/TGS_TeamK/Content/ThirdPerson/Input/Actions/IA_Look.uasset" 4604
"../../../../../../PG/TGS_TeamK/Content/ThirdPerson/Input/Actions/IA_Move.uasset" 4605
"C:/PG/TGS_TeamK/Content/ParagonIggyScorch/Characters/Heroes/IggyScorch/Animations/Jump_PreLand.uasset" 4606
"C:/PG/TGS_TeamK/Content/ParagonIggyScorch/Characters/Heroes/IggyScorch/Animations/Jump_Recovery_Additive.uasset" 4607
"C:/PG/TGS_TeamK/Content/ParagonIggyScorch/Characters/Heroes/IggyScorch/Animations/Jump_Start.uasset" 4608
"../../../../../../PG/TGS_TeamK/Content/EPMasterMaterials/Textures/Utilities/EyePerfection01a_Pack.uasset" 4609
"C:/PG/TGS_TeamK/Content/ParagonIggyScorch/Characters/Heroes/IggyScorch/Animations/AimOffset/Iggy_Scorch_AO_CC.uasset" 4610
"C:/PG/TGS_TeamK/Content/ParagonIggyScorch/Characters/Heroes/IggyScorch/Animations/AimOffset/IggyScorch_AO_CC.uasset" 4611
"../../../../../../PG/TGS_TeamK/Content/Low_Poly_Sci-Fi_Corridor/Materials/Emissive/M_Emission.uasset" 4612
"C:/PG/TGS_TeamK/Content/ParagonIggyScorch/Characters/Heroes/IggyScorch/Animations/IggyScorch_Idle_HS.uasset" 4613
"../../../../../../PG/TGS_TeamK/Content/Low_Poly_Sci-Fi_Corridor/Particles/Textures/T_Beam.uasset" 4614
"C:/PG/TGS_TeamK/Content/ParagonIggyScorch/Characters/Heroes/IggyScorch/Animations/Jog_Fwd.uasset" 4615
"../../../../../../PG/TGS_TeamK/Content/ParagonWraith/Characters/Global/T_Black_Linear.uasset" 4616
"C:/PG/TGS_TeamK/Content/ParagonIggyScorch/Characters/Heroes/IggyScorch/Animations/Jog_Fwd_CircleLeft.uasset" 4617
"../../../../../../PG/TGS_TeamK/Content/ParagonWraith/Characters/Global/MaterialLayers/Metal/T_Rough_Metal_N.uasset" 4618
"C:/Users/kbc12306156/AppData/Local/UnrealEngine/Common/DerivedDataCache/Buckets/BulkDataList/fd/5c/7ac14a8a2aea41971f74bd16cca5becd21ac.udd" 4619
"C:/PG/TGS_TeamK/Content/ParagonIggyScorch/Characters/Heroes/IggyScorch/Animations/Jog_Fwd_CircleRight.uasset" 4620
"../../../../../../PG/TGS_TeamK/Content/ParagonWraith/Characters/Global/MaterialLayers/T_TestML_Mask.uasset" 4621
"C:/PG/TGS_TeamK/Content/ParagonIggyScorch/Characters/Heroes/IggyScorch/Animations/LevelStart.uasset" 4622
"../../../../../../PG/TGS_TeamK/Content/ParagonWraith/Characters/Global/MaterialLayers/Synthetics/T_Rough_Plastic_N.uasset" 4623
"C:/Users/kbc12306156/AppData/Local/UnrealEngine/Common/DerivedDataCache/Buckets/BulkDataList/0d/bb/2044dde89ac5aa6ffe83eaa42a6631a0bae3.udd" 4624
"C:/PG/TGS_TeamK/Content/ParagonIggyScorch/Characters/Heroes/IggyScorch/Animations/Primary_Med_Fire.uasset" 4625
"../../../../../../PG/TGS_TeamK/Content/ParagonWraith/Characters/Global/MaterialLayers/Rubber/T_ML_FineRubber_N.uasset" 4626
"../../../../../../PG/TGS_TeamK/Content/ParagonWraith/Characters/Heroes/Wraith/Materials/MLayer/T_TireRubber_R.uasset" 4627
"../../../../../../PG/TGS_TeamK/Content/ParagonWraith/Characters/Heroes/Wraith/Textures/T_Wraith_BackPackbody_RGBA.uasset" 4628
"C:/PG/TGS_TeamK/Content/Enemy/Blueprints/BP_enemy_bom.uasset" 4629
"../../../../../../PG/TGS_TeamK/Content/ParagonIggyScorch/Characters/Heroes/IggyScorch/Meshes/IggyScorch_Skeleton.uasset" 4630
"C:/Users/kbc12306156/AppData/Local/UnrealEngine/Common/DerivedDataCache/Buckets/LegacyAnimSeq/1a/bc/88171a0d4079da48b1b9ace1616f749268eb.udd" 4631
"C:/PG/TGS_TeamK/Content/StarterContent/Particles/Materials/M_Burst.uasset" 4632
"C:/PG/TGS_TeamK/Content/RSG_UnderWater_Pack/FPS/Animations/Mech/A_FPS_Mech_Death_01.uasset" 4633
"C:/Users/kbc12306156/AppData/Local/UnrealEngine/Common/DerivedDataCache/Buckets/LegacyAnimSeq/98/31/6b9bccb92a019641b45db218eece423aa3cb.udd" 4634
"C:/PG/TGS_TeamK/Content/RSG_UnderWater_Pack/FPS/Animations/Mech/A_FPS_Mech_Landing_01.uasset" 4635
"C:/Users/kbc12306156/AppData/Local/UnrealEngine/Common/DerivedDataCache/Buckets/LegacyAnimSeq/b8/42/2a5184eed0c7c4e8756fc18d99b8cb1e5458.udd" 4636
"C:/PG/TGS_TeamK/Content/RSG_UnderWater_Pack/FPS/Animations/Mech/A_FPS_Mech_WalkForward_01.uasset" 4637
"C:/Users/kbc12306156/AppData/Local/UnrealEngine/Common/DerivedDataCache/Buckets/LegacyAnimSeq/ff/13/f7efb1d045e115fbb4fe00b797b74ae2e3bf.udd" 4638
"C:/PG/TGS_TeamK/Content/Free_Spells/Materials/M_Free_Spells_Ray.uasset" 4639
"C:/Users/kbc12306156/AppData/Local/UnrealEngine/Common/DerivedDataCache/Buckets/LegacyAnimSeq/33/36/e19288038a79d10e5422201ae49b9ba7407d.udd" 4640
"C:/PG/TGS_TeamK/Content/ParagonIggyScorch/FX/Materials/Fire/JetFlames/M_IggyScorch_Back_Flames.uasset" 4641
"C:/Users/kbc12306156/AppData/Local/UnrealEngine/Common/DerivedDataCache/Buckets/LegacyAnimSeq/2e/f6/58688772792548b891ae4372c28287b533c1.udd" 4642
"C:/PG/TGS_TeamK/Content/StarterContent/Shapes/Shape_Torus.uasset" 4643
"C:/Users/kbc12306156/AppData/Local/UnrealEngine/Common/DerivedDataCache/Buckets/LegacyAnimSeq/e8/5e/dd4467b438ff1655f15579fc7a4d4a3f1975.udd" 4644
"C:/PG/TGS_TeamK/Content/StarterContent/Shapes/Shape_Cylinder.uasset" 4645
"C:/Users/kbc12306156/AppData/Local/UnrealEngine/Common/DerivedDataCache/Buckets/LegacyAnimSeq/4f/47/670ef6cc42cdfdbfc7c086de91cb5f937194.udd" 4646
"C:/PG/TGS_TeamK/Content/ParagonWraith/Characters/Global/MaterialLayers/Painted/T_Cream_Paint_D.uasset" 4647
"C:/Users/kbc12306156/AppData/Local/UnrealEngine/Common/DerivedDataCache/Buckets/LegacyAnimSeq/c0/94/a1869caacd1fde1a63fc90e53333ecc1bc8c.udd" 4648
"C:/PG/TGS_TeamK/Content/DropShip/R35/R35_Textures/M_R35_AO.uasset" 4649
"C:/Users/kbc12306156/AppData/Local/UnrealEngine/Common/DerivedDataCache/Buckets/LegacyAnimSeq/9c/f1/98a85e8c424cfe3f61055e9e2849b022a45c.udd" 4650
"../../../Engine/Content/Functions/Engine_MaterialFunctions01/Gradient/RadialGradientExponential.uasset" 4651
"../../../Engine/Content/Functions/Engine_MaterialFunctions01/ImageAdjustment/SceneTextureAverage.uasset" 4652
"C:/Users/kbc12306156/AppData/Local/UnrealEngine/Common/DerivedDataCache/Buckets/LegacyAnimSeq/f9/d9/56be3932caff4573b3e481a9b2fb27f5011e.udd" 4653
"C:/PG/TGS_TeamK/Content/ParagonIggyScorch/Characters/Heroes/IggyScorch/Textures/T_IggyScorch_Skin_Elephant_Color.uasset" 4654
"C:/Users/kbc12306156/AppData/Local/UnrealEngine/Common/DerivedDataCache/Buckets/LegacyAnimSeq/d1/ad/a2b490ff2877e4f47377a1ba78747243c3ea.udd" 4655
"C:/PG/TGS_TeamK/Content/ParagonIggyScorch/Characters/Global/MaterialLayers/ML__Blank.uasset" 4656
"C:/Users/kbc12306156/AppData/Local/UnrealEngine/Common/DerivedDataCache/Buckets/LegacyAnimSeq/5b/e0/b37580c32622470da8caa7f9d94e162b5642.udd" 4657
"C:/PG/TGS_TeamK/Content/ParagonIggyScorch/Characters/Heroes/IggyScorch/Materials/ML/ML_IggyScorch_Injector_Glass.uasset" 4658
"../../../../../../PG/TGS_TeamK/Content/Enemy/Blueprints/WBP_Enemy_bom.uasset" 4659
"../../../../../../PG/TGS_TeamK/Content/SE_BGM/AS_1043112_?????????????_001.uasset" 4660
"C:/PG/TGS_TeamK/Content/RSG_UnderWater_Pack/FPS/Materials/Master/M_Master_Opaque.uasset" 4661
"../../../../../../PG/TGS_TeamK/Content/StarterContent/Textures/T_Burst_M.uasset" 4662
"C:/PG/TGS_TeamK/Content/StarterContent/Materials/M_Rock_Sandstone.uasset" 4663
"../../../../../../PG/TGS_TeamK/Content/RSG_UnderWater_Pack/FPS/Models/Mech/SK_FPS_Mech_Skeleton.uasset" 4664
"C:/Users/kbc12306156/AppData/Local/UnrealEngine/Common/DerivedDataCache/Buckets/LegacyAnimSeq/5b/8a/5354e00ca332f448d7547cff2df76e14d782.udd" 4665
"C:/PG/TGS_TeamK/Content/Free_Spells/Materials/M_Free_Spells_Flash.uasset" 4666
"C:/Users/kbc12306156/AppData/Local/UnrealEngine/Common/DerivedDataCache/Buckets/LegacyAnimSeq/f3/d2/55aad900cbc24a5d4fe3567910f816f6e10b.udd" 4667
"C:/PG/TGS_TeamK/Content/ParagonWraith/FX/Materials/Flares/M_Lensflare_TB_SoftGlow.uasset" 4668
"C:/Users/kbc12306156/AppData/Local/UnrealEngine/Common/DerivedDataCache/Buckets/LegacyAnimSeq/9a/dd/552e81ba7396b9bc151538f1dd936ba695ab.udd" 4669
"C:/PG/TGS_TeamK/Content/ParagonWraith/FX/Materials/Flares/M_Lensflare_TB_Soft.uasset" 4670
"../../../../../../PG/TGS_TeamK/Content/Free_Spells/Textures/T_Free_Spells_Noise1.uasset" 4671
"../../../../../../PG/TGS_TeamK/Content/Free_Spells/Textures/T_Free_Spells_Noise2.uasset" 4672
"C:/PG/TGS_TeamK/Content/ParagonWraith/FX/Materials/Heroes/M_Wraith_Halo.uasset" 4673
"../../../../../../PG/TGS_TeamK/Content/ParagonIggyScorch/FX/Materials/Functions/MF_CameraDistanceFade.uasset" 4674
"../../../../../../PG/TGS_TeamK/Content/ParagonIggyScorch/FX/Materials/MaterialFunctions/Textures/Noise/T_Smooth_tile.uasset" 4675
"../../../../../../PG/TGS_TeamK/Content/ParagonIggyScorch/FX/Textures/Tile/Energy/Plasma/T_IggyScorch_Poster_Tendrils_v2_Seamless.uasset" 4676
"../../../Engine/Content/Functions/Engine_MaterialFunctions02/WorldPositionOffset/Sprite.uasset" 4677
"../../../../../../PG/TGS_TeamK/Content/StarterContent/Materials/M_Basic_Wall.uasset" 4678
"C:/Users/kbc12306156/AppData/Local/UnrealEngine/Common/DerivedDataCache/Buckets/StaticMesh/28/86/48cfb30f850ffdaf39c53ddaac2d6b276746.udd" 4679
"C:/Users/kbc12306156/AppData/Local/UnrealEngine/Common/DerivedDataCache/Buckets/LegacyDIST/25/9d/162b30b67b393c832a968f8a54ae5d00e2a7.udd" 4680
"C:/Users/kbc12306156/AppData/Local/UnrealEngine/Common/DerivedDataCache/Buckets/LegacyCARD/49/6a/c7a33dcb996a167601fcaad8b47251f88c65.udd" 4681
"C:/Users/kbc12306156/AppData/Local/UnrealEngine/Common/DerivedDataCache/Buckets/LegacyNavCollision/54/e1/ce023fbc74b41c7e722352ebea81cc9674ba.udd" 4682
"C:/PG/TGS_TeamK/Content/ParagonWraith/FX/Materials/Trails/M_Bullet_Trail.uasset" 4683
"C:/Users/kbc12306156/AppData/Local/UnrealEngine/Common/DerivedDataCache/Buckets/StaticMesh/85/3f/0eb0628a1e4bf7070fda56785fba9f0c64a9.udd" 4684
"C:/Users/kbc12306156/AppData/Local/UnrealEngine/Common/DerivedDataCache/Buckets/LegacyDIST/3a/b9/dafdac151a4590d303ee5ea2b39795290ece.udd" 4685
"C:/Users/kbc12306156/AppData/Local/UnrealEngine/Common/DerivedDataCache/Buckets/LegacyCARD/9c/7b/0fdc534978f89dcaf74446a1f92429e174fe.udd" 4686
"C:/Users/kbc12306156/AppData/Local/UnrealEngine/Common/DerivedDataCache/Buckets/LegacyNavCollision/6d/5e/16aa3a48995b3b1e26d8baa016618d23f6c2.udd" 4687
"C:/PG/TGS_TeamK/Content/Generic_Item_Destruction_FX/Meshes/SM_piece1.uasset" 4688
"../../../../../../PG/TGS_TeamK/Content/ParagonWraith/Characters/Global/MaterialLayers/Painted/T_Cream_Painted_Metal_N.uasset" 4689
"C:/Users/kbc12306156/AppData/Local/UnrealEngine/Common/DerivedDataCache/Buckets/BulkDataList/34/80/ff399723ecdf6a240310efeb9ed2bfb65bb6.udd" 4690
"C:/PG/TGS_TeamK/Content/Generic_Item_Destruction_FX/Meshes/SM_piece2.uasset" 4691
"../../../../../../PG/TGS_TeamK/Content/DropShip/R35/R35_Textures/R35_AO.uasset" 4692
"../../../../../../PG/TGS_TeamK/Content/DropShip/R35/R35_Textures/R35_Camo.uasset" 4693
"../../../../../../PG/TGS_TeamK/Content/DropShip/R35/R35_Textures/R35_emissive.uasset" 4694
"../../../../../../PG/TGS_TeamK/Content/DropShip/R35/R35_Textures/R35_Grey.uasset" 4695
"../../../../../../PG/TGS_TeamK/Content/DropShip/R35/R35_Textures/R35_mask.uasset" 4696
"../../../../../../PG/TGS_TeamK/Content/DropShip/R35/R35_Textures/R35_Metallic.uasset" 4697
"../../../../../../PG/TGS_TeamK/Content/DropShip/R35/R35_Textures/R35_normal.uasset" 4698
"../../../../../../PG/TGS_TeamK/Content/DropShip/R35/R35_Textures/R35_Orange.uasset" 4699
"../../../../../../PG/TGS_TeamK/Content/DropShip/R35/R35_Textures/R35_Roughness.uasset" 4700
"C:/PG/TGS_TeamK/Content/Generic_Item_Destruction_FX/Meshes/SM_piece3.uasset" 4701
"C:/PG/TGS_TeamK/Content/Generic_Item_Destruction_FX/Meshes/SM_piece4.uasset" 4702
"C:/PG/TGS_TeamK/Content/Generic_Item_Destruction_FX/Meshes/SM_piece5.uasset" 4703
"../../../../../../PG/TGS_TeamK/Content/ParagonIggyScorch/Characters/Heroes/IggyScorch/Textures/T_IggyScorch_Skin_Elephant.uasset" 4704
"C:/Users/kbc12306156/AppData/Local/UnrealEngine/Common/DerivedDataCache/Buckets/BulkDataList/e0/21/1847d36ad18110df69b974af0547a944f464.udd" 4705
"C:/PG/TGS_TeamK/Content/ParagonWraith/Characters/Global/MaterialLayers/Metal/ML_AnodizedAluminium.uasset" 4706
"../../../../../../PG/TGS_TeamK/Content/ParagonIggyScorch/Characters/Global/MaterialLayers/T_TestML_Mask.uasset" 4707
"C:/PG/TGS_TeamK/Content/ParagonWraith/Characters/Global/MaterialLayers/Metal/ML_Metal_Scratched_Circular.uasset" 4708
"../../../../../../PG/TGS_TeamK/Content/ParagonIggyScorch/Characters/Global/MaterialFunctions/Textures/Noise/T_AtmosphericCloudNoise01.uasset" 4709
"../../../../../../PG/TGS_TeamK/Content/ParagonIggyScorch/Characters/Global/MaterialLayers/Rock/T_MarbleVein_D.uasset" 4710
"../../../../../../PG/TGS_TeamK/Content/ParagonIggyScorch/Characters/Heroes/IggyScorch/Textures/T_IggyScorch_Bottle_Grad.uasset" 4711
"../../../../../../PG/TGS_TeamK/Content/ParagonIggyScorch/Characters/Heroes/IggyScorch/Textures/T_WaterFoam2_D.uasset" 4712
"C:/PG/TGS_TeamK/Content/ParagonWraith/Characters/Heroes/Wraith/Materials/MLayer/MF_Wraith_Emissive_Fade.uasset" 4713
"../../../../../../PG/TGS_TeamK/Content/RSG_UnderWater_Pack/FPS/Textures/Mech/T_Mech_Bottom/T_Mech_Bottom_B.uasset" 4714
"../../../../../../PG/TGS_TeamK/Content/RSG_UnderWater_Pack/FPS/Textures/Mech/T_Mech_Bottom/T_Mech_Bottom_N.uasset" 4715
"../../../../../../PG/TGS_TeamK/Content/RSG_UnderWater_Pack/FPS/Textures/Mech/T_Mech_Bottom/T_Mech_Bottom_ORM.uasset" 4716
"C:/PG/TGS_TeamK/Content/ParagonIggyScorch/Characters/Global/MaterialFunctions/MF_OrionCharacterAO.uasset" 4717
"../../../../../../PG/TGS_TeamK/Content/StarterContent/Textures/T_Perlin_Noise_M.uasset" 4718
"../../../../../../PG/TGS_TeamK/Content/StarterContent/Textures/T_Rock_Sandstone_D.uasset" 4719
"../../../../../../PG/TGS_TeamK/Content/StarterContent/Textures/T_Rock_Sandstone_N.uasset" 4720
"C:/PG/TGS_TeamK/Content/ParagonIggyScorch/Characters/Global/MaterialLayers/Leather/T_Dark_Leather.uasset" 4721
"../../../../../../PG/TGS_TeamK/Content/Free_Spells/Textures/T_Free_Spells_Flash.uasset" 4722
"C:/PG/TGS_TeamK/Content/ParagonIggyScorch/Characters/Global/MaterialLayers/Metal/ML_GlossyArmor_03.uasset" 4723
"../../../../../../PG/TGS_TeamK/Content/ParagonWraith/FX/Materials/Functions/FX_EmissiveModulate.uasset" 4724
"C:/PG/TGS_TeamK/Content/ParagonIggyScorch/Characters/Global/MaterialLayers/Metal/ML_GlossyArmor.uasset" 4725
"../../../../../../PG/TGS_TeamK/Content/ParagonWraith/FX/Textures/Flares/T_Flare_Spikeball.uasset" 4726
"C:/PG/TGS_TeamK/Content/ParagonIggyScorch/Characters/Global/MaterialLayers/Metal/ML_AnodizedAluminium.uasset" 4727
"../../../../../../PG/TGS_TeamK/Content/ParagonWraith/FX/Textures/Tile/Noise/T_soft_noise_even_distribution.uasset" 4728
"C:/PG/TGS_TeamK/Content/ParagonIggyScorch/Characters/Global/MaterialLayers/Metal/T_ML_Aluminum01.uasset" 4729
"C:/PG/TGS_TeamK/Content/ParagonIggyScorch/Characters/Heroes/IggyScorch/Skins/Fireball/Materials/Material_Layers/ML_IggyScorch_FB_Lava_Rock.uasset" 4730
"../../../../../../PG/TGS_TeamK/Content/ParagonWraith/FX/Textures/Masks/T_Beam_Gradient_02.uasset" 4731
"../../../../../../PG/TGS_TeamK/Content/ParagonWraith/FX/Textures/Masks/T_SmokeTrailCoord1_Mask.uasset" 4732
"C:/PG/TGS_TeamK/Content/ParagonIggyScorch/Characters/Global/MaterialLayers/Fabric/T_ML_Canvas_Grey01.uasset" 4733
"../../../../../../PG/TGS_TeamK/Content/Generic_Item_Destruction_FX/Materials/M_Item_Base.uasset" 4734
"C:/Users/kbc12306156/AppData/Local/UnrealEngine/Common/DerivedDataCache/Buckets/StaticMesh/2e/5b/cabfacb7fa2735f30d0d4d3067c253cac4e7.udd" 4735
"C:/Users/kbc12306156/AppData/Local/UnrealEngine/Common/DerivedDataCache/Buckets/LegacyDIST/37/73/d9b98314114e2d3174b6532d530e0313db9b.udd" 4736
"C:/Users/kbc12306156/AppData/Local/UnrealEngine/Common/DerivedDataCache/Buckets/LegacyCARD/af/1d/b657ce4710edafe700ce911b35143345334d.udd" 4737
"C:/Users/kbc12306156/AppData/Local/UnrealEngine/Common/DerivedDataCache/Buckets/LegacyNavCollision/aa/47/756179c27a5b3c49051d2cd9e946f57c4f30.udd" 4738
"C:/PG/TGS_TeamK/Content/ParagonIggyScorch/Characters/Global/MaterialLayers/Rubber/T_Rubber_2.uasset" 4739
"C:/Users/kbc12306156/AppData/Local/UnrealEngine/Common/DerivedDataCache/Buckets/StaticMesh/5b/85/283b65583d7301e7e8cd9f8652077abf4f36.udd" 4740
"C:/Users/kbc12306156/AppData/Local/UnrealEngine/Common/DerivedDataCache/Buckets/LegacyDIST/90/92/9206e0baf7b75cc960099ec95fa447c0d13d.udd" 4741
"C:/Users/kbc12306156/AppData/Local/UnrealEngine/Common/DerivedDataCache/Buckets/LegacyCARD/6b/18/2c3e5a6b40d438843e59e217d930529a9550.udd" 4742
"C:/Users/kbc12306156/AppData/Local/UnrealEngine/Common/DerivedDataCache/Buckets/LegacyNavCollision/5b/02/356c556baa0c2a09028f4c2b3dfb8352537d.udd" 4743
"C:/PG/TGS_TeamK/Content/ParagonIggyScorch/Characters/Global/MaterialLayers/Rubber/T_Rubber_LowContrast.uasset" 4744
"C:/Users/kbc12306156/AppData/Local/UnrealEngine/Common/DerivedDataCache/Buckets/StaticMesh/f2/b2/3327f51c9191f4def40d25f8571be4a6970d.udd" 4745
"C:/Users/kbc12306156/AppData/Local/UnrealEngine/Common/DerivedDataCache/Buckets/LegacyDIST/fa/96/a95498fd9e416166f2a338634f85d92418aa.udd" 4746
"C:/Users/kbc12306156/AppData/Local/UnrealEngine/Common/DerivedDataCache/Buckets/LegacyCARD/ea/5f/d789524d493b172adde6055225d93f545107.udd" 4747
"C:/Users/kbc12306156/AppData/Local/UnrealEngine/Common/DerivedDataCache/Buckets/LegacyNavCollision/92/ff/6b43e575abfa772955fbe58e5eadae77ec16.udd" 4748
"C:/PG/TGS_TeamK/Content/StarterContent/Particles/Materials/M_explosion_subUV.uasset" 4749
"C:/Users/kbc12306156/AppData/Local/UnrealEngine/Common/DerivedDataCache/Buckets/StaticMesh/25/fe/e9114c6d7fe62945e501807226bdaa6b8090.udd" 4750
"C:/Users/kbc12306156/AppData/Local/UnrealEngine/Common/DerivedDataCache/Buckets/LegacyDIST/02/2d/ae5114420cd5532ce6fc866d876ba2b6ec9a.udd" 4751
"C:/Users/kbc12306156/AppData/Local/UnrealEngine/Common/DerivedDataCache/Buckets/LegacyCARD/ab/4a/424ac678d6aa5e939aa4d3de28e183a5dcf3.udd" 4752
"C:/Users/kbc12306156/AppData/Local/UnrealEngine/Common/DerivedDataCache/Buckets/LegacyNavCollision/3f/16/905e5110706adab5bacda677185b5edec000.udd" 4753
"C:/PG/TGS_TeamK/Content/StarterContent/Particles/Materials/M_radial_ramp.uasset" 4754
"C:/Users/kbc12306156/AppData/Local/UnrealEngine/Common/DerivedDataCache/Buckets/StaticMesh/55/61/2238800df2d4a95b371e1dd4f4cef525e666.udd" 4755
"C:/Users/kbc12306156/AppData/Local/UnrealEngine/Common/DerivedDataCache/Buckets/LegacyDIST/7a/bc/79787af06ac37b2053459cfd35f65e78df56.udd" 4756
"C:/Users/kbc12306156/AppData/Local/UnrealEngine/Common/DerivedDataCache/Buckets/LegacyCARD/eb/cd/85d74aa6fbdba0b8e3077593852d024c604d.udd" 4757
"C:/Users/kbc12306156/AppData/Local/UnrealEngine/Common/DerivedDataCache/Buckets/LegacyNavCollision/bc/89/7515adad220e7d0b1d21c3aa3e22235f26b8.udd" 4758
"C:/PG/TGS_TeamK/Content/StarterContent/Particles/Materials/M_smoke_subUV.uasset" 4759
"../../../../../../PG/TGS_TeamK/Content/ParagonWraith/Characters/Global/MaterialFunctions/MaterialLayerConstructors/MLC_SolidValues.uasset" 4760
"../../../../../../PG/TGS_TeamK/Content/ParagonWraith/Characters/Global/MaterialLayers/Metal/T_Brushed_Copper_D.uasset" 4761
"../../../../../../PG/TGS_TeamK/Content/ParagonWraith/Characters/Global/MaterialLayers/Metal/T_Brushed_Copper_N.uasset" 4762
"C:/PG/TGS_TeamK/Content/ParagonIggyScorch/Characters/Global/MaterialLayers/Metal/ML_Metal_Braided.uasset" 4763
"../../../../../../PG/TGS_TeamK/Content/ParagonWraith/Characters/Global/MaterialLayers/Metal/T_Metal_Scratched_Circular_01_COLOR.uasset" 4764
"../../../../../../PG/TGS_TeamK/Content/ParagonWraith/Characters/Global/MaterialLayers/Metal/T_Metal_Scratched_Circular_01_N.uasset" 4765
"../../../../../../PG/TGS_TeamK/Content/ParagonWraith/Characters/Global/MaterialLayers/Metal/T_Noise_Rough_Dark_Big.uasset" 4766
"../../../../../../PG/TGS_TeamK/Content/ParagonWraith/Characters/Global/MaterialLayers/Metal/T_ScratchMask.uasset" 4767
"C:/PG/TGS_TeamK/Content/ParagonIggyScorch/Characters/Global/MaterialFunctions/MF_ThinFilm_Frensel.uasset" 4768
"../../../../../../PG/TGS_TeamK/Content/ParagonWraith/Characters/Heroes/Wraith/Textures/T_Wraith_Emissive_Mask.uasset" 4769
"C:/PG/TGS_TeamK/Content/ParagonIggyScorch/Characters/Global/MaterialFunctions/MF_Oil.uasset" 4770
"../../../../../../PG/TGS_TeamK/Content/ParagonIggyScorch/Characters/Global/T_Black_Linear.uasset" 4771
"C:/PG/TGS_TeamK/Content/ParagonIggyScorch/Characters/Global/MaterialLayers/Metal/ML_Metal_SandCast.uasset" 4772
"../../../../../../PG/TGS_TeamK/Content/ParagonIggyScorch/Characters/Global/MaterialLayers/Leather/T_Dark_Leather_N.uasset" 4773
"C:/Users/kbc12306156/AppData/Local/UnrealEngine/Common/DerivedDataCache/Buckets/BulkDataList/a2/93/5e05cdf4a4f66c41a1f42b75e907275af3ff.udd" 4774
"C:/PG/TGS_TeamK/Content/ParagonWraith/Characters/Global/MaterialLayers/Fabric/T_nylonstap_D.uasset" 4775
"../../../../../../PG/TGS_TeamK/Content/ParagonIggyScorch/Characters/Global/MaterialFunctions/MaterialLayerConstructors/MF_BaseColorTintAndContrast.uasset" 4776
"../../../../../../PG/TGS_TeamK/Content/ParagonIggyScorch/Characters/Global/MaterialFunctions/MaterialLayerConstructors/MF_RoughnessAdjustment.uasset" 4777
"../../../../../../PG/TGS_TeamK/Content/ParagonIggyScorch/Characters/Global/MaterialLayers/Metal/T_ML_Aluminum_01.uasset" 4778
"C:/PG/TGS_TeamK/Content/ParagonWraith/FX/Materials/Heroes/Wraith/MLayer/MF_Wraithlatex.uasset" 4779
"C:/PG/TGS_TeamK/Content/ArrowTrail/Material/M_Master/M_SimpleTrail.uasset" 4780
"../../../../../../PG/TGS_TeamK/Content/ParagonIggyScorch/Characters/Global/MaterialFunctions/MaterialLayerConstructors/MLC_SolidValues.uasset" 4781
"../../../../../../PG/TGS_TeamK/Content/ParagonIggyScorch/Characters/Global/MaterialLayers/Metal/T_Brushed_Copper_D.uasset" 4782
"../../../../../../PG/TGS_TeamK/Content/ParagonIggyScorch/Characters/Global/MaterialLayers/Metal/T_Brushed_Copper_N.uasset" 4783
"C:/PG/TGS_TeamK/Content/Vefects/Easy_Shockwaves_VFX/Shared/Materials/M_VFX_Shockwave_01.uasset" 4784
"../../../../../../PG/TGS_TeamK/Content/ParagonIggyScorch/Characters/Global/MaterialLayers/Metal/T_ML_Aluminum01_N.uasset" 4785
"C:/Users/kbc12306156/AppData/Local/UnrealEngine/Common/DerivedDataCache/Buckets/BulkDataList/ed/1a/243401b9529f8f29076dcd22dc05afb1d79b.udd" 4786
"C:/PG/TGS_TeamK/Content/ParagonIggyScorch/Characters/Global/Eyes/MaterialFunctions/ML_IggyULTEye.uasset" 4787
"../../../../../../PG/TGS_TeamK/Content/ParagonIggyScorch/Characters/Heroes/IggyScorch/Skins/Fireball/Materials/Material_Layers/T_Lava_Rock_Porous_N.uasset" 4788
"../../../../../../PG/TGS_TeamK/Content/ParagonIggyScorch/Characters/Heroes/IggyScorch/Skins/Fireball/Materials/Material_Layers/T_Lava_Rock_Porous_RGB.uasset" 4789
"C:/PG/TGS_TeamK/Content/ParagonIggyScorch/Characters/Heroes/IggyScorch/Materials/MF/mf_IggyScorch_Thrower_Emissive.uasset" 4790
"../../../../../../PG/TGS_TeamK/Content/ParagonIggyScorch/Characters/Global/MaterialLayers/Fabric/T_ML_Canvas_Grey01_N.uasset" 4791
"C:/Users/kbc12306156/AppData/Local/UnrealEngine/Common/DerivedDataCache/Buckets/BulkDataList/58/12/6ed2aba0e82763c73e5ddb894f4e387ec8b9.udd" 4792
"C:/PG/TGS_TeamK/Content/ParagonWraith/Characters/Global/MaterialLayers/Metal/T_ML_Aluminum01.uasset" 4793
"../../../../../../PG/TGS_TeamK/Content/ParagonIggyScorch/Characters/Global/MaterialLayers/Rubber/T_Rubber_2_N.uasset" 4794
"C:/Users/kbc12306156/AppData/Local/UnrealEngine/Common/DerivedDataCache/Buckets/BulkDataList/cc/e8/bf4964caf32f4de9c1dd09e5c48a7e240fee.udd" 4795
"C:/PG/TGS_TeamK/Content/ParagonWraith/Characters/Global/MaterialLayers/Painted/ML_MetallicClearCoat.uasset" 4796
"C:/Users/kbc12306156/AppData/Local/UnrealEngine/Common/DerivedDataCache/Buckets/BulkDataList/c2/c2/2c4204b591cf69067f15cf3f9fab800f7b31.udd" 4797
"C:/PG/TGS_TeamK/Content/ParagonWraith/Characters/Global/MaterialLayers/Synthetics/ML_SimpleEmissive_underGlass.uasset" 4798
"../../../../../../PG/TGS_TeamK/Content/StarterContent/Textures/T_Explosion_SubUV.uasset" 4799
"C:/PG/TGS_TeamK/Content/ParagonWraith/FX/Materials/MaterialFunctions/MF_OrionCharacterAO.uasset" 4800
"C:/PG/TGS_TeamK/Content/ParagonWraith/FX/Materials/MaterialLayers/Metal/ML_Metal_Scratched_Circular.uasset" 4801
"../../../../../../PG/TGS_TeamK/Content/StarterContent/Textures/T_Smoke_SubUV.uasset" 4802
"../../../../../../PG/TGS_TeamK/Content/StarterContent/Textures/T_Smoke_Tiled_D.uasset" 4803
"C:/PG/TGS_TeamK/Content/ParagonWraith/FX/Materials/MaterialLayers/Metal/T_ML_Aluminum01.uasset" 4804
"../../../../../../PG/TGS_TeamK/Content/ParagonIggyScorch/Characters/Global/MaterialLayers/Metal/T_ML_Metal_Braided_01_MASK.uasset" 4805
"../../../../../../PG/TGS_TeamK/Content/ParagonIggyScorch/Characters/Global/MaterialLayers/Metal/T_ML_Metal_Braided_01_N.uasset" 4806
"C:/PG/TGS_TeamK/Content/ParagonWraith/FX/Materials/MaterialLayers/ML__Blank.uasset" 4807
"../../../../../../PG/TGS_TeamK/Content/ParagonIggyScorch/Characters/Global/MaterialFunctions/T_ThinFilm_Spectrum_COLOR.uasset" 4808
"C:/PG/TGS_TeamK/Content/ParagonWraith/FX/Materials/MaterialLayers/Painted/ML_MetallicClearCoat.uasset" 4809
"C:/PG/TGS_TeamK/Content/ParagonWraith/FX/Materials/MaterialLayers/Synthetics/ML_SimpleEmissive_underGlass.uasset" 4810
"../../../../../../PG/TGS_TeamK/Content/ParagonIggyScorch/Characters/Global/MaterialFunctions/MF_Lerp_GammaColor.uasset" 4811
"../../../../../../PG/TGS_TeamK/Content/ParagonIggyScorch/Characters/Global/MaterialLayers/Metal/T_Gray_Flat_Black.uasset" 4812
"../../../../../../PG/TGS_TeamK/Content/ParagonIggyScorch/Characters/Global/MaterialLayers/Metal/T_Metal_SandCast_Med_N.uasset" 4813
"../../../../../../PG/TGS_TeamK/Content/ParagonIggyScorch/Characters/Global/MaterialLayers/Metal/T_Noise_Rough_Dark_Big.uasset" 4814
"../../../../../../PG/TGS_TeamK/Content/ParagonIggyScorch/Characters/Global/MaterialLayers/Metal/T_ScratchMask.uasset" 4815
"C:/PG/TGS_TeamK/Content/ParagonIggyScorch/Characters/Global/MaterialLayers/Fabric/ML_Fabric_SmoothTech01.uasset" 4816
"../../../../../../PG/TGS_TeamK/Content/ParagonWraith/Characters/Global/MaterialLayers/Fabric/T_nylonstap_N.uasset" 4817
"C:/Users/kbc12306156/AppData/Local/UnrealEngine/Common/DerivedDataCache/Buckets/BulkDataList/2a/76/af478dacef4d939a596e1e5d515a00318206.udd" 4818
"C:/PG/TGS_TeamK/Content/ParagonIggyScorch/Characters/Global/MaterialLayers/Fabric/ML_Whool03.uasset" 4819
"../../../../../../PG/TGS_TeamK/Content/ParagonWraith/FX/Materials/Heroes/Wraith/MLayer/T_TireRubber_R.uasset" 4820
"../../../../../../PG/TGS_TeamK/Content/ParagonWraith/FX/Materials/MaterialLayers/Rubber/T_ML_FineRubber_N.uasset" 4821
"../../../../../../PG/TGS_TeamK/Content/ParagonWraith/FX/Textures/Heroes/Wraith/T_Wraith_BackPackbody_RGBA.uasset" 4822
"C:/PG/TGS_TeamK/Content/ParagonIggyScorch/Characters/Global/MaterialLayers/Wood/ML_Wood01.uasset" 4823
"../../../../../../PG/TGS_TeamK/Content/ArrowTrail/Material/MF_Function/MF_Texcoord.uasset" 4824
"../../../../../../PG/TGS_TeamK/Content/ArrowTrail/Texture/T_Noise_01.uasset" 4825
"../../../../../../PG/TGS_TeamK/Content/ArrowTrail/Texture/T_Noise_03.uasset" 4826
"../../../../../../PG/TGS_TeamK/Content/ArrowTrail/Texture/T_Normal_Noise.uasset" 4827
"../../../Engine/Plugins/Interchange/Runtime/Content/gltf/MaterialFunctions/MF_TransmissionOpacity.uasset" 4828
"../../../../../../PG/TGS_TeamK/Content/Vefects/Easy_Shockwaves_VFX/Shared/Textures/T_VFX_Easy_Shockwaves_Linear_Mask_02.uasset" 4829
"../../../../../../PG/TGS_TeamK/Content/Vefects/Easy_Shockwaves_VFX/Shared/Textures/T_VFX_Easy_Shockwaves_Noise_01.uasset" 4830
"../../../../../../PG/TGS_TeamK/Content/Vefects/Easy_Shockwaves_VFX/Shared/Textures/T_VFX_Easy_Shockwaves_Noise_01_Normal.uasset" 4831
"../../../../../../PG/TGS_TeamK/Content/Vefects/Easy_Shockwaves_VFX/Shared/Textures/T_VFX_Easy_Shockwaves_Noise_03.uasset" 4832
"../../../../../../PG/TGS_TeamK/Content/Vefects/Easy_Shockwaves_VFX/Shared/Textures/T_VFX_Linear_Gradient_DT.uasset" 4833
"../../../Engine/Plugins/Interchange/Runtime/Content/gltf/MaterialFunctions/MF_RotateNormals_TS.uasset" 4834
"../../../../../../PG/TGS_TeamK/Content/ParagonIggyScorch/Characters/Global/Eyes/Textures/T_Muriel_Corona_D.uasset" 4835
"../../../Engine/Content/Functions/Engine_MaterialFunctions01/WorldPositionOffset/SplineThicken.uasset" 4836
"../../../../../../PG/TGS_TeamK/Content/ParagonIggyScorch/Characters/Heroes/IggyScorch/Textures/T_IggyScorch_Items_D.uasset" 4837
"../../../../../../PG/TGS_TeamK/Content/ParagonIggyScorch/Characters/Heroes/IggyScorch/Textures/T_Soft_Noise.uasset" 4838
"C:/PG/TGS_TeamK/Content/ParagonIggyScorch/FX/Materials/MaterialFunctions/MF_ColorTint_HQ.uasset" 4839
"../../../../../../PG/TGS_TeamK/Content/ParagonWraith/Characters/Global/MaterialLayers/Metal/T_ML_Aluminum01_N.uasset" 4840
"C:/Users/kbc12306156/AppData/Local/UnrealEngine/Common/DerivedDataCache/Buckets/BulkDataList/38/2b/d51f3e46733e32929a1f5a7b7a94603d3657.udd" 4841
"C:/PG/TGS_TeamK/Content/ParagonIggyScorch/Characters/Global/Eyes/MaterialFunctions/ML_EyeRefraction.uasset" 4842
"../../../../../../PG/TGS_TeamK/Content/ParagonWraith/Characters/Global/MaterialFunctions/MF_Character_MaterialLayerQuality.uasset" 4843
"../../../../../../PG/TGS_TeamK/Content/ParagonWraith/Characters/Global/MaterialLayers/Painted/T_PaintScratches.uasset" 4844
"../../../../../../PG/TGS_TeamK/Content/ParagonWraith/Characters/Heroes/Wraith/Textures/T_ElectroHex_Tile.uasset" 4845
"../../../../../../PG/TGS_TeamK/Content/ParagonWraith/FX/Materials/MaterialFunctions/Textures/T_Black_Linear.uasset" 4846
"../../../../../../PG/TGS_TeamK/Content/ParagonWraith/FX/Materials/MaterialLayers/Metal/T_Metal_Scratched_Circular_01_COLOR.uasset" 4847
"../../../../../../PG/TGS_TeamK/Content/ParagonWraith/FX/Materials/MaterialLayers/Metal/T_Metal_Scratched_Circular_01_N.uasset" 4848
"../../../../../../PG/TGS_TeamK/Content/ParagonWraith/FX/Materials/MaterialLayers/Metal/T_ScratchMask.uasset" 4849
"../../../../../../PG/TGS_TeamK/Content/ParagonWraith/FX/Textures/Tile/Noise/T_Noise_Rough_Dark_Big.uasset" 4850
"../../../Engine/Content/Maps/Entry.umap" 4851
"../../../../../../PG/TGS_TeamK/Content/ParagonWraith/FX/Materials/MaterialLayers/Metal/T_ML_Aluminum01_N.uasset" 4852
"C:/Users/kbc12306156/AppData/Local/UnrealEngine/Common/DerivedDataCache/Buckets/BulkDataList/42/ae/e584e8c925a4326b8bba16ffed688f7e354c.udd" 4853
"../../../Engine/Content/MapTemplates/SM_Template_Map_Floor.uasset" 4854
"../../../../../../PG/TGS_TeamK/Content/ParagonWraith/FX/Materials/MaterialLayers/T_TestML_Mask.uasset" 4855
"../../../Engine/Plugins/Animation/ControlRig/Content/Controls/ControlRig_Wedge_solid.uasset" 4856
"../../../../../../PG/TGS_TeamK/Content/ParagonWraith/FX/Materials/MaterialFunctions/MF_Character_MaterialLayerQuality.uasset" 4857
"../../../../../../PG/TGS_TeamK/Content/ParagonWraith/FX/Materials/MaterialLayers/Painted/T_PaintScratches.uasset" 4858
"../../../Engine/Plugins/Animation/ControlRig/Content/Controls/ControlRig_Wedge_3mm.uasset" 4859
"../../../../../../PG/TGS_TeamK/Content/ParagonWraith/FX/Textures/Heroes/Wraith/T_ElectroHex_Tile.uasset" 4860
"../../../Engine/Plugins/Animation/ControlRig/Content/Controls/ControlRig_Wedge_1mm.uasset" 4861
"../../../../../../PG/TGS_TeamK/Content/ParagonIggyScorch/Characters/Global/MaterialLayers/Fabric/T_ML_Fabric_Blue_Medium_N.uasset" 4862
"../../../../../../PG/TGS_TeamK/Content/ParagonIggyScorch/Characters/Global/MaterialLayers/Fabric/T_ML_SmoothTech_01_D.uasset" 4863
"../../../../../../PG/TGS_TeamK/Content/ParagonIggyScorch/Characters/Global/MaterialLayers/Fabric/T_noisemask.uasset" 4864
"../../../Engine/Plugins/Animation/ControlRig/Content/Controls/ControlRig_Triangle_solid.uasset" 4865
"../../../../../../PG/TGS_TeamK/Content/ParagonIggyScorch/Characters/Global/MaterialLayers/Fabric/T_Whool01_D2.uasset" 4866
"../../../../../../PG/TGS_TeamK/Content/ParagonIggyScorch/Characters/Global/MaterialLayers/Fabric/T_Whool01_N.uasset" 4867
"../../../Engine/Plugins/Animation/ControlRig/Content/Controls/ControlRig_Triangle_3mm.uasset" 4868
"../../../../../../PG/TGS_TeamK/Content/ParagonIggyScorch/Characters/Global/MaterialLayers/Wood/T_Wood01_D.uasset" 4869
"../../../Engine/Plugins/Animation/ControlRig/Content/Controls/ControlRig_Triangle_1mm.uasset" 4870
"../../../Engine/Plugins/Animation/ControlRig/Content/Controls/ControlRig_Star4_solid.uasset" 4871
"C:/Users/kbc12306156/AppData/Local/UnrealEngine/Common/DerivedDataCache/Buckets/MaterialShaderMap/90/22/a364bd243b510acce7f5a941131170fb3b3b.udd" 4872
"C:/Users/kbc12306156/AppData/Local/UnrealEngine/Common/DerivedDataCache/Buckets/MaterialShaderMap/fd/09/2a9102f824924e4c462c1572682c111ea849.udd" 4873
"C:/Users/kbc12306156/AppData/Local/UnrealEngine/Common/DerivedDataCache/Buckets/MaterialShaderMap/f6/ae/0f76f8b76a6621b8bfe65693a7bfef20c955.udd" 4874
"C:/Users/kbc12306156/AppData/Local/UnrealEngine/Common/DerivedDataCache/Buckets/MaterialShaderMap/29/b4/352df1b01a544e6fb6678e8310fe6cd1ac29.udd" 4875
"C:/Users/kbc12306156/AppData/Local/UnrealEngine/Common/DerivedDataCache/Buckets/MaterialShaderMap/fc/2c/dc00778e7b704e383027b89bcc97c0840867.udd" 4876
"C:/Users/kbc12306156/AppData/Local/UnrealEngine/Common/DerivedDataCache/Buckets/MaterialShaderMap/a2/11/1b63eb2b9cc07155fc06637c6761b142a2f1.udd" 4877
"C:/Users/kbc12306156/AppData/Local/UnrealEngine/Common/DerivedDataCache/Buckets/MaterialShaderMap/28/a5/303530527cbb126583fee45baebd7c8e3520.udd" 4878
"C:/Users/kbc12306156/AppData/Local/UnrealEngine/Common/DerivedDataCache/Buckets/MaterialShaderMap/00/59/b19598096f41cc2805265085f2666628eaae.udd" 4879
"C:/Users/kbc12306156/AppData/Local/UnrealEngine/Common/DerivedDataCache/Buckets/MaterialShaderMap/ee/bc/9a636cdf03415b79145e7e4c79695159f45c.udd" 4880
"C:/Users/kbc12306156/AppData/Local/UnrealEngine/Common/DerivedDataCache/Content/c1/1d/65615f1d71770047fe9f6efe1d4186606dc8.udd" 4881
"C:/Users/kbc12306156/AppData/Local/UnrealEngine/Common/DerivedDataCache/Buckets/MaterialShaderMap/df/98/8a96b4778c6e4cd81eb3108e20649cc2cc29.udd" 4882
"C:/Users/kbc12306156/AppData/Local/UnrealEngine/Common/DerivedDataCache/Buckets/MaterialShaderMap/04/7a/e106d1b21c8798d0106b70c538cdbba2d1f4.udd" 4883
"C:/Users/kbc12306156/AppData/Local/UnrealEngine/Common/DerivedDataCache/Buckets/MaterialShaderMap/0f/3f/a67905ce787540c430bf3acce46840c2a963.udd" 4884
"C:/Users/kbc12306156/AppData/Local/UnrealEngine/Common/DerivedDataCache/Buckets/MaterialShaderMap/f2/e9/12f4f9482f4fb60da5d05d48d52b81687951.udd" 4885
"C:/Users/kbc12306156/AppData/Local/UnrealEngine/Common/DerivedDataCache/Buckets/MaterialShaderMap/f5/31/9b147982e5ca3254329c668c58cd8a26ce86.udd" 4886
"../../../Engine/Plugins/Animation/ControlRig/Content/Controls/ControlRig_Star4_3mm.uasset" 4887
"../../../Engine/Plugins/Animation/ControlRig/Content/Controls/ControlRig_Star4_1mm.uasset" 4888
"../../../../../../PG/TGS_TeamK/Content/ParagonIggyScorch/FX/Materials/MaterialFunctions/MF_CrossTalkNextChannel.uasset" 4889
"../../../Engine/Plugins/Animation/ControlRig/Content/Controls/ControlRig_Square_solid.uasset" 4890
"../../../../../../PG/TGS_TeamK/Content/ParagonIggyScorch/Characters/Global/Eyes/Textures/Example/T_EyeMidPlaneDisplacement_Example.uasset" 4891
"../../../Engine/Plugins/Animation/ControlRig/Content/Controls/ControlRig_Square_3mm.uasset" 4892
"../../../Engine/Plugins/Animation/ControlRig/Content/Controls/ControlRig_Square_1mm.uasset" 4893
"../../../Engine/Plugins/Animation/ControlRig/Content/Controls/ControlRig_Sphere_3mm.uasset" 4894
"../../../Engine/Plugins/Animation/ControlRig/Content/Controls/ControlRig_Sphere_1mm.uasset" 4895
"../../../Engine/Plugins/Animation/ControlRig/Content/Controls/ControlRig_RoundedTriangle_solid.uasset" 4896
"../../../Engine/Plugins/Animation/ControlRig/Content/Controls/ControlRig_RoundedTriangle_3mm.uasset" 4897
"../../../Engine/Plugins/Animation/ControlRig/Content/Controls/ControlRig_RoundedTriangle_1mm.uasset" 4898
"../../../Engine/Plugins/Animation/ControlRig/Content/Controls/ControlRig_RoundedSquare_solid.uasset" 4899
"../../../Engine/Plugins/Animation/ControlRig/Content/Controls/ControlRig_RoundedSquare_3mm.uasset" 4900
"../../../Engine/Plugins/Animation/ControlRig/Content/Controls/ControlRig_RoundedSquare_1mm.uasset" 4901
"../../../Engine/Plugins/Animation/ControlRig/Content/Controls/ControlRig_QuarterCircle_solid.uasset" 4902
"../../../Engine/Plugins/Animation/ControlRig/Content/Controls/ControlRig_QuarterCircle_3mm.uasset" 4903
"../../../Engine/Plugins/Animation/ControlRig/Content/Controls/ControlRig_QuarterCircle_1mm.uasset" 4904
"../../../Engine/Plugins/Animation/ControlRig/Content/Controls/ControlRig_Pyramid_solid.uasset" 4905
"../../../Engine/Plugins/Animation/ControlRig/Content/Controls/ControlRig_Pyramid_3mm.uasset" 4906
"../../../Engine/Plugins/Animation/ControlRig/Content/Controls/ControlRig_Pyramid_1mm.uasset" 4907
"../../../Engine/Plugins/Animation/ControlRig/Content/Controls/ControlRig_Octagon_solid.uasset" 4908
"../../../Engine/Plugins/Animation/ControlRig/Content/Controls/ControlRig_Octagon_3mm.uasset" 4909
"../../../Engine/Plugins/Animation/ControlRig/Content/Controls/ControlRig_Octagon_1mm.uasset" 4910
"../../../Engine/Plugins/Animation/ControlRig/Content/Controls/ControlRig_Hexagon_solid.uasset" 4911
"../../../Engine/Plugins/Animation/ControlRig/Content/Controls/ControlRig_Hexagon_3mm.uasset" 4912
"../../../Engine/Plugins/Animation/ControlRig/Content/Controls/ControlRig_Hexagon_1mm.uasset" 4913
"../../../Engine/Plugins/Animation/ControlRig/Content/Controls/ControlRig_HalfCircle_solid.uasset" 4914
"../../../Engine/Plugins/Animation/ControlRig/Content/Controls/ControlRig_HalfCircle_3mm.uasset" 4915
"../../../Engine/Plugins/Animation/ControlRig/Content/Controls/ControlRig_HalfCircle_1mm.uasset" 4916
"../../../Engine/Plugins/Animation/ControlRig/Content/Controls/ControlRig_Diamond_solid.uasset" 4917
"../../../Engine/Plugins/Animation/ControlRig/Content/Controls/ControlRig_Diamond_3mm.uasset" 4918
"../../../Engine/Plugins/Animation/ControlRig/Content/Controls/ControlRig_Diamond_1mm.uasset" 4919
"../../../Engine/Plugins/Animation/ControlRig/Content/Controls/ControlRig_Circle_solid.uasset" 4920
"../../../Engine/Plugins/Animation/ControlRig/Content/Controls/ControlRig_Circle_3mm.uasset" 4921
"../../../Engine/Plugins/Animation/ControlRig/Content/Controls/ControlRig_Circle_1mm.uasset" 4922
"../../../Engine/Plugins/Animation/ControlRig/Content/Controls/ControlRig_Box_solid.uasset" 4923
"../../../Engine/Plugins/Animation/ControlRig/Content/Controls/ControlRig_Box_3mm.uasset" 4924
"../../../Engine/Plugins/Animation/ControlRig/Content/Controls/ControlRig_Box_1mm.uasset" 4925
"../../../Engine/Plugins/Animation/ControlRig/Content/Controls/ControlRig_Arrow_solid.uasset" 4926
"../../../Engine/Plugins/Animation/ControlRig/Content/Controls/ControlRig_Arrow_3mm.uasset" 4927
"../../../Engine/Plugins/Animation/ControlRig/Content/Controls/ControlRig_Arrow_1mm.uasset" 4928
"../../../Engine/Plugins/Animation/ControlRig/Content/Controls/ControlRig_Arrow4_solid.uasset" 4929
"../../../Engine/Plugins/Animation/ControlRig/Content/Controls/ControlRig_Arrow4_3mm.uasset" 4930
"../../../Engine/Plugins/Animation/ControlRig/Content/Controls/ControlRig_Arrow4_1mm.uasset" 4931
"../../../Engine/Plugins/Animation/ControlRig/Content/Controls/ControlRig_Arrow2_solid.uasset" 4932
"../../../Engine/Plugins/Animation/ControlRig/Content/Controls/ControlRig_Arrow2_3mm.uasset" 4933
"../../../Engine/Plugins/Animation/ControlRig/Content/Controls/ControlRig_Arrow2_1mm.uasset" 4934
"../../../Engine/Plugins/Animation/ControlRig/Content/Controls/ControlRig_Sphere_solid.uasset" 4935
"C:/PG/TGS_TeamK/Content/Free_Spells/Mesh/SM_Free_Spells_Plane.uasset" 4936
"C:/PG/TGS_TeamK/Content/ParagonIggyScorch/FX/Meshes/Heroes/SM_Aura_v1.uasset" 4937
"C:/PG/TGS_TeamK/Content/Vefects/Easy_Shockwaves_VFX/Shared/Meshes/SM_VFX_In_Out_Cyl_01.uasset" 4938
"../../../Engine/Plugins/Interchange/Runtime/Content/gltf/MaterialFunctions/MF_Transmission.uasset" 4939
"../../../Engine/Plugins/Interchange/Runtime/Content/gltf/MaterialFunctions/MF_Specular.uasset" 4940
"../../../Engine/Plugins/Interchange/Runtime/Content/gltf/MaterialFunctions/MF_Sheen.uasset" 4941
"../../../Engine/Plugins/Interchange/Runtime/Content/gltf/MaterialFunctions/MF_Occlusion.uasset" 4942
"../../../Engine/Plugins/Interchange/Runtime/Content/gltf/MaterialFunctions/MF_MetallicRoughness.uasset" 4943
"../../../Engine/Plugins/Interchange/Runtime/Content/gltf/MaterialFunctions/MF_Emissive.uasset" 4944
"../../../Engine/Plugins/Interchange/Runtime/Content/gltf/MaterialFunctions/MF_DiffuseSpecGloss.uasset" 4945
"../../../Engine/Plugins/Interchange/Runtime/Content/gltf/MaterialFunctions/MF_BaseColor.uasset" 4946
"../../../Engine/Plugins/Importers/USDImporter/Content/Materials/UsdPreviewSurfaceVT.uasset" 4947
"../../../Engine/Plugins/Importers/USDImporter/Content/Materials/UsdPreviewSurface.uasset" 4948
"../../../Engine/Plugins/Importers/USDImporter/Content/Materials/DisplayColorAndOpacityDoubleSided.uasset" 4949
"../../../Engine/Plugins/Importers/USDImporter/Content/Materials/DisplayColorDoubleSided.uasset" 4950
"../../../Engine/Plugins/Interchange/Runtime/Content/Materials/PBRSurfaceFunction.uasset" 4951
"C:/Users/kbc12306156/AppData/Local/UnrealEngine/Common/DerivedDataCache/Buckets/MaterialShaderMap/c2/4f/767de32de948f904961abf9fd0b4b5117439.udd" 4952
"C:/Users/kbc12306156/AppData/Local/UnrealEngine/Common/DerivedDataCache/Buckets/MaterialShaderMap/33/83/3a55cb20b1a4fb0c51fa126acdbaf97c754c.udd" 4953
"C:/Users/kbc12306156/AppData/Local/UnrealEngine/Common/DerivedDataCache/Buckets/MaterialShaderMap/13/34/48f03d4afdd5c74c71eefb018d8ef7a9e61c.udd" 4954
"C:/Users/kbc12306156/AppData/Local/UnrealEngine/Common/DerivedDataCache/Buckets/MaterialShaderMap/b8/8f/d2463f90a5d7486460ab76a49def29ba9633.udd" 4955
"C:/Users/kbc12306156/AppData/Local/UnrealEngine/Common/DerivedDataCache/Buckets/StaticMesh/eb/7e/18c72e1e081f43e4d476ba9c6ed9b680de5d.udd" 4956
"C:/Users/kbc12306156/AppData/Local/UnrealEngine/Common/DerivedDataCache/Buckets/LegacyDIST/a0/ff/95b57816cc8e8173069b1e3954378f9fb232.udd" 4957
"C:/Users/kbc12306156/AppData/Local/UnrealEngine/Common/DerivedDataCache/Buckets/LegacyCARD/3d/53/89334fe638d106a5be3cbdf20f2f6047c6ee.udd" 4958
"C:/Users/kbc12306156/AppData/Local/UnrealEngine/Common/DerivedDataCache/Buckets/LegacyNavCollision/64/06/8945a2c51ddc2007176d31855e53b9c1910b.udd" 4959
"../../../Engine/Plugins/Interchange/Runtime/Content/Materials/LambertSurfaceMaterial.uasset" 4960
"C:/Users/kbc12306156/AppData/Local/UnrealEngine/Common/DerivedDataCache/Buckets/LegacyMESHDATAKEY/0f/83/5f6cc586763ff2de96cfb83fe41b23acb9c7.udd" 4961
"C:/Users/kbc12306156/AppData/Local/UnrealEngine/Common/DerivedDataCache/Buckets/StaticMesh/a7/88/79ec94063386e552cc17297a68cb47e83a58.udd" 4962
"C:/Users/kbc12306156/AppData/Local/UnrealEngine/Common/DerivedDataCache/Buckets/LegacyDIST/38/04/55a0b4628ea84b8b4e9c0f4e1d1b41a227c3.udd" 4963
"C:/Users/kbc12306156/AppData/Local/UnrealEngine/Common/DerivedDataCache/Buckets/LegacyCARD/43/c6/c0fde2a949b7c5bbfc3fd1ca0310da9e19c8.udd" 4964
"C:/Users/kbc12306156/AppData/Local/UnrealEngine/Common/DerivedDataCache/Buckets/LegacyNavCollision/b0/99/08a5e1d5e96b0fb82f07362808c9596ee581.udd" 4965
"C:/PG/TGS_TeamK/Content/ParagonWraith/Characters/Global/MaterialLayers/Metal/ML_LowContrastHardMetal.uasset" 4966
"C:/Users/kbc12306156/AppData/Local/UnrealEngine/Common/DerivedDataCache/Buckets/StaticMesh/5a/0a/d297a46b08fe5368da5e09c96e16d487945a.udd" 4967
"C:/Users/kbc12306156/AppData/Local/UnrealEngine/Common/DerivedDataCache/Buckets/LegacyDIST/0d/99/7e721d090ff5208dc5f0a17cde0f41318b07.udd" 4968
"C:/Users/kbc12306156/AppData/Local/UnrealEngine/Common/DerivedDataCache/Buckets/LegacyCARD/f8/c0/f2c3c0bfa0ae19d3eafadb10085e02b17f0c.udd" 4969
"C:/Users/kbc12306156/AppData/Local/UnrealEngine/Common/DerivedDataCache/Buckets/LegacyNavCollision/97/05/1267c567f2cd73ea75b2c2845a63e583d2a8.udd" 4970
"C:/PG/TGS_TeamK/Content/ParagonIggyScorch/Characters/Global/MaterialLayers/Fabric/ML_Whool01.uasset" 4971
"../../Plugins/Interchange/Runtime/Content/gltf/MaterialFunctions/MF_TransformUVs.uasset" 4972
"../../Plugins/Interchange/Runtime/Content/gltf/Textures/T_White_Linear.uasset" 4973
"C:/PG/TGS_TeamK/Content/ParagonIggyScorch/Characters/Global/MaterialLayers/Fabric/ML_HeavyFabric02.uasset" 4974
"C:/PG/TGS_TeamK/Content/ParagonIggyScorch/Characters/Global/MaterialLayers/Fabric/ML_Whool02.uasset" 4975
"../../Plugins/Interchange/Runtime/Content/gltf/Textures/T_White_srgb.uasset" 4976
"C:/PG/TGS_TeamK/Content/ParagonIggyScorch/Characters/Global/MaterialLayers/Metal/ML_LowContrastHardMetal.uasset" 4977
"../../../Engine/Plugins/Interchange/Runtime/Content/gltf/MaterialFunctions/MF_SpecGlossToMetalRoughness.uasset" 4978
"C:/PG/TGS_TeamK/Content/EPMasterMaterials/Materials/Masters/Functions/UV/MF_EP_UVMinimumControl.uasset" 4979
"../../../Engine/Plugins/Interchange/Runtime/Content/Functions/MX_Transmission.uasset" 4980
"C:/PG/TGS_TeamK/Content/EPMasterMaterials/Materials/Masters/Functions/Opacity/MF_EP_SubSurfaceOpacity.uasset" 4981
"C:/PG/TGS_TeamK/Content/ParagonWraith/FX/Materials/Functions/MF_DitheredRefraction.uasset" 4982
"../../Plugins/Importers/USDImporter/Content/Materials/ChannelSelector.uasset" 4983
"../../Plugins/Importers/USDImporter/Content/Materials/WorldSpaceNormalsToTangentSpace.uasset" 4984
"../../Plugins/Importers/USDImporter/Content/Textures/DefaultColorVT.uasset" 4985
"../../Plugins/Importers/USDImporter/Content/Textures/DefaultLinearColorVT.uasset" 4986
"../../../Engine/Plugins/Interchange/Runtime/Content/Materials/OrenNayerMaterial.uasset" 4987
"../../../Engine/Plugins/Interchange/Runtime/Content/Functions/MX_StandardSurface.uasset" 4988
"../../Plugins/Importers/USDImporter/Content/Materials/DisplayColorAndOpacity.uasset" 4989
"C:/PG/TGS_TeamK/Content/Movies/NewMediaPlayer_Video_Mat.uasset" 4990
"../../Plugins/Importers/USDImporter/Content/Materials/DisplayColor.uasset" 4991
"C:/PG/TGS_TeamK/Content/Low_Poly_Sci-Fi_Corridor/Materials/Emissive/MI_Light_Shaft_Blue.uasset" 4992
"../../Plugins/Interchange/Runtime/Content/Materials/CommonMaterial.uasset" 4993
"C:/PG/TGS_TeamK/Content/Low_Poly_Sci-Fi_Corridor/Materials/Alternate/White/MI_Atlas_White_E_01.uasset" 4994
"C:/PG/TGS_TeamK/Content/Low_Poly_Sci-Fi_Corridor/Materials/MI_Atlas.uasset" 4995
"../../../../../../PG/TGS_TeamK/Content/ParagonWraith/Characters/Global/MaterialLayers/Metal/T_hardmetal2_D.uasset" 4996
"../../../../../../PG/TGS_TeamK/Content/ParagonWraith/Characters/Global/MaterialLayers/Metal/T_ML_Aluminum_01_N.uasset" 4997
"../../../Engine/Content/Functions/Engine_MaterialFunctions01/Texturing/WorldAlignedTexture.uasset" 4998
"../../../../../../PG/TGS_TeamK/Content/ParagonIggyScorch/Characters/Global/MaterialFunctions/MF_ClothShading.uasset" 4999
"../../../../../../PG/TGS_TeamK/Content/ParagonIggyScorch/Characters/Global/MaterialLayers/Fabric/T_Whool01_D.uasset" 5000
"../../../Engine/Content/Functions/MaterialLayerFunctions/MatLayerBlend_TenLayerBlend.uasset" 5001
"../../../../../../PG/TGS_TeamK/Content/ParagonIggyScorch/Characters/Global/MaterialLayers/Fabric/T_HeavyFabric02.uasset" 5002
"../../../../../../PG/TGS_TeamK/Content/ParagonIggyScorch/Characters/Global/MaterialLayers/Fabric/T_HeavyFabric02_N.uasset" 5003
"C:/PG/TGS_TeamK/Content/ParagonWraith/Characters/Global/MaterialLayers/Synthetics/ML_Gem.uasset" 5004
"../../../../../../PG/TGS_TeamK/Content/ParagonIggyScorch/Characters/Global/MaterialFunctions/MF_Character_MaterialLayerQuality.uasset" 5005
"../../../../../../PG/TGS_TeamK/Content/ParagonIggyScorch/Characters/Global/MaterialLayers/Fabric/T_Whool2_D.uasset" 5006
"../../../../../../PG/TGS_TeamK/Content/ParagonIggyScorch/Characters/Global/MaterialLayers/Fabric/T_Whool2_N.uasset" 5007
"C:/PG/TGS_TeamK/Content/ParagonIggyScorch/Characters/Global/MaterialLayers/Painted/ML_Paint_OverMetal02.uasset" 5008
"../../../../../../PG/TGS_TeamK/Content/ParagonIggyScorch/Characters/Global/MaterialLayers/Metal/T_hardmetal2_D.uasset" 5009
"../../../../../../PG/TGS_TeamK/Content/ParagonIggyScorch/Characters/Global/MaterialLayers/Metal/T_ML_Aluminum_01_N.uasset" 5010
"C:/PG/TGS_TeamK/Content/ParagonIggyScorch/Characters/Global/MaterialLayers/Synthetics/ML_Gem.uasset" 5011
"../../Plugins/Interchange/Runtime/Content/gltf/MaterialFunctions/MF_PerceivedBrightness.uasset" 5012
"C:/PG/TGS_TeamK/Content/Enemy/Blueprints/BP_enemy_W.uasset" 5013
"../../../../../../PG/TGS_TeamK/Content/EPMasterMaterials/Materials/Masters/Functions/UV/MF_EP_TriplanarMapping.uasset" 5014
"../../../../../../PG/TGS_TeamK/Content/EPMasterMaterials/Materials/Masters/Functions/UV/MF_EP_UVCoordSwitch.uasset" 5015
"C:/PG/TGS_TeamK/Content/ParagonWraith/Characters/Heroes/Wraith/Anim_Blueprint.uasset" 5016
"../../Plugins/Interchange/Runtime/Content/gltf/MaterialFunctions/MF_Fresnel_DS.uasset" 5017
"../../Plugins/Interchange/Runtime/Content/gltf/MaterialFunctions/MF_Temporal_Blur.uasset" 5018
"C:/PG/TGS_TeamK/Content/ParagonWraith/Characters/Heroes/Wraith/Animations/Lose_Montage.uasset" 5019
"C:/PG/TGS_TeamK/Content/ParagonWraith/Characters/Heroes/Wraith/Animations/test_Montage2.uasset" 5020
"C:/PG/TGS_TeamK/Content/ParagonWraith/Characters/Heroes/Wraith/Animations/Recall_Montage.uasset" 5021
"../../Plugins/Interchange/Runtime/Content/Functions/MF_Iridescence.uasset" 5022
"../../Plugins/Interchange/Runtime/Content/Functions/MF_OrenNayerView.uasset" 5023
"../../Plugins/Interchange/Runtime/Content/Functions/MF_SchlickApprox.uasset" 5024
"C:/PG/TGS_TeamK/Content/ParagonWraith/Characters/Heroes/Wraith/Animations/Idle_Montage.uasset" 5025
"C:/PG/TGS_TeamK/Content/ParagonWraith/Characters/Heroes/Wraith/Animations/Blendspaces/Jog_Original.uasset" 5026
"../../../../../../PG/TGS_TeamK/Content/Movies/NewMediaPlayer_Video.uasset" 5027
"C:/PG/TGS_TeamK/Content/ParagonWraith/Characters/Heroes/Wraith/Animations/LevelStart_Montage.uasset" 5028
"../../../../../../PG/TGS_TeamK/Content/Low_Poly_Sci-Fi_Corridor/Materials/Emissive/M_Light_Shaft.uasset" 5029
"C:/PG/TGS_TeamK/Content/ParagonWraith/Characters/Heroes/Wraith/Animations/Locomotion_Combat/AO/Idle_AO_CD_Combat.uasset" 5030
"../../../../../../PG/TGS_TeamK/Content/Low_Poly_Sci-Fi_Corridor/Materials/M_Base.uasset" 5031
"../../../../../../PG/TGS_TeamK/Content/Low_Poly_Sci-Fi_Corridor/Textures/T_Atlas_White.uasset" 5032
"C:/PG/TGS_TeamK/Content/ParagonWraith/Characters/Heroes/Wraith/Animations/Locomotion_Combat/AO/Idle_AO_CU_Combat.uasset" 5033
"C:/PG/TGS_TeamK/Content/ParagonWraith/Characters/Heroes/Wraith/Animations/Locomotion_Combat/AO/Idle_AO_LC_Combat.uasset" 5034
"C:/PG/TGS_TeamK/Content/ParagonWraith/Characters/Heroes/Wraith/Animations/Locomotion_Combat/AO/Idle_AO_LD_Combat.uasset" 5035
"C:/PG/TGS_TeamK/Content/ParagonWraith/Characters/Heroes/Wraith/Animations/Locomotion_Combat/AO/Idle_AO_LU_Combat.uasset" 5036
"../../../../../../PG/TGS_TeamK/Content/ParagonWraith/Characters/Global/MaterialFunctions/MaterialLayerConstructors/MLC_ScratchAndGrime.uasset" 5037
"../../../../../../PG/TGS_TeamK/Content/ParagonWraith/Characters/Global/MaterialFunctions/MaterialLayerConstructors/MLC_Standard.uasset" 5038
"../../../../../../PG/TGS_TeamK/Content/ParagonWraith/Characters/Global/MaterialLayers/Metal/T_Blank_N.uasset" 5039
"../../../../../../PG/TGS_TeamK/Content/ParagonWraith/Characters/Global/MaterialLayers/Synthetics/T_Wraith_Eye_D.uasset" 5040
"C:/PG/TGS_TeamK/Content/ParagonWraith/Characters/Heroes/Wraith/Animations/Locomotion_Combat/AO/Idle_AO_RC_Combat.uasset" 5041
"../../../../../../PG/TGS_TeamK/Content/ParagonIggyScorch/Characters/Global/MaterialFunctions/MaterialLayerConstructors/MLC_ScratchAndGrime.uasset" 5042
"../../../../../../PG/TGS_TeamK/Content/ParagonIggyScorch/Characters/Global/MaterialLayers/Painted/T_Cream_Painted_Metal_N.uasset" 5043
"../../../../../../PG/TGS_TeamK/Content/ParagonIggyScorch/Characters/Global/MaterialLayers/Rock/T_TilingRock01_D.uasset" 5044
"C:/PG/TGS_TeamK/Content/ParagonWraith/Characters/Heroes/Wraith/Animations/Locomotion_Combat/AO/Idle_AO_RD_Combat.uasset" 5045
"../../../../../../PG/TGS_TeamK/Content/ParagonIggyScorch/Characters/Global/MaterialFunctions/MaterialLayerConstructors/MLC_Standard.uasset" 5046
"../../../../../../PG/TGS_TeamK/Content/ParagonIggyScorch/Characters/Global/MaterialLayers/Metal/T_Blank_N.uasset" 5047
"../../../../../../PG/TGS_TeamK/Content/ParagonIggyScorch/Characters/Global/MaterialLayers/Synthetics/T_Iggy_Eye_D.uasset" 5048
"C:/PG/TGS_TeamK/Content/ParagonWraith/Characters/Heroes/Wraith/Animations/Locomotion_Combat/AO/Idle_AO_RU_Combat.uasset" 5049
"../../../../../../PG/TGS_TeamK/Content/Enemy/Blueprints/WBP_Enemy.uasset" 5050
"C:/PG/TGS_TeamK/Content/ParagonWraith/Characters/Heroes/Wraith/Animations/Death.uasset" 5051
"../../../../../../PG/TGS_TeamK/Content/ParagonWraith/Characters/Heroes/Wraith/Animations/Locomotion_Combat/Idle_Combat.uasset" 5052
"C:/PG/TGS_TeamK/Content/ParagonWraith/Characters/Heroes/Wraith/Animations/Fire_A_Slow_Montage.uasset" 5053
"../../../../../../PG/TGS_TeamK/Content/ParagonWraith/Characters/Heroes/Wraith/Animations/Stun_Loop.uasset" 5054
"../../../../../../PG/TGS_TeamK/Content/ParagonWraith/Characters/Heroes/Wraith/Animations/Stun_Start.uasset" 5055
"../../../Engine/Content/EngineSky/SM_SkySphere.uasset" 5056
"../../../../../../PG/TGS_TeamK/Content/ParagonWraith/Characters/Heroes/Wraith/Animations/Recall.uasset" 5057
"C:/PG/TGS_TeamK/Content/EPMasterMaterials/Materials/Masters/Functions/BaseColor/MF_EP_ColorAdjustmentAlbedo.uasset" 5058
"../../../../../../PG/TGS_TeamK/Content/ParagonWraith/Characters/Heroes/Wraith/Animations/Recall_Revers.uasset" 5059
"C:/PG/TGS_TeamK/Content/EPMasterMaterials/Materials/Masters/Functions/AO/MF_EP_AOMap.uasset" 5060
"../../../../../../PG/TGS_TeamK/Content/ParagonWraith/Characters/Heroes/Wraith/Animations/Idle_NonCombat.uasset" 5061
"C:/PG/TGS_TeamK/Content/EPMasterMaterials/Materials/Masters/Functions/Metallic/MF_EP_MetallicMap.uasset" 5062
"../../../../../../PG/TGS_TeamK/Content/ParagonWraith/Characters/Heroes/Wraith/Animations/Locomotion_Combat/Jog_Bwd_Combat.uasset" 5063
"../../../../../../PG/TGS_TeamK/Content/ParagonWraith/Characters/Heroes/Wraith/Animations/Locomotion_Combat/Jog_Fwd_Combat.uasset" 5064
"../../../../../../PG/TGS_TeamK/Content/ParagonWraith/Characters/Heroes/Wraith/Animations/Locomotion_Combat/Jog_Left_Combat.uasset" 5065
"../../../../../../PG/TGS_TeamK/Content/ParagonWraith/Characters/Heroes/Wraith/Animations/Locomotion_Combat/Jog_Right_Combat.uasset" 5066
"C:/PG/TGS_TeamK/Content/EPMasterMaterials/Materials/Masters/Functions/Opacity/MF_EP_OpacityMap.uasset" 5067
"../../../../../../PG/TGS_TeamK/Content/ParagonWraith/Characters/Heroes/Wraith/Animations/Level_Start.uasset" 5068
"C:/PG/TGS_TeamK/Content/EPMasterMaterials/Materials/Masters/Functions/Roughness/MF_EP_RoughnessMap.uasset" 5069
"../../../../../../PG/TGS_TeamK/Content/ParagonWraith/Characters/Heroes/Wraith/Animations/Locomotion_Combat/AO/Idle_AO_CC_Combat.uasset" 5070
"C:/Users/kbc12306156/AppData/Local/UnrealEngine/Common/DerivedDataCache/Buckets/LegacyAnimSeq/95/fb/cd05a55a9d0d4cd5d3adce62c21b768066a1.udd" 5071
"C:/PG/TGS_TeamK/Content/EPMasterMaterials/Materials/Masters/Functions/Specular/MF_EP_SpecularMap.uasset" 5072
"C:/PG/TGS_TeamK/Content/Low_Poly_Sci-Fi_Corridor/Models/Props/SM_Generator_02_C.uasset" 5073
"C:/PG/TGS_TeamK/Content/Low_Poly_Sci-Fi_Corridor/Particles/P_Beam_01.uasset" 5074
"C:/Users/kbc12306156/AppData/Local/UnrealEngine/Common/DerivedDataCache/Buckets/LegacyAnimSeq/b1/70/39aedf645517b28769371e8396f6aba065ff.udd" 5075
"C:/PG/TGS_TeamK/Content/Low_Poly_Sci-Fi_Corridor/Particles/P_Beam_02_Big.uasset" 5076
"C:/PG/TGS_TeamK/Content/ParagonWraith/Characters/Heroes/Wraith/Materials/MLayer/ML_WraithGunmetal02.uasset" 5077
"C:/PG/TGS_TeamK/Content/ParagonWraith/Characters/Global/MaterialFunctions/MF_HitFlash.uasset" 5078
"C:/Users/kbc12306156/AppData/Local/UnrealEngine/Common/DerivedDataCache/Buckets/LegacyAnimSeq/f2/97/7a2137094058bfc83dc439b588a1eb80b346.udd" 5079
"C:/PG/TGS_TeamK/Content/ParagonWraith/Characters/Global/MaterialLayers/Metal/ML_blue_Metal.uasset" 5080
"C:/PG/TGS_TeamK/Content/ParagonWraith/Characters/Global/MaterialLayers/Metal/ML_Gray_Gun_Metal.uasset" 5081
"../../../../../../PG/TGS_TeamK/Content/ParagonWraith/Characters/Heroes/Wraith/Animations/Death_Forward.uasset" 5082
"C:/PG/TGS_TeamK/Content/ParagonWraith/Characters/Global/MaterialLayers/Metal/ML_Brushed_Copper2.uasset" 5083
"../../../../../../PG/TGS_TeamK/Content/ParagonWraith/Characters/Heroes/Wraith/Animations/Fire_A_Slow.uasset" 5084
"C:/PG/TGS_TeamK/Content/ParagonWraith/Characters/Global/MaterialLayers/Metal/ML_Gray_Gun_Metal4.uasset" 5085
"C:/PG/TGS_TeamK/Content/ParagonWraith/Characters/Global/MaterialLayers/Synthetics/ML_RoughPlastic.uasset" 5086
"C:/PG/TGS_TeamK/Content/ParagonIggyScorch/Characters/Heroes/IggyScorch/Animations/Death_Back_Montage.uasset" 5087
"../../../../../../PG/TGS_TeamK/Content/EPMasterMaterials/Materials/Masters/Functions/Generic/MF_EP_ModifyMask.uasset" 5088
"C:/PG/TGS_TeamK/Content/ParagonIggyScorch/Characters/Heroes/IggyScorch/Animations/SelectScreen_Start_Montage.uasset" 5089
"C:/PG/TGS_TeamK/Content/ParagonIggyScorch/Characters/Heroes/IggyScorch/Animations/AimOffset/Iggy_Scorch_AO_CD.uasset" 5090
"C:/PG/TGS_TeamK/Content/ParagonIggyScorch/Characters/Heroes/IggyScorch/Animations/AimOffset/Iggy_Scorch_AO_CU.uasset" 5091
"C:/PG/TGS_TeamK/Content/ParagonIggyScorch/Characters/Heroes/IggyScorch/Animations/AimOffset/IggyScorch_AO_CD.uasset" 5092
"../../../../../../PG/TGS_TeamK/Content/EPMasterMaterials/Materials/Masters/Functions/Specular/MF_EP_SpecularCorrection.uasset" 5093
"C:/PG/TGS_TeamK/Content/ParagonIggyScorch/Characters/Heroes/IggyScorch/Animations/AimOffset/IggyScorch_AO_CU.uasset" 5094
"../../../../../../PG/TGS_TeamK/Content/Low_Poly_Sci-Fi_Corridor/Materials/Emissive/MI_Emission_Yellow.uasset" 5095
"C:/Users/kbc12306156/AppData/Local/UnrealEngine/Common/DerivedDataCache/Buckets/StaticMesh/05/35/20a5bca88c3b9b73735f61cf200eb18cc53f.udd" 5096
"C:/Users/kbc12306156/AppData/Local/UnrealEngine/Common/DerivedDataCache/Buckets/LegacyDIST/57/81/32e8209903e19288504a81d16b8ea01af69c.udd" 5097
"C:/Users/kbc12306156/AppData/Local/UnrealEngine/Common/DerivedDataCache/Buckets/LegacyCARD/df/98/b5424e3022872781138a83c6f01288a0ffdf.udd" 5098
"C:/Users/kbc12306156/AppData/Local/UnrealEngine/Common/DerivedDataCache/Buckets/LegacyNavCollision/22/3a/1b92d51f067a3f8432ace5aba7c1ca4edb51.udd" 5099
"C:/PG/TGS_TeamK/Content/ParagonIggyScorch/Characters/Heroes/IggyScorch/Animations/AimOffset/IggyScorch_AO_LC.uasset" 5100
"../../../../../../PG/TGS_TeamK/Content/Low_Poly_Sci-Fi_Corridor/Particles/Materials/M_Beam.uasset" 5101
"C:/PG/TGS_TeamK/Content/ParagonIggyScorch/Characters/Heroes/IggyScorch/Animations/AimOffset/IggyScorch_AO_LD.uasset" 5102
"C:/PG/TGS_TeamK/Content/ParagonIggyScorch/Characters/Heroes/IggyScorch/Animations/AimOffset/IggyScorch_AO_LU.uasset" 5103
"../../../../../../PG/TGS_TeamK/Content/ParagonWraith/Characters/Global/MaterialLayers/Metal/T_Primer_Black_Metal2.uasset" 5104
"../../../../../../PG/TGS_TeamK/Content/ParagonWraith/Characters/Heroes/Wraith/Textures/T_Wraith_Gun_RGB.uasset" 5105
"C:/PG/TGS_TeamK/Content/ParagonIggyScorch/Characters/Heroes/IggyScorch/Animations/AimOffset/IggyScorch_AO_RC.uasset" 5106
"../../../../../../PG/TGS_TeamK/Content/ParagonWraith/Characters/Global/MaterialLayers/ML__Blank.uasset" 5107
"C:/PG/TGS_TeamK/Content/ParagonIggyScorch/Characters/Heroes/IggyScorch/Animations/AimOffset/IggyScorch_AO_RD.uasset" 5108
"../../../../../../PG/TGS_TeamK/Content/ParagonWraith/Characters/Global/MaterialLayers/Metal/T_Blue_Metal02.uasset" 5109
"../../../../../../PG/TGS_TeamK/Content/ParagonWraith/Characters/Global/MaterialLayers/Rubber/T_Blank_N.uasset" 5110
"C:/PG/TGS_TeamK/Content/ParagonIggyScorch/Characters/Heroes/IggyScorch/Animations/AimOffset/IggyScorch_AO_RU.uasset" 5111
"../../../../../../PG/TGS_TeamK/Content/ParagonWraith/Characters/Global/MaterialLayers/Metal/T_Primer_Black_Metal.uasset" 5112
"../../../../../../PG/TGS_TeamK/Content/ParagonWraith/Characters/Global/MaterialLayers/Metal/T_Wraith_Body_Color_Overlay.uasset" 5113
"C:/PG/TGS_TeamK/Content/ParagonIggyScorch/Characters/Heroes/IggyScorch/Animations/BlendSpaces/Jog_Lean_FWD.uasset" 5114
"C:/PG/TGS_TeamK/Content/ParagonIggyScorch/Characters/Heroes/IggyScorch/Animations/LevelStart_Montage.uasset" 5115
"C:/PG/TGS_TeamK/Content/ParagonIggyScorch/Characters/Heroes/IggyScorch/Animations/Primary_Med_Fire_Montage.uasset" 5116
"../../../../../../PG/TGS_TeamK/Content/ParagonWraith/Characters/Global/MaterialFunctions/MaterialLayerConstructors/MF_BaseColorTintAndContrast.uasset" 5117
"../../../../../../PG/TGS_TeamK/Content/ParagonWraith/Characters/Global/MaterialFunctions/MaterialLayerConstructors/MF_RoughnessAdjustment.uasset" 5118
"../../../../../../PG/TGS_TeamK/Content/ParagonWraith/Characters/Global/MaterialLayers/Synthetics/T_Rough_Plastic_D.uasset" 5119
"C:/PG/TGS_TeamK/Content/ParagonWraith/Characters/Global/MaterialLayers/Synthetics/ML_CarbonFiber.uasset" 5120
"../../../../../../PG/TGS_TeamK/Content/ParagonIggyScorch/Characters/Heroes/IggyScorch/Animations/Death_Back.uasset" 5121
"C:/PG/TGS_TeamK/Content/DropShip/R35/Dropship_R35_Dropship_R35.uasset" 5122
"../../../../../../PG/TGS_TeamK/Content/ParagonIggyScorch/Characters/Heroes/IggyScorch/Animations/SelectScreen_Start.uasset" 5123
"C:/Users/kbc12306156/AppData/Local/UnrealEngine/Common/DerivedDataCache/Buckets/LegacyAnimSeq/0f/c4/c3e6448a7b9959fbe22525008534e35728ab.udd" 5124
"C:/PG/TGS_TeamK/Content/DropShip/R35/Dropship_R35_Dropship_R35-Engine1.uasset" 5125
"../../../../../../PG/TGS_TeamK/Content/ParagonIggyScorch/Characters/Heroes/IggyScorch/Animations/AimOffset/Iggy_Scorch_AO_CC.uasset" 5126
"C:/PG/TGS_TeamK/Content/DropShip/R35/Dropship_R35_Dropship_R35-Engine2.uasset" 5127
"C:/PG/TGS_TeamK/Content/DropShip/R35/Dropship_R35_Dropship_R35-Landing-L.uasset" 5128
"../../../../../../PG/TGS_TeamK/Content/ParagonIggyScorch/Characters/Heroes/IggyScorch/Animations/AimOffset/IggyScorch_AO_CC.uasset" 5129
"C:/Users/kbc12306156/AppData/Local/UnrealEngine/Common/DerivedDataCache/Buckets/LegacyAnimSeq/1a/29/ce8adbda419f90357ee0c428926fe883c6e7.udd" 5130
"C:/PG/TGS_TeamK/Content/DropShip/R35/Dropship_R35_Dropship_R35-Landing-R.uasset" 5131
"C:/PG/TGS_TeamK/Content/DropShip/R35/Dropship_R35_Dropship_R35-Landing_Front.uasset" 5132
"C:/PG/TGS_TeamK/Content/DropShip/R35/Dropship_R35_Dropship_R35-Laser.uasset" 5133
"C:/Users/kbc12306156/AppData/Local/UnrealEngine/Common/DerivedDataCache/Buckets/LegacyAnimSeq/68/2e/2044b7830fec2c24a508b2857e1ea4636bfc.udd" 5134
"C:/PG/TGS_TeamK/Content/DropShip/R35/Dropship_R35_Dropship_Hatch.uasset" 5135
"C:/PG/TGS_TeamK/Content/Enemy/Blueprints/NewMaterial.uasset" 5136
"C:/PG/TGS_TeamK/Content/Free_Spells/Materials/M_Free_Spells_Sparks.uasset" 5137
"C:/Users/kbc12306156/AppData/Local/UnrealEngine/Common/DerivedDataCache/Buckets/LegacyAnimSeq/38/31/e17a20d4a8bd55a662fbb5631c28205e80ec.udd" 5138
"C:/PG/TGS_TeamK/Content/ArrowTrail/Material/M_Master/M_SimpleParticle.uasset" 5139
"C:/PG/TGS_TeamK/Content/ParagonIggyScorch/Characters/Global/Eyes/Materials/M_Eye_Occlusion.uasset" 5140
"../../../../../../PG/TGS_TeamK/Content/ParagonIggyScorch/Characters/Heroes/IggyScorch/Animations/Jog_Fwd.uasset" 5141
"../../../../../../PG/TGS_TeamK/Content/ParagonIggyScorch/Characters/Heroes/IggyScorch/Animations/Jog_Fwd_CircleLeft.uasset" 5142
"../../../../../../PG/TGS_TeamK/Content/ParagonIggyScorch/Characters/Heroes/IggyScorch/Animations/Jog_Fwd_CircleRight.uasset" 5143
"C:/PG/TGS_TeamK/Content/ParagonIggyScorch/Characters/Global/MaterialFunctions/HitFlash.uasset" 5144
"../../../../../../PG/TGS_TeamK/Content/ParagonIggyScorch/Characters/Heroes/IggyScorch/Animations/LevelStart.uasset" 5145
"C:/PG/TGS_TeamK/Content/ParagonIggyScorch/Characters/Global/MaterialLayers/Metal/ML_blue_Metal.uasset" 5146
"../../../../../../PG/TGS_TeamK/Content/ParagonIggyScorch/Characters/Heroes/IggyScorch/Animations/Primary_Med_Fire.uasset" 5147
"C:/PG/TGS_TeamK/Content/ParagonIggyScorch/Characters/Global/MaterialLayers/Metal/ML_Gray_Flat_Black_Metal3.uasset" 5148
"../../../../../../PG/TGS_TeamK/Content/ParagonWraith/Characters/Global/MaterialLayers/Painted/T_Cream_Paint_D.uasset" 5149
"../../../../../../PG/TGS_TeamK/Content/ParagonWraith/Characters/Global/MaterialLayers/Synthetics/T_Carbon_Color.uasset" 5150
"../../../../../../PG/TGS_TeamK/Content/ParagonWraith/Characters/Global/MaterialLayers/Synthetics/T_CF_Nor.uasset" 5151
"C:/PG/TGS_TeamK/Content/ParagonIggyScorch/Characters/Global/MaterialLayers/Painted/ML_Paint_OverMetal.uasset" 5152
"../../../../../../PG/TGS_TeamK/Content/DropShip/R35/R35_Textures/M_R35_AO.uasset" 5153
"C:/Users/kbc12306156/AppData/Local/UnrealEngine/Common/DerivedDataCache/Buckets/StaticMesh/83/a3/2622d5971f9d2f0f7ce8c64b54d2b125e41d.udd" 5154
"C:/Users/kbc12306156/AppData/Local/UnrealEngine/Common/DerivedDataCache/Buckets/LegacyDIST/86/e7/f05072c593fa41263f5fbd02427c8706b432.udd" 5155
"C:/Users/kbc12306156/AppData/Local/UnrealEngine/Common/DerivedDataCache/Buckets/LegacyCARD/b4/2c/c0ee18aa7194d6a8c389a4ef88cfb3f5d946.udd" 5156
"C:/Users/kbc12306156/AppData/Local/UnrealEngine/Common/DerivedDataCache/Buckets/LegacyChaosGeometryData/3d/d9/264886a086b1e48a79c464b13ace6807e23e.udd" 5157
"C:/Users/kbc12306156/AppData/Local/UnrealEngine/Common/DerivedDataCache/Buckets/LegacyNavCollision/e5/0b/e035b68fefc4e9cbcc0014ddc4cb172f4019.udd" 5158
"C:/PG/TGS_TeamK/Content/ParagonIggyScorch/Characters/Global/MaterialLayers/Metal/ML_Brushed_Copper2.uasset" 5159
"C:/Users/kbc12306156/AppData/Local/UnrealEngine/Common/DerivedDataCache/Buckets/StaticMesh/0e/35/4a260ec7d80f56cc6b8b3e83cd2c4d36e1c9.udd" 5160
"C:/Users/kbc12306156/AppData/Local/UnrealEngine/Common/DerivedDataCache/Buckets/LegacyDIST/0f/70/bbfbf30b9f93738a01b462f3b945fc03bdf1.udd" 5161
"C:/Users/kbc12306156/AppData/Local/UnrealEngine/Common/DerivedDataCache/Buckets/LegacyCARD/a3/00/72a108bce956119cc86789c69a40c44843ba.udd" 5162
"C:/Users/kbc12306156/AppData/Local/UnrealEngine/Common/DerivedDataCache/Buckets/LegacyNavCollision/04/88/598a53fe27745ae29750c29a5a60fdde6d06.udd" 5163
"C:/PG/TGS_TeamK/Content/ParagonIggyScorch/Characters/Global/MaterialLayers/Metal/ML_CastIron.uasset" 5164
"C:/Users/kbc12306156/AppData/Local/UnrealEngine/Common/DerivedDataCache/Buckets/StaticMesh/f4/18/744da759310135b7b19087f20a12ec761bf4.udd" 5165
"C:/Users/kbc12306156/AppData/Local/UnrealEngine/Common/DerivedDataCache/Buckets/LegacyDIST/ae/16/6bb5b974c5eb56450671ac3b04f5be6db701.udd" 5166
"C:/Users/kbc12306156/AppData/Local/UnrealEngine/Common/DerivedDataCache/Buckets/LegacyCARD/20/15/e1be116488ec1163b2e89bd67a2b7cb1a0d9.udd" 5167
"C:/Users/kbc12306156/AppData/Local/UnrealEngine/Common/DerivedDataCache/Buckets/LegacyNavCollision/d2/ca/cd650302e91fba55aabc38231c9b70359a17.udd" 5168
"C:/PG/TGS_TeamK/Content/ParagonIggyScorch/Characters/Heroes/IggyScorch/Materials/MF/MF_IggyScorch_Mount_Emissive.uasset" 5169
"C:/Users/kbc12306156/AppData/Local/UnrealEngine/Common/DerivedDataCache/Buckets/StaticMesh/d8/06/dadf674b2ffe8f1e1dbc24bbee51e85e43ea.udd" 5170
"C:/Users/kbc12306156/AppData/Local/UnrealEngine/Common/DerivedDataCache/Buckets/LegacyDIST/87/61/09c536a3744fbc08223d02027f42fe02aeca.udd" 5171
"C:/Users/kbc12306156/AppData/Local/UnrealEngine/Common/DerivedDataCache/Buckets/LegacyCARD/6c/79/4ffdcf32b92e2d9e8e0bb89974b13f4f4293.udd" 5172
"C:/Users/kbc12306156/AppData/Local/UnrealEngine/Common/DerivedDataCache/Buckets/LegacyNavCollision/95/c6/4f4abb59f797fafa51cbb8fac4b72a49ac61.udd" 5173
"C:/PG/TGS_TeamK/Content/ParagonIggyScorch/Characters/Global/MaterialLayers/Metal/ML_BladeMetal.uasset" 5174
"C:/Users/kbc12306156/AppData/Local/UnrealEngine/Common/DerivedDataCache/Buckets/StaticMesh/1d/64/80d0f2fd6d54dbcf91d35c0ae9bb64f2b0f1.udd" 5175
"C:/Users/kbc12306156/AppData/Local/UnrealEngine/Common/DerivedDataCache/Buckets/LegacyDIST/ad/2d/22b117024b3f318e6d507441c77fbf5e6bb1.udd" 5176
"C:/Users/kbc12306156/AppData/Local/UnrealEngine/Common/DerivedDataCache/Buckets/LegacyCARD/90/16/3d95ab7bf7e403758d8e8f1e9876f0221632.udd" 5177
"C:/Users/kbc12306156/AppData/Local/UnrealEngine/Common/DerivedDataCache/Buckets/LegacyNavCollision/6e/cb/e7a6260f7a56a9ba86228c5c8a88aaede30f.udd" 5178
"C:/PG/TGS_TeamK/Content/ParagonIggyScorch/Characters/Global/MaterialLayers/Metal/ML_Dark_Metal.uasset" 5179
"C:/Users/kbc12306156/AppData/Local/UnrealEngine/Common/DerivedDataCache/Buckets/StaticMesh/cd/6b/e15848e06bc38375d49c8d5a02a55546a218.udd" 5180
"C:/Users/kbc12306156/AppData/Local/UnrealEngine/Common/DerivedDataCache/Buckets/LegacyDIST/c9/71/06b2f79c628ff168b71e53f5ebbe5e3a3111.udd" 5181
"C:/Users/kbc12306156/AppData/Local/UnrealEngine/Common/DerivedDataCache/Buckets/LegacyCARD/d1/74/c905ce1b50c8963a036dedc825dbb98f17ee.udd" 5182
"C:/Users/kbc12306156/AppData/Local/UnrealEngine/Common/DerivedDataCache/Buckets/LegacyNavCollision/b2/27/bc3e2adad6b4a385a0a985535797ba208c07.udd" 5183
"C:/PG/TGS_TeamK/Content/RSG_UnderWater_Pack/FPS/Materials/Mech/MI_FPS_Mech_Bottom.uasset" 5184
"C:/Users/kbc12306156/AppData/Local/UnrealEngine/Common/DerivedDataCache/Buckets/StaticMesh/9a/4e/d51b5618ba1ad72a88645bfc4420b9b59020.udd" 5185
"C:/Users/kbc12306156/AppData/Local/UnrealEngine/Common/DerivedDataCache/Buckets/LegacyDIST/e6/45/4d17675541c9a298caa3fe708323042bb6c8.udd" 5186
"C:/Users/kbc12306156/AppData/Local/UnrealEngine/Common/DerivedDataCache/Buckets/LegacyCARD/7f/1f/c47d246bb917b4bfddbdb846824af9a4e23e.udd" 5187
"C:/Users/kbc12306156/AppData/Local/UnrealEngine/Common/DerivedDataCache/Buckets/LegacyNavCollision/a7/2d/b456e3b53b147ddc6aeff9639d0e40a1a75a.udd" 5188
"C:/PG/TGS_TeamK/Content/RSG_UnderWater_Pack/FPS/Materials/Mech/MI_FPS_Mech_LOD2.uasset" 5189
"C:/Users/kbc12306156/AppData/Local/UnrealEngine/Common/DerivedDataCache/Buckets/StaticMesh/ef/d0/215862ee3ec8fa271443fa80a9f105c03287.udd" 5190
"C:/Users/kbc12306156/AppData/Local/UnrealEngine/Common/DerivedDataCache/Buckets/LegacyDIST/93/f6/a8558bb8264721148019cb6ece535b27180a.udd" 5191
"C:/Users/kbc12306156/AppData/Local/UnrealEngine/Common/DerivedDataCache/Buckets/LegacyCARD/26/f6/2846e18617f863e47531ff1505ac3491535d.udd" 5192
"C:/Users/kbc12306156/AppData/Local/UnrealEngine/Common/DerivedDataCache/Buckets/LegacyNavCollision/91/a1/5ece5de13beb44fc1798abdfc85d8240bb73.udd" 5193
"C:/PG/TGS_TeamK/Content/RSG_UnderWater_Pack/FPS/Materials/Mech/MI_FPS_Mech_Shotgun.uasset" 5194
"C:/PG/TGS_TeamK/Content/RSG_UnderWater_Pack/FPS/Materials/Mech/MI_FPS_Mech_Top.uasset" 5195
"C:/PG/TGS_TeamK/Content/gimmicks/untitled.uasset" 5196
"../../../../../../PG/TGS_TeamK/Content/ArrowTrail/Texture/T_White.uasset" 5197
"C:/PG/TGS_TeamK/Content/Free_Spells/Materials/Fragments/MI_Free_Spells_Arrow.uasset" 5198
"../../../../../../PG/TGS_TeamK/Content/ParagonIggyScorch/Characters/Global/Eyes/Textures/T_EyeOcclusion2.uasset" 5199
"C:/PG/TGS_TeamK/Content/Free_Spells/Materials/Fragments/MI_Free_Spells_Lightning.uasset" 5200
"../../../../../../PG/TGS_TeamK/Content/ParagonIggyScorch/Characters/Global/MaterialLayers/ML__Blank.uasset" 5201
"C:/PG/TGS_TeamK/Content/Free_Spells/Materials/MI_Free_Spells_Flash2.uasset" 5202
"../../../../../../PG/TGS_TeamK/Content/ParagonIggyScorch/Characters/Global/MaterialLayers/Metal/T_Blue_Metal02.uasset" 5203
"../../../../../../PG/TGS_TeamK/Content/ParagonIggyScorch/Characters/Global/MaterialLayers/Rubber/T_Blank_N.uasset" 5204
"C:/PG/TGS_TeamK/Content/ParagonWraith/FX/Materials/Tech/M_GlowPoint_CameraFacing.uasset" 5205
"../../../../../../PG/TGS_TeamK/Content/ParagonIggyScorch/Characters/Global/MaterialLayers/Metal/T_Gray_Flat_Black2.uasset" 5206
"../../../../../../PG/TGS_TeamK/Content/ParagonIggyScorch/Characters/Global/MaterialLayers/Metal/T_Rough_Metal_N.uasset" 5207
"C:/PG/TGS_TeamK/Content/Generic_Item_Destruction_FX/Visual_Effects/NiagaraSystem/NS_Metal.uasset" 5208
"C:/PG/TGS_TeamK/Content/ParagonIggyScorch/Characters/Global/MaterialLayers/Leather/ML_Dark_Leather_Brown.uasset" 5209
"C:/PG/TGS_TeamK/Content/ParagonIggyScorch/Characters/Global/MaterialLayers/Metal/ML_SoftMetal01.uasset" 5210
"C:/PG/TGS_TeamK/Content/ParagonIggyScorch/Characters/Global/MaterialLayers/Metal/ML_SoftMetal03.uasset" 5211
"../../../../../../PG/TGS_TeamK/Content/ParagonIggyScorch/Characters/Heroes/IggyScorch/Textures/T_IggyScorch_Mount_Front_EMISS.uasset" 5212
"C:/PG/TGS_TeamK/Content/ParagonIggyScorch/Characters/Global/MaterialLayers/Fabric/ML_Canvas_Grey01.uasset" 5213
"C:/PG/TGS_TeamK/Content/ParagonIggyScorch/Characters/Global/MaterialLayers/Rubber/ML_Dark_rubber.uasset" 5214
"../../../../../../PG/TGS_TeamK/Content/ParagonIggyScorch/Characters/Global/MaterialLayers/Metal/T_Dark_Metal_D_2.uasset" 5215
"C:/PG/TGS_TeamK/Content/ParagonIggyScorch/Characters/Global/MaterialLayers/Rubber/ML_Rubber.uasset" 5216
"../../../../../../PG/TGS_TeamK/Content/RSG_UnderWater_Pack/FPS/Materials/Master/M_Master_Opaque.uasset" 5217
"../../../../../../PG/TGS_TeamK/Content/RSG_UnderWater_Pack/FPS/Textures/Mech/T_Mech_Bottom/T_Mech_Bottom_E.uasset" 5218
"C:/PG/TGS_TeamK/Content/ParagonIggyScorch/Characters/Global/MaterialLayers/Rubber/ML_DarkSoft_Rubber.uasset" 5219
"../../../../../../PG/TGS_TeamK/Content/RSG_UnderWater_Pack/FPS/Textures/Mech/T_Mech_LOD2/T_Mech_LOD2_B.uasset" 5220
"../../../../../../PG/TGS_TeamK/Content/RSG_UnderWater_Pack/FPS/Textures/Mech/T_Mech_LOD2/T_Mech_LOD2_E.uasset" 5221
"../../../../../../PG/TGS_TeamK/Content/RSG_UnderWater_Pack/FPS/Textures/Mech/T_Mech_LOD2/T_Mech_LOD2_N.uasset" 5222
"../../../../../../PG/TGS_TeamK/Content/RSG_UnderWater_Pack/FPS/Textures/Mech/T_Mech_LOD2/T_Mech_LOD2_ORM.uasset" 5223
"C:/PG/TGS_TeamK/Content/ParagonIggyScorch/Characters/Global/MaterialLayers/Rubber/ML_Rubber_LowContrast.uasset" 5224
"../../../../../../PG/TGS_TeamK/Content/RSG_UnderWater_Pack/FPS/Textures/Mech/T_Mech_Shotgun/T_Mech_Shotgun_LOD0_B.uasset" 5225
"../../../../../../PG/TGS_TeamK/Content/RSG_UnderWater_Pack/FPS/Textures/Mech/T_Mech_Shotgun/T_Mech_Shotgun_LOD0_E.uasset" 5226
"../../../../../../PG/TGS_TeamK/Content/RSG_UnderWater_Pack/FPS/Textures/Mech/T_Mech_Shotgun/T_Mech_Shotgun_N.uasset" 5227
"../../../../../../PG/TGS_TeamK/Content/RSG_UnderWater_Pack/FPS/Textures/Mech/T_Mech_Shotgun/T_Mech_Shotgun_ORM.uasset" 5228
"C:/PG/TGS_TeamK/Content/StarterContent/Particles/P_Explosion.uasset" 5229
"../../../../../../PG/TGS_TeamK/Content/RSG_UnderWater_Pack/FPS/Textures/Mech/T_Mech_Top/T_Mech_Top_LOD0_B.uasset" 5230
"../../../../../../PG/TGS_TeamK/Content/RSG_UnderWater_Pack/FPS/Textures/Mech/T_Mech_Top/T_Mech_Top_LOD0_E.uasset" 5231
"../../../../../../PG/TGS_TeamK/Content/RSG_UnderWater_Pack/FPS/Textures/Mech/T_Mech_Top/T_Mech_Top_N.uasset" 5232
"../../../../../../PG/TGS_TeamK/Content/RSG_UnderWater_Pack/FPS/Textures/Mech/T_Mech_Top/T_Mech_Top_ORM.uasset" 5233
"C:/PG/TGS_TeamK/Content/ParagonWraith/Characters/Global/MaterialLayers/Fabric/ML_NylonStrap.uasset" 5234
"../../../../../../PG/TGS_TeamK/Content/StarterContent/Materials/M_Rock_Sandstone.uasset" 5235
"C:/Users/kbc12306156/AppData/Local/UnrealEngine/Common/DerivedDataCache/Buckets/StaticMesh/63/0c/61267f7a4124a89d8f249b0788f4d8c7e791.udd" 5236
"C:/Users/kbc12306156/AppData/Local/UnrealEngine/Common/DerivedDataCache/Buckets/LegacyDIST/b1/76/4e0c19301d85a0c1b5ff6302a213290b02c2.udd" 5237
"C:/Users/kbc12306156/AppData/Local/UnrealEngine/Common/DerivedDataCache/Content/14/1e/7d682e20bb76ecb09211cd874f7b6332ecc0.udd" 5238
"C:/Users/kbc12306156/AppData/Local/UnrealEngine/Common/DerivedDataCache/Buckets/LegacyCARD/73/9f/29ff50e15044a947aad274ace5592b8bb865.udd" 5239
"C:/Users/kbc12306156/AppData/Local/UnrealEngine/Common/DerivedDataCache/Buckets/LegacyNavCollision/2e/a2/35c35cb09a9fa40b612311802c0247d641a4.udd" 5240
"C:/PG/TGS_TeamK/Content/ArrowTrail/Material/MI_Instance/MI_WaterRibbon.uasset" 5241
"../../../../../../PG/TGS_TeamK/Content/Free_Spells/Materials/M_Free_Spells_Flash.uasset" 5242
"../../../../../../PG/TGS_TeamK/Content/Free_Spells/Textures/T_Free_Spells_Arrow.uasset" 5243
"C:/PG/TGS_TeamK/Content/ArrowTrail/Material/MI_Instance/MI_ArrowRibbon_02.uasset" 5244
"../../../../../../PG/TGS_TeamK/Content/Free_Spells/Textures/T_Free_Spells_Lightning.uasset" 5245
"C:/PG/TGS_TeamK/Content/ArrowTrail/Material/MI_Instance/MI_IceRibbon.uasset" 5246
"../../../../../../PG/TGS_TeamK/Content/Free_Spells/Textures/T_Free_Spells_Flash2.uasset" 5247
"C:/PG/TGS_TeamK/Content/Vefects/Easy_Shockwaves_VFX/VFX/Shockwaves/Materials/MI_VFX_Shockwave_01.uasset" 5248
"../../../../../../PG/TGS_TeamK/Content/ParagonWraith/FX/Textures/Masks/T_Square_Triangle_Mask.uasset" 5249
"C:/PG/TGS_TeamK/Content/Vefects/Easy_Shockwaves_VFX/VFX/Shockwaves/Materials/MI_VFX_Shockwave_01_Additive.uasset" 5250
"../../Plugins/FX/Niagara/Content/DefaultAssets/DefaultSpriteMaterial.uasset" 5251
"../../../../../../PG/TGS_TeamK/Content/Generic_Item_Destruction_FX/Visual_Effects/NiagaraEmitter/NE_Destruction_MeshBase.uasset" 5252
"../../Plugins/FX/Niagara/Content/DynamicInputs/UniformRange/V2/RandomRangeFloat.uasset" 5253
"../../Plugins/FX/Niagara/Content/Functions/V2/CalculateRandomRangeFloat.uasset" 5254
"../../Plugins/FX/Niagara/Content/Enums/ENiagaraRandomnessEvaluation.uasset" 5255
"../../Plugins/FX/Niagara/Content/Enums/ENiagaraRandomnessMode.uasset" 5256
"../../Plugins/FX/Niagara/Content/DynamicInputs/UniformRange/V2/RandomRangeInt.uasset" 5257
"../../Plugins/FX/Niagara/Content/Functions/V2/CalculateRandomRangeInteger.uasset" 5258
"../../Plugins/FX/Niagara/Content/DynamicInputs/UniformRange/V2/RandomRangeVector.uasset" 5259
"../../Plugins/FX/Niagara/Content/Functions/V2/CalculateRandomRange.uasset" 5260
"../../Plugins/FX/Niagara/Content/DynamicInputs/ValueFromCurve/ColorFromCurve.uasset" 5261
"../../Plugins/FX/Niagara/Content/DynamicInputs/ValueFromCurve/VectorFromCurve.uasset" 5262
"../../Plugins/FX/Niagara/Content/Modules/Collision/Collision.uasset" 5263
"../../Plugins/FX/Niagara/Content/Functions/CalculateMeshRadius.uasset" 5264
"../../Plugins/FX/Niagara/Content/Enums/ENiagaraCalculateRadiusOptions.uasset" 5265
"../../Plugins/FX/Niagara/Content/Functions/CalculateRadiusFromSpriteSize.uasset" 5266
"../../Plugins/FX/Niagara/Content/Functions/DirectionAndLengthSafe.uasset" 5267
"../../Plugins/FX/Niagara/Content/Functions/Helpers/DoOnce_fn.uasset" 5268
"../../Plugins/FX/Niagara/Content/Functions/Localspace/TransformPosition.uasset" 5269
"../../Plugins/FX/Niagara/Content/Functions/Localspace/TransformBase.uasset" 5270
"../../Plugins/FX/Niagara/Content/Functions/Localspace/TransformVector.uasset" 5271
"../../Plugins/FX/Niagara/Content/Functions/ProjectVectorOnPlane.uasset" 5272
"../../Plugins/FX/Niagara/Content/Functions/Rotation/AxisAngleToQuaternion.uasset" 5273
"../../Plugins/FX/Niagara/Content/Functions/Rotation/MultiplyQuaternion.uasset" 5274
"../../Plugins/FX/Niagara/Content/Modules/Collision/CollisionQueryAndResponse.uasset" 5275
"../../Plugins/FX/Niagara/Content/Functions/Collision/PlaneSphereCollisionDetection.uasset" 5276
"../../Plugins/FX/Niagara/Content/Functions/Collision/RandomizeCollisionNormals.uasset" 5277
"../../Plugins/FX/Niagara/Content/Functions/RandomRangeFloat.uasset" 5278
"../../Plugins/FX/Niagara/Content/Functions/GetRandomInfo.uasset" 5279
"../../Plugins/FX/Niagara/Content/Functions/Rotation/FindQuatBetween.uasset" 5280
"../../Plugins/FX/Niagara/Content/Functions/Rotation/MultiplyVectorWithQuaternion.uasset" 5281
"../../Plugins/FX/Niagara/Content/Functions/Drag/DragVelocity.uasset" 5282
"../../Plugins/FX/Niagara/Content/Functions/Math/CentimeterMeterConversion.uasset" 5283
"../../Plugins/FX/Niagara/Content/Functions/ReflectVector.uasset" 5284
"../../Plugins/FX/Niagara/Content/Functions/Textures/CalculateA_VolumeTexturesDistanceFieldGradient.uasset" 5285
"../../Plugins/FX/Niagara/Content/Enums/ENiagara_Float4Channel.uasset" 5286
"../../Plugins/FX/Niagara/Content/Modules/Collision/NiagaraDistanceFieldCollisions.uasset" 5287
"../../Plugins/FX/Niagara/Content/Modules/Collision/SceneDepthTest.uasset" 5288
"../../Plugins/FX/Niagara/Content/Enums/ENiagara_CPUCollisionType.uasset" 5289
"../../Plugins/FX/Niagara/Content/Enums/ENiagara_GPUCollisionType.uasset" 5290
"../../Plugins/FX/Niagara/Content/Enums/ENiagaraFrictionMergeType.uasset" 5291
"../../Plugins/FX/Niagara/Content/Enums/ENiagaraRestitutionMergeType.uasset" 5292
"../../Plugins/FX/Niagara/Content/Enums/ENiagaraCollisionRadiusOptions.uasset" 5293
"../../Plugins/FX/Niagara/Content/Modules/Emitter/EmitterState.uasset" 5294
"../../Plugins/FX/Niagara/Content/Functions/Emitter/EmitterChangeState.uasset" 5295
"../../Plugins/FX/Niagara/Content/Enums/ENiagara_EmitterStateOptions.uasset" 5296
"../../Plugins/FX/Niagara/Content/Enums/ENiagara_InfiniteLoopDuration.uasset" 5297
"../../Plugins/FX/Niagara/Content/Enums/ENiagaraEmitterLifeCycleMode.uasset" 5298
"../../Plugins/FX/Niagara/Content/Enums/ENiagaraEmitterScalabilityMode_Limited.uasset" 5299
"../../Plugins/FX/Niagara/Content/Enums/ENiagaraExecutionStateManagement.uasset" 5300
"../../Plugins/FX/Niagara/Content/Enums/ENiagaraInactiveMode.uasset" 5301
"../../Plugins/FX/Niagara/Content/Modules/Emitter/SpawnBurst_Instantaneous.uasset" 5302
"../../Plugins/FX/Niagara/Content/Modules/Solvers/SolveForcesAndVelocity.uasset" 5303
"../../Plugins/FX/Niagara/Content/Modules/Solvers/ApplyRotationVector.uasset" 5304
"../../Plugins/FX/Niagara/Content/Icons/Modules/T_Icon_Solver_LimitAccel.uasset" 5305
"../../Plugins/FX/Niagara/Content/Icons/Modules/T_Icon_Solver_LimitSpeed.uasset" 5306
"../../Plugins/FX/Niagara/Content/Icons/Modules/T_Icon_Solver_RotationalSolve.uasset" 5307
"../../Plugins/FX/Niagara/Content/Modules/Spawn/Initialization/V2/InitializeParticle.uasset" 5308
"../../Plugins/FX/Niagara/Content/Functions/LinearColor/HueShiftLinearColor.uasset" 5309
"../../Plugins/FX/Niagara/Content/Functions/Localspace/SimulationPosition.uasset" 5310
"../../Plugins/FX/Niagara/Content/Functions/V2/CalculateRandomBool.uasset" 5311
"../../Plugins/FX/Niagara/Content/Enums/ENiagara_ColorInitializationMode.uasset" 5312
"../../Plugins/FX/Niagara/Content/Enums/ENiagara_LifetimeMode.uasset" 5313
"../../Plugins/FX/Niagara/Content/Enums/ENiagara_MassInitializationMode.uasset" 5314
"../../Plugins/FX/Niagara/Content/Enums/ENiagara_PositionInitializationMode.uasset" 5315
"../../Plugins/FX/Niagara/Content/Enums/ENiagara_SizeScaleMode.uasset" 5316
"../../Plugins/FX/Niagara/Content/Enums/ENiagara_SpriteRotationMode.uasset" 5317
"../../Plugins/FX/Niagara/Content/Enums/ENiagara_UVFlippingMode.uasset" 5318
"../../Plugins/FX/Niagara/Content/Enums/ENiagaraChannelCorrelation.uasset" 5319
"../../Plugins/FX/Niagara/Content/Enums/Ribbons/ENiagara_UnsetDirectSet.uasset" 5320
"../../Plugins/FX/Niagara/Content/Enums/Ribbons/ENiagara_UnsetDirectSetRandom.uasset" 5321
"../../Plugins/FX/Niagara/Content/Modules/Spawn/Location/V2/ShapeLocation.uasset" 5322
"../../Plugins/FX/Niagara/Content/Functions/Math/CalculateRandomPointInConeSphereIntersection.uasset" 5323
"../../Plugins/FX/Niagara/Content/Functions/Rotation/AngleUnitConverter.uasset" 5324
"../../Plugins/FX/Niagara/Content/Enums/Angles/ENiagara_AngleInput.uasset" 5325
"../../Plugins/FX/Niagara/Content/Functions/Math/SaturateFloat.uasset" 5326
"../../Plugins/FX/Niagara/Content/Functions/NormalizedExecutionIndex.uasset" 5327
"../../Plugins/FX/Niagara/Content/Functions/ParametricTorus.uasset" 5328
"../../Plugins/FX/Niagara/Content/Functions/ParametricTorusKnot.uasset" 5329
"../../Plugins/FX/Niagara/Content/Functions/PolarToCartesianCoordinates.uasset" 5330
"../../Plugins/FX/Niagara/Content/Functions/RandomPointInBox.uasset" 5331
"../../Plugins/FX/Niagara/Content/Functions/IsolateLongestVectorComponent.uasset" 5332
"../../Plugins/FX/Niagara/Content/Functions/Rotation/RotateVector2D.uasset" 5333
"../../Plugins/FX/Niagara/Content/Functions/Rotation/TransformStack/TransformStack_Rotation.uasset" 5334
"../../Plugins/FX/Niagara/Content/Functions/Rotation/InvertQuaternion.uasset" 5335
"../../Plugins/FX/Niagara/Content/Functions/Rotation/MakeQuaternionFrom3BasisVectors.uasset" 5336
"../../Plugins/FX/Niagara/Content/Functions/Rotation/MatrixToQuaternion.uasset" 5337
"../../Plugins/FX/Niagara/Content/Functions/Rotation/XYZRotationToQuaternion.uasset" 5338
"../../Plugins/FX/Niagara/Content/Enums/Transforms/ENiagara_RotationMode.uasset" 5339
"../../Plugins/FX/Niagara/Content/Functions/SphericalToCartesianCoordinates.uasset" 5340
"../../Plugins/FX/Niagara/Content/Functions/V2/RemapRange.uasset" 5341
"../../Plugins/FX/Niagara/Content/Enums/ENiagara_AttributeSamplingApplyOutput.uasset" 5342
"../../Plugins/FX/Niagara/Content/Enums/ENiagaraExpansionMode.uasset" 5343
"../../Plugins/FX/Niagara/Content/Enums/ENiagaraShapeTorusMode.uasset" 5344
"../../Plugins/FX/Niagara/Content/Enums/ENiagaraSphereDistributionMode.uasset" 5345
"../../Plugins/FX/Niagara/Content/Enums/ENiagaraTorusDistributionMode.uasset" 5346
"../../Plugins/FX/Niagara/Content/Enums/Location/ENiagara_BoxPlaneMode.uasset" 5347
"../../Plugins/FX/Niagara/Content/Enums/Location/ENiagara_ConeMode.uasset" 5348
"../../Plugins/FX/Niagara/Content/Enums/Location/ENiagara_CylinderMode.uasset" 5349
"../../Plugins/FX/Niagara/Content/Enums/Location/ENiagara_LocationShapes.uasset" 5350
"../../Plugins/FX/Niagara/Content/Enums/Location/ENiagaraRingDiscMode.uasset" 5351
"../../Plugins/FX/Niagara/Content/Enums/Transforms/ENiagara_OffsetMode.uasset" 5352
"../../Plugins/FX/Niagara/Content/Enums/Transforms/ENiagara_ScaleMode.uasset" 5353
"../../Plugins/FX/Niagara/Content/Enums/Transforms/ENiagara_TransformOrder.uasset" 5354
"../../Plugins/FX/Niagara/Content/Enums/Transforms/ENiagara_TransformType.uasset" 5355
"../../Plugins/FX/Niagara/Content/Modules/Spawn/Orientation/V3/InitialMeshOrientation.uasset" 5356
"../../Plugins/FX/Niagara/Content/Functions/Rotation/RandomQuaternion.uasset" 5357
"../../Plugins/FX/Niagara/Content/Enums/ENiagaraMeshTransforms.uasset" 5358
"../../Plugins/FX/Niagara/Content/Enums/Transforms/ENiagara_MeshOrientationOptions.uasset" 5359
"../../Plugins/FX/Niagara/Content/Modules/Spawn/Velocity/AddVelocity.uasset" 5360
"../../Plugins/FX/Niagara/Content/Functions/V2/CalculateRandomUnitVector.uasset" 5361
"../../Plugins/FX/Niagara/Content/Functions/V2/DistanceBasedFalloff.uasset" 5362
"../../Plugins/FX/Niagara/Content/Functions/NormalizeDistanceRange.uasset" 5363
"../../Plugins/FX/Niagara/Content/Enums/Utility/ENiagara_VelocityMode.uasset" 5364
"../../Plugins/FX/Niagara/Content/Modules/Update/Color/Color.uasset" 5365
"../../Plugins/FX/Niagara/Content/Modules/Update/Forces/Drag.uasset" 5366
"../../Plugins/FX/Niagara/Content/Modules/Update/Forces/GravityForce.uasset" 5367
"../../Plugins/FX/Niagara/Content/Modules/Update/Lifetime/ParticleState.uasset" 5368
"../../Plugins/FX/Niagara/Content/Icons/Modules/T_Icon_Particle_InfiniteLife.uasset" 5369
"../../Plugins/FX/Niagara/Content/Modules/Update/Material/DynamicMaterialParameters.uasset" 5370
"../../Plugins/FX/Niagara/Content/Modules/Update/Orientation/V3/UpdateMeshOrientation.uasset" 5371
"../../Plugins/FX/Niagara/Content/Functions/DeriveThirdOrthogonalVector.uasset" 5372
"../../Plugins/FX/Niagara/Content/Functions/Helpers/FN_FirstFrame_Numeric.uasset" 5373
"../../Plugins/FX/Niagara/Content/Functions/MakeVectorsOrthogonal.uasset" 5374
"../../Plugins/FX/Niagara/Content/Functions/Math/InterpolateOverTime_V3_.uasset" 5375
"../../Plugins/FX/Niagara/Content/Functions/Math/V2/SmoothLerpOverTime.uasset" 5376
"../../Plugins/FX/Niagara/Content/Functions/Rotation/LerpQuaternion.uasset" 5377
"../../Plugins/FX/Niagara/Content/Functions/Rotation/MakeQuaternionFromXAndYVectors.uasset" 5378
"../../Plugins/FX/Niagara/Content/Functions/Rotation/MakeQuaternionFromXAndZVectors.uasset" 5379
"../../Plugins/FX/Niagara/Content/Functions/Rotation/RotateAngleOnAxis.uasset" 5380
"../../Plugins/FX/Niagara/Content/Functions/Rotation/TwoVectorsToQuaternion.uasset" 5381
"../../Plugins/FX/Niagara/Content/Enums/Utility/ENiagara_OrientVectorCount.uasset" 5382
"../../Plugins/FX/Niagara/Content/Enums/Utility/ENiagara_UpdateMeshOrientationMode.uasset" 5383
"../../Plugins/FX/Niagara/Content/Modules/Update/Size/ScaleMeshSize.uasset" 5384
"../../../../../../PG/TGS_TeamK/Content/Generic_Item_Destruction_FX/Meshes/SM_piece1.uasset" 5385
"../../../../../../PG/TGS_TeamK/Content/Generic_Item_Destruction_FX/Meshes/SM_piece2.uasset" 5386
"../../../../../../PG/TGS_TeamK/Content/Generic_Item_Destruction_FX/Meshes/SM_piece3.uasset" 5387
"../../../../../../PG/TGS_TeamK/Content/Generic_Item_Destruction_FX/Visual_Effects/NiagaraEmitter/NE_Destruction_SpriteBase.uasset" 5388
"../../Plugins/FX/Niagara/Content/Modules/Update/Size/ScaleSpriteSize.uasset" 5389
"../../Plugins/FX/Niagara/Content/Enums/SpriteRenderer/ENiagara_ScaleSpriteSize.uasset" 5390
"../../Plugins/FX/Niagara/Content/Modules/Update/Size/ScaleSpriteSizeBySpeed.uasset" 5391
"../../Plugins/FX/Niagara/Content/Modules/System/SystemState.uasset" 5392
"../../Plugins/FX/Niagara/Content/Functions/System/SystemChangeState.uasset" 5393
"../../Plugins/FX/Niagara/Content/Enums/ENiagaraSystemInactiveMode.uasset" 5394
"../../Plugins/FX/Niagara/Content/Modules/Update/Forces/V2/CurlNoiseForce.uasset" 5395
"../../Plugins/FX/Niagara/Content/Functions/Localspace/PositionToVector.uasset" 5396
"../../Plugins/FX/Niagara/Content/Functions/ChannelMasks/SelectV4Channel.uasset" 5397
"../../Plugins/FX/Niagara/Content/Enums/ENiagaraVector4_Channels.uasset" 5398
"../../Plugins/FX/Niagara/Content/Functions/V2/ConeMask.uasset" 5399
"../../Plugins/FX/Niagara/Content/Functions/FindAngleBetweenVectors.uasset" 5400
"../../Plugins/FX/Niagara/Content/Enums/ENiagaraCurlNoiseQuality.uasset" 5401
"../../Plugins/FX/Niagara/Content/VectorFields/Assets/TilingCurl16.uasset" 5402
"../../Plugins/FX/Niagara/Content/VectorFields/Assets/TilingCurl32.uasset" 5403
"../../Plugins/FX/Niagara/Content/VectorFields/Assets/TilingCurl64.uasset" 5404
"../../../../../../PG/TGS_TeamK/Content/Generic_Item_Destruction_FX/Meshes/SM_piece4.uasset" 5405
"../../../../../../PG/TGS_TeamK/Content/Generic_Item_Destruction_FX/Meshes/SM_piece5.uasset" 5406
"C:/Users/kbc12306156/AppData/Local/UnrealEngine/Common/DerivedDataCache/Buckets/BulkDataList/4c/c7/849d06161ac8f46ed0c95ffd83a5f12e6fae.udd" 5407
"C:/Users/kbc12306156/AppData/Local/UnrealEngine/Common/DerivedDataCache/Buckets/BulkDataList/b2/9a/6b06a7181a7a05703de45ede382c6edb7bc1.udd" 5408
"C:/Users/kbc12306156/AppData/Local/UnrealEngine/Common/DerivedDataCache/Buckets/BulkDataList/bf/86/f5a134ab3ac3e190ed956dbb29328647e6dc.udd" 5409
"C:/Users/kbc12306156/AppData/Local/UnrealEngine/Common/DerivedDataCache/Buckets/BulkDataList/f9/2f/186c419ca6a8532d78aad0373f82e0b67605.udd" 5410
"C:/Users/kbc12306156/AppData/Local/UnrealEngine/Common/DerivedDataCache/Buckets/BulkDataList/20/fc/8bed32de767d75ed58d70d1f27497ee47044.udd" 5411
"C:/Users/kbc12306156/AppData/Local/UnrealEngine/Common/DerivedDataCache/Buckets/BulkDataList/02/3a/da6cdd1c1c3ef939f70f5a710ea01618e865.udd" 5412
"C:/Users/kbc12306156/AppData/Local/UnrealEngine/Common/DerivedDataCache/Buckets/BulkDataList/90/7e/fdb0d05a7362ac03e81f66582e3009c27249.udd" 5413
"../../../Engine/Plugins/FX/Niagara/Shaders/Private/NiagaraDataInterfaceCurveTemplate.ush" 5414
"C:/Users/kbc12306156/AppData/Local/UnrealEngine/Common/DerivedDataCache/Buckets/LegacyNiagaraScriptDerivedData/d9/9b/ccf76d00d23a91eda4e42c164195d8b23426.udd" 5415
"C:/Users/kbc12306156/AppData/Local/UnrealEngine/Common/DerivedDataCache/Buckets/LegacyNiagaraScriptDerivedData/06/0a/38a07752c35f26cde9cacbc0cc69b3e819dc.udd" 5416
"C:/Users/kbc12306156/AppData/Local/UnrealEngine/Common/DerivedDataCache/Buckets/LegacyNiagaraScriptDerivedData/df/95/6acfae29d27a512461becd379f3ef27dc4c4.udd" 5417
"C:/Users/kbc12306156/AppData/Local/UnrealEngine/Common/DerivedDataCache/Buckets/LegacyNiagaraScriptDerivedData/04/cc/9b5f59021df3a60a1e7c3868bc97e2e3351d.udd" 5418
"C:/Users/kbc12306156/AppData/Local/UnrealEngine/Common/DerivedDataCache/Buckets/LegacyNiagaraScriptDerivedData/a4/ed/56fe07ebca18cbaca753f15178eec7b69932.udd" 5419
"C:/Users/kbc12306156/AppData/Local/UnrealEngine/Common/DerivedDataCache/Buckets/LegacyNiagaraScriptDerivedData/b8/d1/08ab2dfe78f263fe1c9aca25e8fb71ea2682.udd" 5420
"C:/PG/TGS_TeamK/Content/ParagonWraith/Characters/Global/MaterialLayers/Metal/ML_SoftMetal01.uasset" 5421
"../../../../../../PG/TGS_TeamK/Content/ParagonIggyScorch/Characters/Global/MaterialLayers/Leather/T_Dark_Leather.uasset" 5422
"C:/PG/TGS_TeamK/Content/ParagonWraith/FX/Materials/MaterialLayers/Metal/ML_SoftMetal01.uasset" 5423
"../../../../../../PG/TGS_TeamK/Content/ParagonIggyScorch/Characters/Global/MaterialLayers/Metal/T_ML_Aluminum01.uasset" 5424
"C:/PG/TGS_TeamK/Content/ParagonWraith/FX/Materials/MaterialFunctions/HitFlash.uasset" 5425
"C:/PG/TGS_TeamK/Content/ParagonWraith/FX/Materials/MaterialLayers/Metal/ML_blue_Metal.uasset" 5426
"../../../../../../PG/TGS_TeamK/Content/ParagonIggyScorch/Characters/Global/MaterialLayers/Fabric/MF_ClothShading.uasset" 5427
"../../../../../../PG/TGS_TeamK/Content/ParagonIggyScorch/Characters/Global/MaterialLayers/Fabric/T_ML_Canvas_Grey01.uasset" 5428
"../../../Engine/Plugins/Interchange/Runtime/Content/gltf/MaterialFunctions/MF_Normals.uasset" 5429
"../../../../../../PG/TGS_TeamK/Content/ParagonIggyScorch/Characters/Global/MaterialLayers/Rubber/T_Rubber_2.uasset" 5430
"../../../Engine/Plugins/Interchange/Runtime/Content/gltf/MaterialFunctions/MF_Clearcoat.uasset" 5431
"C:/PG/TGS_TeamK/Content/ParagonIggyScorch/FX/Materials/Trails/M_Spline_Tracer_Flame.uasset" 5432
"C:/PG/TGS_TeamK/Content/ParagonIggyScorch/FX/Materials/Game/M_Beam_Laser.uasset" 5433
"../../../../../../PG/TGS_TeamK/Content/ParagonIggyScorch/Characters/Global/MaterialLayers/Rubber/T_Rubber_LowContrast.uasset" 5434
"../../../Engine/Plugins/Interchange/Runtime/Content/gltf/M_Unlit.uasset" 5435
"../../../../../../PG/TGS_TeamK/Content/StarterContent/Particles/Materials/M_Burst.uasset" 5436
"../../../../../../PG/TGS_TeamK/Content/StarterContent/Particles/Materials/M_explosion_subUV.uasset" 5437
"../../../../../../PG/TGS_TeamK/Content/StarterContent/Particles/Materials/m_flare_01.uasset" 5438
"../../../../../../PG/TGS_TeamK/Content/StarterContent/Particles/Materials/M_radial_ramp.uasset" 5439
"../../../../../../PG/TGS_TeamK/Content/StarterContent/Particles/Materials/M_smoke_subUV.uasset" 5440
"C:/Users/kbc12306156/AppData/Local/UnrealEngine/Common/DerivedDataCache/Buckets/BulkDataList/24/08/2c774eb07737c78681b28ba7057b05c87734.udd" 5441
"../../../Engine/Plugins/Importers/USDImporter/Content/Materials/UsdPreviewSurfaceTranslucentVT.uasset" 5442
"../../../../../../PG/TGS_TeamK/Content/ParagonWraith/Characters/Global/MaterialLayers/Fabric/MF_ClothShading.uasset" 5443
"../../../../../../PG/TGS_TeamK/Content/ParagonWraith/Characters/Global/MaterialLayers/Fabric/T_nylonstap_D.uasset" 5444
"../../../Engine/Plugins/Importers/USDImporter/Content/Materials/UsdPreviewSurfaceTranslucent.uasset" 5445
"../../../../../../PG/TGS_TeamK/Content/ArrowTrail/Material/M_Master/M_SimpleTrail.uasset" 5446
"../../../../../../PG/TGS_TeamK/Content/ArrowTrail/Texture/T_Water_Splash.uasset" 5447
"../../../Engine/Plugins/Interchange/Runtime/Content/Materials/ThinTranslucentMaterial.uasset" 5448
"../../../../../../PG/TGS_TeamK/Content/ArrowTrail/Texture/T_Aura.uasset" 5449
"../../../Engine/Plugins/Interchange/Runtime/Content/Materials/SubsurfaceMaterial.uasset" 5450
"../../../../../../PG/TGS_TeamK/Content/ArrowTrail/Texture/T_Ice.uasset" 5451
"../../../Engine/Plugins/Interchange/Runtime/Content/Materials/SheenMaterial.uasset" 5452
"../../../../../../PG/TGS_TeamK/Content/Vefects/Easy_Shockwaves_VFX/Shared/Materials/M_VFX_Shockwave_01.uasset" 5453
"../../../../../../PG/TGS_TeamK/Content/Vefects/Easy_Shockwaves_VFX/Shared/Textures/T_VFX_Easy_Shockwaves_Linear_Mask_01.uasset" 5454
"../../../Engine/Plugins/Interchange/Runtime/Content/Materials/PBRSurfaceMaterial.uasset" 5455
"../../../Engine/Plugins/Interchange/Runtime/Content/Materials/ClearCoatMaterial.uasset" 5456
"../../../../../../PG/TGS_TeamK/Content/ParagonWraith/Characters/Global/MaterialLayers/Metal/T_ML_Aluminum01.uasset" 5457
"C:/PG/TGS_TeamK/Content/ParagonWraith/FX/Materials/M_ShadowPlaneShimmer.uasset" 5458
"../../../../../../PG/TGS_TeamK/Content/ParagonWraith/FX/Materials/MaterialFunctions/MaterialLayerConstructors/MF_BaseColorTintAndContrast.uasset" 5459
"../../../../../../PG/TGS_TeamK/Content/ParagonWraith/FX/Materials/MaterialFunctions/MaterialLayerConstructors/MF_RoughnessAdjustment.uasset" 5460
"../../../../../../PG/TGS_TeamK/Content/ParagonWraith/FX/Materials/MaterialLayers/Metal/T_ML_Aluminum01.uasset" 5461
"C:/PG/TGS_TeamK/Content/ParagonWraith/FX/Materials/Heroes/Wraith/FX/M_Wraith_Drone_ElectroField.uasset" 5462
"../../../../../../PG/TGS_TeamK/Content/ParagonWraith/FX/Materials/MaterialLayers/ML__Blank.uasset" 5463
"../../../Engine/Plugins/Interchange/Runtime/Content/Functions/MX_TransmissionSurface.uasset" 5464
"../../../../../../PG/TGS_TeamK/Content/ParagonWraith/FX/Materials/MaterialFunctions/MaterialLayerConstructors/MLC_ScratchAndGrime.uasset" 5465
"../../../../../../PG/TGS_TeamK/Content/ParagonWraith/FX/Materials/MaterialFunctions/MaterialLayerConstructors/MLC_Standard.uasset" 5466
"../../../../../../PG/TGS_TeamK/Content/ParagonWraith/FX/Materials/MaterialLayers/Metal/T_Blue_Metal02.uasset" 5467
"../../../../../../PG/TGS_TeamK/Content/ParagonWraith/FX/Materials/MaterialLayers/Rubber/T_Blank_N.uasset" 5468
"C:/PG/TGS_TeamK/Content/Low_Poly_Sci-Fi_Corridor/Models/Constructions/SM_Ceiling_01_C.uasset" 5469
"../../Plugins/Interchange/Runtime/Content/gltf/MaterialFunctions/MF_RotateNormals_TS.uasset" 5470
"../../Plugins/Interchange/Runtime/Content/gltf/Textures/T_Generic_N.uasset" 5471
"C:/PG/TGS_TeamK/Content/Low_Poly_Sci-Fi_Corridor/Models/Constructions/SM_Ceiling_01_D.uasset" 5472
"C:/PG/TGS_TeamK/Content/Low_Poly_Sci-Fi_Corridor/Models/Constructions/SM_Floor_01_A.uasset" 5473
"../../../../../../PG/TGS_TeamK/Content/ParagonIggyScorch/FX/Materials/Functions/MF_FX_EmissiveModulate.uasset" 5474
"../../../../../../PG/TGS_TeamK/Content/ParagonIggyScorch/FX/Textures/Masks/T_Bullet_Trail_Mask.uasset" 5475
"../../../../../../PG/TGS_TeamK/Content/ParagonIggyScorch/FX/Textures/Masks/T_SoftEdge_M.uasset" 5476
"../../../../../../PG/TGS_TeamK/Content/ParagonIggyScorch/FX/Textures/Tile/Noise/T_soft_noise_even_distribution.uasset" 5477
"../../../../../../PG/TGS_TeamK/Content/ParagonIggyScorch/FX/Textures/trails/T_Silky_Smoke_Trail.uasset" 5478
"C:/PG/TGS_TeamK/Content/Low_Poly_Sci-Fi_Corridor/Models/Constructions/SM_Floor_01_B.uasset" 5479
"../../../../../../PG/TGS_TeamK/Content/ParagonIggyScorch/FX/Materials/MaterialFunctions/MF_ColorTint_HQ.uasset" 5480
"C:/PG/TGS_TeamK/Content/Low_Poly_Sci-Fi_Corridor/Models/Constructions/SM_Floor_01_C.uasset" 5481
"C:/Users/kbc12306156/AppData/Local/UnrealEngine/Common/DerivedDataCache/Buckets/MaterialShaderMap/87/85/c1dc55ae885fc215778600838333bc7e2196.udd" 5482
"C:/Users/kbc12306156/AppData/Local/UnrealEngine/Common/DerivedDataCache/Buckets/MaterialShaderMap/d7/ba/e31c8df1d0ed34e1951dbc15b958a82764f0.udd" 5483
"C:/Users/kbc12306156/AppData/Local/UnrealEngine/Common/DerivedDataCache/Buckets/MaterialShaderMap/5a/d1/a6f3beac34e83c1086f0ebb22d04389cce54.udd" 5484
"C:/Users/kbc12306156/AppData/Local/UnrealEngine/Common/DerivedDataCache/Buckets/MaterialShaderMap/5d/b9/e0a2dcb8f7f6d03787f127d539745d598877.udd" 5485
"C:/Users/kbc12306156/AppData/Local/UnrealEngine/Common/DerivedDataCache/Buckets/MaterialShaderMap/86/b0/c398d6972afa508c3e2fd3bf940181380e34.udd" 5486
"C:/Users/kbc12306156/AppData/Local/UnrealEngine/Common/DerivedDataCache/Buckets/MaterialShaderMap/35/b8/62bcee10c74d40d3517374ef76cb89f75750.udd" 5487
"../../Plugins/Interchange/Runtime/Content/gltf/MaterialFunctions/MF_BaseColor.uasset" 5488
"C:/PG/TGS_TeamK/Content/Low_Poly_Sci-Fi_Corridor/Models/Constructions/SM_Wall_01.uasset" 5489
"../../Plugins/Importers/USDImporter/Content/Materials/UsdPreviewSurfaceVT.uasset" 5490
"C:/PG/TGS_TeamK/Content/Low_Poly_Sci-Fi_Corridor/Models/Constructions/SM_Wall_04.uasset" 5491
"../../Plugins/Importers/USDImporter/Content/Materials/UsdPreviewSurface.uasset" 5492
"C:/PG/TGS_TeamK/Content/Low_Poly_Sci-Fi_Corridor/Models/Constructions/SM_Wall_08_B_2m.uasset" 5493
"../../Plugins/Interchange/Runtime/Content/Materials/PBRSurfaceFunction.uasset" 5494
"C:/PG/TGS_TeamK/Content/Low_Poly_Sci-Fi_Corridor/Models/Props/SM_Cable_06_Spline.uasset" 5495
"C:/PG/TGS_TeamK/Content/Low_Poly_Sci-Fi_Corridor/Models/Props/SM_Generator_02_A.uasset" 5496
"C:/PG/TGS_TeamK/Content/Low_Poly_Sci-Fi_Corridor/Models/Props/SM_Generator_02_B.uasset" 5497
"C:/PG/TGS_TeamK/Content/Low_Poly_Sci-Fi_Corridor/Models/Props/SM_Cable_05_Spline.uasset" 5498
"C:/PG/TGS_TeamK/Content/Low_Poly_Sci-Fi_Corridor/Models/Props/SM_Generator_02_D.uasset" 5499
"../../../../../../PG/TGS_TeamK/Content/ParagonWraith/FX/Materials/Functions/MF_DitheredRefraction.uasset" 5500
"../../../../../../PG/TGS_TeamK/Content/ParagonWraith/FX/Textures/Gradients/Color/ShadowPlaneSmoke.uasset" 5501
"../../../../../../PG/TGS_TeamK/Content/ParagonWraith/FX/Textures/Gradients/Color/T_ShadowPlane_Reflection.uasset" 5502
"../../../../../../PG/TGS_TeamK/Content/ParagonWraith/FX/Textures/Tile/Geometric/T_BlastShield_Pattern02_N.uasset" 5503
"C:/PG/TGS_TeamK/Content/ParagonIggyScorch/FX/Materials/Heroes/IggyScorch/Abilities/M_IggyScorch_Spit.uasset" 5504
"../../../../../../PG/TGS_TeamK/Content/ParagonWraith/FX/Textures/FluidPatterns/T_FluidTile01_DA.uasset" 5505
"C:/PG/TGS_TeamK/Content/ParagonWraith/Characters/Global/MaterialFunctions/MF_DeathFade.uasset" 5506
"../../Plugins/Interchange/Runtime/Content/Functions/MX_StandardSurface.uasset" 5507
"../../Plugins/Interchange/Runtime/Content/Functions/MX_Transmission.uasset" 5508
"C:/PG/TGS_TeamK/Content/ParagonIggyScorch/Characters/Global/MaterialFunctions/MF_DeathFade.uasset" 5509
"../../../../../../PG/TGS_TeamK/Content/Low_Poly_Sci-Fi_Corridor/Materials/MI_Atlas.uasset" 5510
"C:/Users/kbc12306156/AppData/Local/UnrealEngine/Common/DerivedDataCache/Buckets/StaticMesh/2f/8c/d9516189a4ff1d1961cbc142cb4a3b482d5c.udd" 5511
"C:/Users/kbc12306156/AppData/Local/UnrealEngine/Common/DerivedDataCache/Buckets/LegacyDIST/ec/56/19ad2e7cad7074df0afc14d5c29e61777c4f.udd" 5512
"C:/Users/kbc12306156/AppData/Local/UnrealEngine/Common/DerivedDataCache/Buckets/LegacyCARD/07/c1/2b0070ffdbd6825be78233cc37020d2ef27d.udd" 5513
"C:/Users/kbc12306156/AppData/Local/UnrealEngine/Common/DerivedDataCache/Buckets/LegacyNavCollision/0a/85/afeb87c29c33d1981d3886f9fc3f10673875.udd" 5514
"C:/PG/TGS_TeamK/Content/ParagonWraith/Characters/Heroes/Wraith/Skins/LunarOps/Materials/ML/MF_Sparkle_ramdon.uasset" 5515
"C:/Users/kbc12306156/AppData/Local/UnrealEngine/Common/DerivedDataCache/Buckets/StaticMesh/39/6d/89f49e517362dab20dac1085b84cc918c864.udd" 5516
"C:/Users/kbc12306156/AppData/Local/UnrealEngine/Common/DerivedDataCache/Buckets/LegacyDIST/c2/1a/06590b378de1b5960d5cfec1acfccd940ea0.udd" 5517
"C:/Users/kbc12306156/AppData/Local/UnrealEngine/Common/DerivedDataCache/Buckets/LegacyCARD/f1/0f/b5f78003805f552890bdd84f9b8a05e45497.udd" 5518
"C:/Users/kbc12306156/AppData/Local/UnrealEngine/Common/DerivedDataCache/Buckets/LegacyNavCollision/c7/ba/be29bcad3cf035972d98a59ce82c81467f40.udd" 5519
"C:/PG/TGS_TeamK/Content/ParagonWraith/Characters/Heroes/Wraith/Materials/MLayer/MF_GunCarMat.uasset" 5520
"C:/Users/kbc12306156/AppData/Local/UnrealEngine/Common/DerivedDataCache/Buckets/StaticMesh/e3/15/3e789cdebf177ac90e8666c33631bd3d9369.udd" 5521
"C:/Users/kbc12306156/AppData/Local/UnrealEngine/Common/DerivedDataCache/Buckets/LegacyDIST/ae/92/ea065874aa930821bf3590cf099fb9b8c11b.udd" 5522
"C:/Users/kbc12306156/AppData/Local/UnrealEngine/Common/DerivedDataCache/Buckets/LegacyCARD/fc/a8/f41e5636be893eebc0c015c2e0495054e597.udd" 5523
"C:/Users/kbc12306156/AppData/Local/UnrealEngine/Common/DerivedDataCache/Buckets/LegacyNavCollision/8b/46/1a2aa274aaca26efa8b72b82387ec32ed5be.udd" 5524
"C:/PG/TGS_TeamK/Content/ParagonWraith/FX/Materials/MaterialFunctions/MF_DeathFade.uasset" 5525
"C:/Users/kbc12306156/AppData/Local/UnrealEngine/Common/DerivedDataCache/Buckets/StaticMesh/c2/7e/b3b4c2101202b55ec19c402f5fa706ecda18.udd" 5526
"C:/Users/kbc12306156/AppData/Local/UnrealEngine/Common/DerivedDataCache/Buckets/LegacyDIST/65/4b/298afef3f2d6d66e225bb416a1415038d71a.udd" 5527
"C:/Users/kbc12306156/AppData/Local/UnrealEngine/Common/DerivedDataCache/Buckets/LegacyCARD/18/8f/f0aabd11241125e1e49ee931da5fee725cb7.udd" 5528
"C:/Users/kbc12306156/AppData/Local/UnrealEngine/Common/DerivedDataCache/Buckets/LegacyNavCollision/ea/37/686babefc1810ea33a870717566206cb7451.udd" 5529
"C:/PG/TGS_TeamK/Content/ParagonWraith/Characters/Heroes/Wraith/Animations/Locomotion_Combat/AO/Idle_AO_Combat.uasset" 5530
"C:/Users/kbc12306156/AppData/Local/UnrealEngine/Common/DerivedDataCache/Buckets/StaticMesh/ed/86/c095678734e155d622d567a909faf8ab7b70.udd" 5531
"C:/Users/kbc12306156/AppData/Local/UnrealEngine/Common/DerivedDataCache/Buckets/LegacyDIST/aa/b1/3abb0df71b1bc9301974898432f60e5c645c.udd" 5532
"C:/Users/kbc12306156/AppData/Local/UnrealEngine/Common/DerivedDataCache/Buckets/LegacyCARD/64/19/79d10c68451eca14e9145c4bd22c986627f8.udd" 5533
"C:/Users/kbc12306156/AppData/Local/UnrealEngine/Common/DerivedDataCache/Buckets/LegacyNavCollision/da/9e/d2275886d672efa2aa0eb3edeb937096e0fc.udd" 5534
"C:/PG/TGS_TeamK/Content/EPMasterMaterials/Materials/Masters/Functions/BaseColor/MF_EP_AlbedoMinimumColorMap.uasset" 5535
"C:/Users/kbc12306156/AppData/Local/UnrealEngine/Common/DerivedDataCache/Buckets/StaticMesh/4b/18/ff16110e68fd14224ae7e467915af6f4c44e.udd" 5536
"C:/Users/kbc12306156/AppData/Local/UnrealEngine/Common/DerivedDataCache/Buckets/LegacyDIST/cd/cb/7dba6697b1ac069541bd4e9143e14a47e3c0.udd" 5537
"C:/Users/kbc12306156/AppData/Local/UnrealEngine/Common/DerivedDataCache/Buckets/LegacyCARD/40/15/325a6823bd98cb29f7290b6bacad58d99d53.udd" 5538
"C:/Users/kbc12306156/AppData/Local/UnrealEngine/Common/DerivedDataCache/Buckets/LegacyNavCollision/72/c3/1237c4ae0ad979dbb29a5ad4a41a5f06b8e0.udd" 5539
"C:/PG/TGS_TeamK/Content/ParagonWraith/Characters/Global/MaterialFunctions/MF_OrionRimlight.uasset" 5540
"C:/Users/kbc12306156/AppData/Local/UnrealEngine/Common/DerivedDataCache/Buckets/StaticMesh/ed/12/5c9cd7ab866374db5b5064de8083f6db26f8.udd" 5541
"C:/Users/kbc12306156/AppData/Local/UnrealEngine/Common/DerivedDataCache/Buckets/LegacyDIST/09/f7/746eec310917646ad4153e9e0958041edee3.udd" 5542
"C:/Users/kbc12306156/AppData/Local/UnrealEngine/Common/DerivedDataCache/Buckets/LegacyCARD/ab/cc/b72229be33c62b5b7033e7849cb735768890.udd" 5543
"C:/Users/kbc12306156/AppData/Local/UnrealEngine/Common/DerivedDataCache/Buckets/LegacyNavCollision/ce/e9/5c97b4fa4ec967766f32cd95284c84040565.udd" 5544
"C:/PG/TGS_TeamK/Content/ParagonIggyScorch/Characters/Heroes/IggyScorch/Animations/AimOffset/Iggy_AO_Blendspace.uasset" 5545
"C:/Users/kbc12306156/AppData/Local/UnrealEngine/Common/DerivedDataCache/Buckets/StaticMesh/00/f3/9da96d2ab11755c7bc31cf89356d485cf125.udd" 5546
"C:/Users/kbc12306156/AppData/Local/UnrealEngine/Common/DerivedDataCache/Buckets/LegacyDIST/15/e1/88147f25fe09ccf8a520dcd43c8a1ffa038e.udd" 5547
"C:/Users/kbc12306156/AppData/Local/UnrealEngine/Common/DerivedDataCache/Buckets/LegacyCARD/cc/a2/38d94044893260c61d3a672d09f70656482a.udd" 5548
"C:/Users/kbc12306156/AppData/Local/UnrealEngine/Common/DerivedDataCache/Buckets/LegacyNavCollision/8e/cb/8fbef1611a82c58d8936a75895e3ff2fe101.udd" 5549
"C:/PG/TGS_TeamK/Content/DropShip/R35/R_35.uasset" 5550
"C:/Users/kbc12306156/AppData/Local/UnrealEngine/Common/DerivedDataCache/Buckets/StaticMesh/0c/ac/1cb6be32897618ea69b5a8f7b2225dc3e602.udd" 5551
"C:/Users/kbc12306156/AppData/Local/UnrealEngine/Common/DerivedDataCache/Buckets/LegacyDIST/44/fd/e72d2a56eb2138c1bf2f9f85898f6f84c2cc.udd" 5552
"C:/Users/kbc12306156/AppData/Local/UnrealEngine/Common/DerivedDataCache/Buckets/LegacyCARD/98/52/d06f1ba2fd4a04452d8a20d294a0a040862f.udd" 5553
"C:/Users/kbc12306156/AppData/Local/UnrealEngine/Common/DerivedDataCache/Buckets/LegacyNavCollision/6f/e5/2dfae1efef0999577427bc154ee48d0692ba.udd" 5554
"C:/PG/TGS_TeamK/Content/DropShip/R35/R_35_Hatch.uasset" 5555
"C:/Users/kbc12306156/AppData/Local/UnrealEngine/Common/DerivedDataCache/Buckets/StaticMesh/cf/8d/5de929e78772817f28de4e124c38d732ceb9.udd" 5556
"C:/Users/kbc12306156/AppData/Local/UnrealEngine/Common/DerivedDataCache/Buckets/LegacyDIST/5a/31/9ebcd089571209d1a4573c2cda32b4ac1e69.udd" 5557
"C:/Users/kbc12306156/AppData/Local/UnrealEngine/Common/DerivedDataCache/Buckets/LegacyCARD/87/cb/121fa71226107c37e544db6c3da996ed33fc.udd" 5558
"C:/Users/kbc12306156/AppData/Local/UnrealEngine/Common/DerivedDataCache/Buckets/LegacyNavCollision/0e/83/559b51f38dbc99cd0c529482a065c1d2cace.udd" 5559
"C:/PG/TGS_TeamK/Content/ArrowTrail/Material/MI_Instance/MI_IceParticle.uasset" 5560
"C:/Users/kbc12306156/AppData/Local/UnrealEngine/Common/DerivedDataCache/Buckets/StaticMesh/cf/c8/f4827961237faf0fa6ba57624f0d45c36112.udd" 5561
"C:/Users/kbc12306156/AppData/Local/UnrealEngine/Common/DerivedDataCache/Buckets/LegacyDIST/fc/d1/433030cd1c59d2697840dc30a6d0420c4dc2.udd" 5562
"C:/Users/kbc12306156/AppData/Local/UnrealEngine/Common/DerivedDataCache/Buckets/LegacyCARD/ce/11/35aab1bd34218d6daa4e7f585889571facde.udd" 5563
"C:/Users/kbc12306156/AppData/Local/UnrealEngine/Common/DerivedDataCache/Buckets/LegacyChaosGeometryData/e5/87/eedec34f3b2ac6b559780096930f389be5ed.udd" 5564
"C:/Users/kbc12306156/AppData/Local/UnrealEngine/Common/DerivedDataCache/Buckets/LegacyNavCollision/cf/84/60301e100efcc772753067a1d9e4fbcf2c2c.udd" 5565
"C:/PG/TGS_TeamK/Content/ArrowTrail/Material/MI_Instance/MI_WaterParticle.uasset" 5566
"C:/Users/kbc12306156/AppData/Local/UnrealEngine/Common/DerivedDataCache/Buckets/StaticMesh/6f/02/72513de2fbaf9c02e595f095f1d14356af66.udd" 5567
"C:/Users/kbc12306156/AppData/Local/UnrealEngine/Common/DerivedDataCache/Buckets/LegacyDIST/7b/ee/f3880a67ae539b29e8ea9aaaa46e85304fb1.udd" 5568
"C:/Users/kbc12306156/AppData/Local/UnrealEngine/Common/DerivedDataCache/Buckets/LegacyCARD/78/75/bb412a69daf128ccbd5c432363b8d32dd4db.udd" 5569
"C:/Users/kbc12306156/AppData/Local/UnrealEngine/Common/DerivedDataCache/Buckets/LegacyNavCollision/b7/87/9466008cf43f4cac2ee6562b47ff791cc686.udd" 5570
"C:/PG/TGS_TeamK/Content/ArrowTrail/Material/MI_Instance/MI_IceParticle1.uasset" 5571
"C:/Users/kbc12306156/AppData/Local/UnrealEngine/Common/DerivedDataCache/Buckets/StaticMesh/09/c4/58fe9cd231d4a0c1161918254f9dfcfc9a40.udd" 5572
"C:/Users/kbc12306156/AppData/Local/UnrealEngine/Common/DerivedDataCache/Buckets/LegacyDIST/39/1f/bd8869fed9097618d42302606d40aeeeacd4.udd" 5573
"C:/Users/kbc12306156/AppData/Local/UnrealEngine/Common/DerivedDataCache/Buckets/LegacyCARD/d9/c2/b1792efcd34df136992d4ac51e265d92d23e.udd" 5574
"C:/Users/kbc12306156/AppData/Local/UnrealEngine/Common/DerivedDataCache/Buckets/LegacyNavCollision/3d/ec/ec134f01aee4ad290e7df407211c2fd2a21e.udd" 5575
"C:/PG/TGS_TeamK/Content/ArrowTrail/Material/MI_Instance/MI_Smoke.uasset" 5576
"../../../../../../PG/TGS_TeamK/Content/ParagonIggyScorch/FX/Textures/Environment/T_WorldNoise.uasset" 5577
"../../../../../../PG/TGS_TeamK/Content/ParagonIggyScorch/FX/Textures/Heroes/IggyScorch/T_IggyScorch_Ult_Flame_Height.uasset" 5578
"../../../../../../PG/TGS_TeamK/Content/ParagonIggyScorch/FX/Textures/Tile/Noise/T_NoiseBubbly_M.uasset" 5579
"../../../../../../PG/TGS_TeamK/Content/ParagonIggyScorch/FX/Textures/Water/T_Water_N.uasset" 5580
"C:/PG/TGS_TeamK/Content/ParagonIggyScorch/Characters/Global/MaterialFunctions/MF_OrionRimlight.uasset" 5581
"../../../../../../PG/TGS_TeamK/Content/ParagonWraith/Characters/Global/MaterialFunctions/Textures/T_AtmosphericCloudNoise01.uasset" 5582
"../../../../../../PG/TGS_TeamK/Content/ParagonWraith/Characters/Global/MaterialFunctions/Textures/T_AtmosphericCloudNoise01_N.uasset" 5583
"../../../../../../PG/TGS_TeamK/Content/ParagonWraith/Characters/Global/MaterialFunctions/Textures/T_AtmosphericCloudNoise03.uasset" 5584
"C:/PG/TGS_TeamK/Content/RSG_UnderWater_Pack/FPS/Models/Mech/SK_FPS_Mech.uasset" 5585
"../../../../../../PG/TGS_TeamK/Content/ParagonIggyScorch/Characters/Global/MaterialFunctions/Textures/Noise/T_AtmosphericCloudNoise01_N.uasset" 5586
"../../../../../../PG/TGS_TeamK/Content/ParagonIggyScorch/Characters/Global/MaterialFunctions/Textures/Noise/T_AtmosphericCloudNoise03.uasset" 5587
"C:/PG/TGS_TeamK/Content/gimmicks/BP_iwa.uasset" 5588
"../../../../../../PG/TGS_TeamK/Content/ParagonWraith/Characters/Heroes/Wraith/Skins/LunarOps/Materials/ML/T_FlakeMask.uasset" 5589
"C:/PG/TGS_TeamK/Content/Free_Spells/VFX_Niagara/NS_Free_Spells_LevelUp.uasset" 5590
"../../../../../../PG/TGS_TeamK/Content/ParagonWraith/Characters/Heroes/Wraith/Materials/MLayer/T_WheelHub_R.uasset" 5591
"C:/PG/TGS_TeamK/Content/ParagonWraith/FX/Particles/Abilities/TeleportTarget/FX/P_Wraith_Teleport_Orb.uasset" 5592
"../../../../../../PG/TGS_TeamK/Content/ParagonWraith/FX/Materials/MaterialFunctions/Textures/Noise/T_AtmosphericCloudNoise01.uasset" 5593
"../../../../../../PG/TGS_TeamK/Content/ParagonWraith/FX/Materials/MaterialFunctions/Textures/Noise/T_AtmosphericCloudNoise01_N.uasset" 5594
"../../../../../../PG/TGS_TeamK/Content/ParagonWraith/FX/Materials/MaterialFunctions/Textures/Noise/T_AtmosphericCloudNoise03.uasset" 5595
"C:/PG/TGS_TeamK/Content/ParagonIggyScorch/Characters/Heroes/IggyScorch/Skins/MechaTerror/Materials/Layers/ML_IggyScorch_MechaTerror_Leather.uasset" 5596
"../../../../../../PG/TGS_TeamK/Content/ParagonWraith/Characters/Heroes/Wraith/Animations/Locomotion_Combat/AO/Idle_AO_CD_Combat.uasset" 5597
"../../../../../../PG/TGS_TeamK/Content/ParagonWraith/Characters/Heroes/Wraith/Animations/Locomotion_Combat/AO/Idle_AO_CU_Combat.uasset" 5598
"../../../../../../PG/TGS_TeamK/Content/ParagonWraith/Characters/Heroes/Wraith/Animations/Locomotion_Combat/AO/Idle_AO_LC_Combat.uasset" 5599
"../../../../../../PG/TGS_TeamK/Content/ParagonWraith/Characters/Heroes/Wraith/Animations/Locomotion_Combat/AO/Idle_AO_LD_Combat.uasset" 5600
"../../../../../../PG/TGS_TeamK/Content/ParagonWraith/Characters/Heroes/Wraith/Animations/Locomotion_Combat/AO/Idle_AO_LU_Combat.uasset" 5601
"../../../../../../PG/TGS_TeamK/Content/ParagonWraith/Characters/Heroes/Wraith/Animations/Locomotion_Combat/AO/Idle_AO_RC_Combat.uasset" 5602
"../../../../../../PG/TGS_TeamK/Content/ParagonWraith/Characters/Heroes/Wraith/Animations/Locomotion_Combat/AO/Idle_AO_RD_Combat.uasset" 5603
"../../../../../../PG/TGS_TeamK/Content/ParagonWraith/Characters/Heroes/Wraith/Animations/Locomotion_Combat/AO/Idle_AO_RU_Combat.uasset" 5604
"C:/PG/TGS_TeamK/Content/Enemy/Blueprints/BP_zibaku.uasset" 5605
"../../../../../../PG/TGS_TeamK/Content/EPMasterMaterials/Materials/Masters/Functions/BaseColor/MF_EP_ColorAdjustmentAlbedo.uasset" 5606
"../../../../../../PG/TGS_TeamK/Content/EPMasterMaterials/Materials/Masters/Functions/BaseColor/MF_EP_ColorBlendAlbedo.uasset" 5607
"../../../../../../PG/TGS_TeamK/Content/EPMasterMaterials/Materials/Masters/Functions/BaseColor/MF_EP_ColorFuzzyShading.uasset" 5608
"C:/PG/TGS_TeamK/Content/Vefects/Easy_Shockwaves_VFX/VFX/Shockwaves/Particles/Color_Variation/VFX_Shockwave_01_Black_Big_1s.uasset" 5609
"../../../../../../PG/TGS_TeamK/Content/ParagonWraith/Characters/Global/MaterialLayers/Metal/ML_blue_Metal.uasset" 5610
"C:/PG/TGS_TeamK/Content/ParagonWraith/FX/Materials/MaterialFunctions/MF_OrionRimlight.uasset" 5611
"../../../../../../PG/TGS_TeamK/Content/ParagonIggyScorch/Characters/Heroes/IggyScorch/Animations/AimOffset/Iggy_Scorch_AO_CD.uasset" 5612
"../../../../../../PG/TGS_TeamK/Content/ParagonIggyScorch/Characters/Heroes/IggyScorch/Animations/AimOffset/Iggy_Scorch_AO_CU.uasset" 5613
"../../../../../../PG/TGS_TeamK/Content/ParagonIggyScorch/Characters/Heroes/IggyScorch/Animations/AimOffset/IggyScorch_AO_CD.uasset" 5614
"../../../../../../PG/TGS_TeamK/Content/ParagonIggyScorch/Characters/Heroes/IggyScorch/Animations/AimOffset/IggyScorch_AO_CU.uasset" 5615
"../../../../../../PG/TGS_TeamK/Content/ParagonIggyScorch/Characters/Heroes/IggyScorch/Animations/AimOffset/IggyScorch_AO_LC.uasset" 5616
"../../../../../../PG/TGS_TeamK/Content/ParagonIggyScorch/Characters/Heroes/IggyScorch/Animations/AimOffset/IggyScorch_AO_LD.uasset" 5617
"../../../../../../PG/TGS_TeamK/Content/ParagonIggyScorch/Characters/Heroes/IggyScorch/Animations/AimOffset/IggyScorch_AO_LU.uasset" 5618
"../../../../../../PG/TGS_TeamK/Content/ParagonIggyScorch/Characters/Heroes/IggyScorch/Animations/AimOffset/IggyScorch_AO_RC.uasset" 5619
"../../../../../../PG/TGS_TeamK/Content/ParagonIggyScorch/Characters/Heroes/IggyScorch/Animations/AimOffset/IggyScorch_AO_RD.uasset" 5620
"../../../../../../PG/TGS_TeamK/Content/ParagonIggyScorch/Characters/Heroes/IggyScorch/Animations/AimOffset/IggyScorch_AO_RU.uasset" 5621
"../../../../../../PG/TGS_TeamK/Content/ParagonIggyScorch/Characters/Heroes/IggyScorch/Animations/IggyScorch_Idle_HS.uasset" 5622
"../../../Engine/Plugins/Interchange/Runtime/Content/gltf/M_Transmission.uasset" 5623
"../../../../../../PG/TGS_TeamK/Content/DropShip/R35/Dropship_R35_Dropship_R35.uasset" 5624
"../../../../../../PG/TGS_TeamK/Content/DropShip/R35/Dropship_R35_Dropship_R35-Engine1.uasset" 5625
"../../../../../../PG/TGS_TeamK/Content/DropShip/R35/Dropship_R35_Dropship_R35-Engine2.uasset" 5626
"../../../../../../PG/TGS_TeamK/Content/DropShip/R35/Dropship_R35_Dropship_R35-Landing-L.uasset" 5627
"../../../../../../PG/TGS_TeamK/Content/DropShip/R35/Dropship_R35_Dropship_R35-Landing-R.uasset" 5628
"../../../../../../PG/TGS_TeamK/Content/DropShip/R35/Dropship_R35_Dropship_R35-Landing_Front.uasset" 5629
"../../../../../../PG/TGS_TeamK/Content/DropShip/R35/Dropship_R35_Dropship_R35-Laser.uasset" 5630
"../../../Engine/Plugins/Interchange/Runtime/Content/gltf/M_Sheen.uasset" 5631
"../../../../../../PG/TGS_TeamK/Content/DropShip/R35/Dropship_R35_Dropship_Hatch.uasset" 5632
"../../../Engine/Plugins/Interchange/Runtime/Content/gltf/M_Translucent.uasset" 5633
"../../../../../../PG/TGS_TeamK/Content/ArrowTrail/Material/M_Master/M_SimpleParticle.uasset" 5634
"../../../../../../PG/TGS_TeamK/Content/ArrowTrail/Texture/T_Rocks.uasset" 5635
"../../../Engine/Plugins/Interchange/Runtime/Content/gltf/M_Opaque.uasset" 5636
"../../../../../../PG/TGS_TeamK/Content/ArrowTrail/Texture/T_WaterSpark.uasset" 5637
"C:/PG/TGS_TeamK/Content/ParagonIggyScorch/FX/Materials/Trails/M_Spline_Tracer_Flame_Inst.uasset" 5638
"../../../../../../PG/TGS_TeamK/Content/ArrowTrail/Texture/T_FireBall.uasset" 5639
"../../../Engine/Plugins/Interchange/Runtime/Content/gltf/MaterialInstances_MR/MI_Opaque_Unlit_TS.uasset" 5640
"../../../../../../PG/TGS_TeamK/Content/ArrowTrail/Texture/T_FlowLoop.uasset" 5641
"../../../Engine/Plugins/Interchange/Runtime/Content/gltf/MaterialInstances_MR/MI_Opaque_Unlit.uasset" 5642
"../../../../../../PG/TGS_TeamK/Content/ParagonIggyScorch/Characters/Global/MaterialLayers/Metal/ML_blue_Metal.uasset" 5643
"C:/PG/TGS_TeamK/Content/ParagonWraith/FX/Meshes/Heroes/Wraith/FX/SM_Wraith_Drone_ElectroField.uasset" 5644
"../../../../../../PG/TGS_TeamK/Content/RSG_UnderWater_Pack/FPS/Materials/Mech/MI_FPS_Mech_Bottom.uasset" 5645
"../../../../../../PG/TGS_TeamK/Content/RSG_UnderWater_Pack/FPS/Materials/Mech/MI_FPS_Mech_LOD2.uasset" 5646
"../../../../../../PG/TGS_TeamK/Content/RSG_UnderWater_Pack/FPS/Materials/Mech/MI_FPS_Mech_Shotgun.uasset" 5647
"../../../../../../PG/TGS_TeamK/Content/RSG_UnderWater_Pack/FPS/Materials/Mech/MI_FPS_Mech_Top.uasset" 5648
"../../../../../../PG/TGS_TeamK/Content/RSG_UnderWater_Pack/FPS/Models/Mech/SK_FPS_Mech_PhysicsAsset.uasset" 5649
"C:/Users/kbc12306156/AppData/Local/UnrealEngine/Common/DerivedDataCache/Buckets/LegacySKELETALMESH/14/02/8cc3821a04b697906c567a249d65f4d83741.udd" 5650
"C:/Users/kbc12306156/AppData/Local/UnrealEngine/Common/DerivedDataCache/Content/73/b4/89be1bdce47b671a8989611be94c94cfdd64.udd" 5651
"../../../../../../PG/TGS_TeamK/Content/RSG_UnderWater_Pack/FPS/Models/Mech/SK_FPS_Mech.uasset" 5652
"C:/PG/TGS_TeamK/Content/Low_Poly_Sci-Fi_Corridor/Blueprints/BP_Cable_Spline.uasset" 5653
"../../../../../../PG/TGS_TeamK/Content/gimmicks/untitled.uasset" 5654
"C:/PG/TGS_TeamK/Content/ParagonWraith/Characters/Heroes/Wraith/Skins/LunarOps/Materials/ML/MF_Wraith_CarPaint.uasset" 5655
"../../../../../../PG/TGS_TeamK/Content/Free_Spells/Materials/M_Free_Spells_Ray.uasset" 5656
"../../../../../../PG/TGS_TeamK/Content/Free_Spells/Materials/M_Free_Spells_Sparks.uasset" 5657
"../../../../../../PG/TGS_TeamK/Content/Free_Spells/Materials/Fragments/MI_Free_Spells_Arrow.uasset" 5658
"../../../../../../PG/TGS_TeamK/Content/Free_Spells/Materials/Fragments/MI_Free_Spells_Lightning.uasset" 5659
"../../../../../../PG/TGS_TeamK/Content/Free_Spells/Materials/MI_Free_Spells_Flash2.uasset" 5660
"../../Plugins/FX/Niagara/Content/DynamicInputs/Multiply/Multiply_Float.uasset" 5661
"../../Plugins/FX/Niagara/Content/DynamicInputs/TypeConversions/Vector2DFromFloat.uasset" 5662
"../../Plugins/FX/Niagara/Content/DynamicInputs/TypeConversions/VectorFromFloat.uasset" 5663
"../../Plugins/FX/Niagara/Content/DynamicInputs/ValueFromCurve/FloatFromCurve.uasset" 5664
"../../Plugins/FX/Niagara/Content/Modules/Emitter/SpawnRate.uasset" 5665
"../../Plugins/FX/Niagara/Content/Modules/Update/Color/ScaleColor.uasset" 5666
"../../Plugins/FX/Niagara/Content/Enums/ENiagaraScaleColorMode.uasset" 5667
"../../Plugins/FX/Niagara/Content/Modules/Update/SubUV/V2/SubUVAnimation.uasset" 5668
"../../Plugins/FX/Niagara/Content/Functions/Helpers/SetBoolByTimer.uasset" 5669
"../../Plugins/FX/Niagara/Content/Functions/RandomRangeInteger.uasset" 5670
"../../Plugins/FX/Niagara/Content/Enums/ENiagara_SubUVLookupMode.uasset" 5671
"../../Plugins/FX/Niagara/Content/Enums/ENiagara_SubUVLookupModeV2.uasset" 5672
"../../Plugins/FX/Niagara/Content/Enums/ENiagara_WrapClamp.uasset" 5673
"../../Plugins/FX/Niagara/Content/Enums/ENiagaraMeshOrSprite.uasset" 5674
"../../Plugins/FX/Niagara/Content/Enums/SpriteRenderer/ENiagara_AutomaticManual.uasset" 5675
"../../Plugins/FX/Niagara/Content/Enums/SpriteRenderer/ENiagara_FPSPlayrate.uasset" 5676
"../../../../../../PG/TGS_TeamK/Content/Free_Spells/Mesh/SM_Free_Spells_Plane.uasset" 5677
"C:/Users/kbc12306156/AppData/Local/UnrealEngine/Common/DerivedDataCache/Buckets/BulkDataList/93/98/3275eecc2b0b49981beda4c0acadfa68b915.udd" 5678
"C:/Users/kbc12306156/AppData/Local/UnrealEngine/Common/DerivedDataCache/Buckets/LegacyNiagaraScriptDerivedData/b3/2f/b7dee420dd4efe3d8d2d330fdcc8d4f3ca86.udd" 5679
"C:/Users/kbc12306156/AppData/Local/UnrealEngine/Common/DerivedDataCache/Buckets/LegacyNiagaraScriptDerivedData/91/97/9ae137459e7e8bfc0d03083e495b54c72f68.udd" 5680
"C:/Users/kbc12306156/AppData/Local/UnrealEngine/Common/DerivedDataCache/Buckets/LegacyNiagaraScriptDerivedData/7e/0b/c1f5a42c92dcd9328115c5f32a7514656477.udd" 5681
"C:/Users/kbc12306156/AppData/Local/UnrealEngine/Common/DerivedDataCache/Buckets/LegacyNiagaraScriptDerivedData/3b/79/5c6cce1ed906d608ff8ab242f07ef3ef07db.udd" 5682
"C:/Users/kbc12306156/AppData/Local/UnrealEngine/Common/DerivedDataCache/Buckets/LegacyNiagaraScriptDerivedData/08/eb/16e975aea5b2a94c12c468069fa10ee4503c.udd" 5683
"C:/Users/kbc12306156/AppData/Local/UnrealEngine/Common/DerivedDataCache/Buckets/LegacyNiagaraScriptDerivedData/20/c5/1304175931100debd10680780b2c4649a2db.udd" 5684
"C:/PG/TGS_TeamK/Content/EPMasterMaterials/Materials/Masters/Functions/MF_EP_MinimumPBR+Parameters.uasset" 5685
"../../../../../../PG/TGS_TeamK/Content/ParagonWraith/FX/Materials/Flares/M_Lensflare_TB_Soft.uasset" 5686
"../../../../../../PG/TGS_TeamK/Content/ParagonWraith/FX/Materials/Flares/M_Lensflare_TB_SoftGlow.uasset" 5687
"../../../../../../PG/TGS_TeamK/Content/ParagonWraith/FX/Materials/Heroes/M_Wraith_Halo.uasset" 5688
"../../../../../../PG/TGS_TeamK/Content/ParagonWraith/FX/Materials/Tech/M_GlowPoint_CameraFacing.uasset" 5689
"../../../../../../PG/TGS_TeamK/Content/ParagonWraith/FX/Materials/Trails/M_Bullet_Trail.uasset" 5690
"C:/Users/kbc12306156/AppData/Local/UnrealEngine/Common/DerivedDataCache/Buckets/BulkDataList/c1/1c/7cae107a38ab410469b054cee20268fbfcad.udd" 5691
"C:/PG/TGS_TeamK/Content/ParagonWraith/Characters/Global/MaterialFunctions/MF_CharacterEffects.uasset" 5692
"../../../../../../PG/TGS_TeamK/Content/ParagonIggyScorch/Characters/Global/MaterialLayers/Leather/ML_Dark_Leather_Brown.uasset" 5693
"C:/PG/TGS_TeamK/Content/ArrowTrail/FX/NS_ArrowTrail_Water.uasset" 5694
"../../../../../../PG/TGS_TeamK/Content/SE_BGM/AS_1242168_???????????????????.uasset" 5695
"../../../../../../PG/TGS_TeamK/Content/StarterContent/Particles/P_Explosion.uasset" 5696
"C:/PG/TGS_TeamK/Content/ArrowTrail/FX/NS_ArrowTrail_Fire_02.uasset" 5697
"../../../../../../PG/TGS_TeamK/Content/Vefects/Easy_Shockwaves_VFX/VFX/Shockwaves/Materials/MI_VFX_Shockwave_01.uasset" 5698
"../../../../../../PG/TGS_TeamK/Content/Vefects/Easy_Shockwaves_VFX/VFX/Shockwaves/Materials/MI_VFX_Shockwave_01_Additive.uasset" 5699
"../../Plugins/FX/Niagara/Content/DynamicInputs/Multiply/Multiply_VectorByFloat.uasset" 5700
"../../Plugins/FX/Niagara/Content/DynamicInputs/TypeConversions/MakeCustomIntFromBool.uasset" 5701
"../../Plugins/FX/Niagara/Content/DynamicInputs/TypeConversions/MakeVector.uasset" 5702
"../../Plugins/FX/Niagara/Content/Modules/Spawn/Location/SystemLocation.uasset" 5703
"../../../../../../PG/TGS_TeamK/Content/Vefects/Easy_Shockwaves_VFX/Shared/Meshes/SM_VFX_In_Out_Cyl_01.uasset" 5704
"C:/Users/kbc12306156/AppData/Local/UnrealEngine/Common/DerivedDataCache/Buckets/BulkDataList/16/89/d373873310255a7502aeeb7e18c999d4e055.udd" 5705
"C:/Users/kbc12306156/AppData/Local/UnrealEngine/Common/DerivedDataCache/Buckets/LegacyNiagaraScriptDerivedData/29/3a/dde85ffeb241d3d2e71d697fb15d44b16386.udd" 5706
"C:/Users/kbc12306156/AppData/Local/UnrealEngine/Common/DerivedDataCache/Buckets/LegacyNiagaraScriptDerivedData/20/1d/4755075df690e9e8ee847f04fe10d4eb6d43.udd" 5707
"C:/Users/kbc12306156/AppData/Local/UnrealEngine/Common/DerivedDataCache/Buckets/LegacyNiagaraScriptDerivedData/01/0a/68e8d1f69e5d0a0088f509183f111981a972.udd" 5708
"C:/Users/kbc12306156/AppData/Local/UnrealEngine/Common/DerivedDataCache/Buckets/LegacyNiagaraScriptDerivedData/1d/a1/3bde7f7ed3097c6f6e092565e348651399f0.udd" 5709
"C:/PG/TGS_TeamK/Content/ArrowTrail/FX/NS_ArrowTrail_Ice.uasset" 5710
"../../../../../../PG/TGS_TeamK/Content/ParagonWraith/FX/Materials/MaterialLayers/Metal/ML_blue_Metal.uasset" 5711
"C:/PG/TGS_TeamK/Content/ParagonIggyScorch/Characters/Global/MaterialFunctions/MF_CharacterEffects.uasset" 5712
"../../Plugins/Interchange/Runtime/Content/gltf/MaterialFunctions/MF_DiffuseSpecGloss.uasset" 5713
"../../Plugins/Interchange/Runtime/Content/gltf/MaterialFunctions/MF_IOR.uasset" 5714
"../../Plugins/Interchange/Runtime/Content/gltf/MaterialFunctions/MF_MetallicRoughness.uasset" 5715
"../../Plugins/Interchange/Runtime/Content/gltf/MaterialFunctions/MF_Normals.uasset" 5716
"../../Plugins/Interchange/Runtime/Content/gltf/MaterialFunctions/MF_Occlusion.uasset" 5717
"../../Plugins/Interchange/Runtime/Content/gltf/MaterialFunctions/MF_SpecGlossToMetalRoughness.uasset" 5718
"../../Plugins/Interchange/Runtime/Content/gltf/MaterialFunctions/MF_Specular.uasset" 5719
"../../Plugins/Interchange/Runtime/Content/gltf/MaterialFunctions/MF_Transmission.uasset" 5720
"C:/PG/TGS_TeamK/Content/Enemy/Blueprints/BP_Shockwave.uasset" 5721
"../../Plugins/Interchange/Runtime/Content/gltf/MaterialFunctions/MF_Emissive.uasset" 5722
"../../Plugins/Interchange/Runtime/Content/gltf/MaterialFunctions/MF_Sheen.uasset" 5723
"C:/PG/TGS_TeamK/Content/ParagonWraith/FX/Materials/MaterialFunctions/MF_CharacterEffects.uasset" 5724
"../../Plugins/Interchange/Runtime/Content/gltf/MaterialFunctions/MF_Clearcoat.uasset" 5725
"../../../Engine/Plugins/Interchange/Runtime/Content/gltf/MaterialInstances_SG/MI_Transmission_TS.uasset" 5726
"../../../Engine/Plugins/Interchange/Runtime/Content/gltf/MaterialInstances_SG/MI_Transmission.uasset" 5727
"../../../../../../PG/TGS_TeamK/Content/ParagonIggyScorch/FX/Materials/Trails/M_Spline_Tracer_Flame.uasset" 5728
"../../../Engine/Plugins/Interchange/Runtime/Content/gltf/MaterialInstances_MR/MI_Transmission_TS.uasset" 5729
"../../Plugins/Interchange/Runtime/Content/gltf/M_Unlit.uasset" 5730
"../../../Engine/Plugins/Interchange/Runtime/Content/gltf/MaterialInstances_MR/MI_Transmission.uasset" 5731
"../../../Engine/Plugins/Interchange/Runtime/Content/gltf/MaterialInstances_SG/MI_Opaque_Sheen_TS.uasset" 5732
"../../../../../../PG/TGS_TeamK/Content/ParagonWraith/FX/Materials/Heroes/Wraith/FX/M_Wraith_Drone_ElectroField.uasset" 5733
"C:/Users/kbc12306156/AppData/Local/UnrealEngine/Common/DerivedDataCache/Buckets/LegacyMESHDATAKEY/3c/ef/c6d289ed87ff936d107ab5126aa4cb496cdd.udd" 5734
"C:/Users/kbc12306156/AppData/Local/UnrealEngine/Common/DerivedDataCache/Buckets/StaticMesh/ed/1f/db1ace4fe34fa4eb4401bfdf0f0b933f5195.udd" 5735
"C:/Users/kbc12306156/AppData/Local/UnrealEngine/Common/DerivedDataCache/Buckets/LegacyDIST/96/cf/8a633bb0e69e7a4183d75107583d7f7aa6f2.udd" 5736
"C:/Users/kbc12306156/AppData/Local/UnrealEngine/Common/DerivedDataCache/Buckets/LegacyCARD/c8/57/6288abaa5007906ca983c7a322f3c4a5e24a.udd" 5737
"C:/Users/kbc12306156/AppData/Local/UnrealEngine/Common/DerivedDataCache/Buckets/LegacyNavCollision/28/e9/2c81fb0825bbdd23c1878c414020d4f95aec.udd" 5738
"../../../Engine/Plugins/Interchange/Runtime/Content/gltf/MaterialInstances_SG/MI_Opaque_Sheen.uasset" 5739
"../../../../../../PG/TGS_TeamK/Content/Low_Poly_Sci-Fi_Corridor/Models/Props/SM_Cable_05_Spline.uasset" 5740
"../../../../../../PG/TGS_TeamK/Content/Low_Poly_Sci-Fi_Corridor/Models/Props/SM_Cable_06_Spline.uasset" 5741
"../../../Engine/Plugins/Interchange/Runtime/Content/gltf/MaterialInstances_MR/MI_Opaque_Sheen_TS.uasset" 5742
"../../../../../../PG/TGS_TeamK/Content/ParagonWraith/Characters/Heroes/Wraith/Skins/LunarOps/Materials/ML/MF_Sparkle_ramdon.uasset" 5743
"../../../../../../PG/TGS_TeamK/Content/ParagonWraith/Characters/Heroes/Wraith/Skins/LunarOps/Materials/ML/T_Bump_N.uasset" 5744
"../../../Engine/Plugins/Interchange/Runtime/Content/gltf/MaterialInstances_MR/MI_Opaque_Sheen.uasset" 5745
"../../../../../../PG/TGS_TeamK/Content/EPMasterMaterials/Materials/Masters/Functions/AO/MF_EP_AOMap.uasset" 5746
"../../../../../../PG/TGS_TeamK/Content/EPMasterMaterials/Materials/Masters/Functions/BaseColor/MF_EP_AlbedoMinimumColorMap.uasset" 5747
"../../../../../../PG/TGS_TeamK/Content/EPMasterMaterials/Materials/Masters/Functions/BaseColor/MF_EP_SSurfaceColor.uasset" 5748
"../../../../../../PG/TGS_TeamK/Content/EPMasterMaterials/Materials/Masters/Functions/Metallic/MF_EP_MetallicMap.uasset" 5749
"../../../../../../PG/TGS_TeamK/Content/EPMasterMaterials/Materials/Masters/Functions/Normal/MF_EP_NormalBlends.uasset" 5750
"../../../../../../PG/TGS_TeamK/Content/EPMasterMaterials/Materials/Masters/Functions/Normal/MF_EP_NormalOptimization.uasset" 5751
"../../../../../../PG/TGS_TeamK/Content/EPMasterMaterials/Materials/Masters/Functions/Opacity/MF_EP_OpacityMap.uasset" 5752
"../../../../../../PG/TGS_TeamK/Content/EPMasterMaterials/Materials/Masters/Functions/Opacity/MF_EP_SubSurfaceOpacity.uasset" 5753
"../../../../../../PG/TGS_TeamK/Content/EPMasterMaterials/Materials/Masters/Functions/Roughness/MF_EP_RoughnessMap.uasset" 5754
"../../../../../../PG/TGS_TeamK/Content/EPMasterMaterials/Materials/Masters/Functions/Specular/MF_EP_SpecularMap.uasset" 5755
"../../../../../../PG/TGS_TeamK/Content/EPMasterMaterials/Materials/Masters/Functions/UV/MF_EP_UVMinimumControl.uasset" 5756
"../../../Engine/Plugins/Interchange/Runtime/Content/gltf/MaterialInstances_SG/MI_Translucent_TS.uasset" 5757
"../../../../../../PG/TGS_TeamK/Content/ParagonWraith/Characters/Global/MaterialFunctions/MF_BrightnessAdjust.uasset" 5758
"../../../../../../PG/TGS_TeamK/Content/ParagonWraith/Characters/Global/MaterialFunctions/MF_DeathFade.uasset" 5759
"../../../../../../PG/TGS_TeamK/Content/ParagonWraith/Characters/Global/MaterialFunctions/MF_HitFlash.uasset" 5760
"../../../../../../PG/TGS_TeamK/Content/ParagonWraith/Characters/Global/MaterialFunctions/MF_OrionRimlight.uasset" 5761
"../../../Engine/Plugins/Interchange/Runtime/Content/gltf/MaterialInstances_SG/MI_Translucent_ClearCoat_TS.uasset" 5762
"../../../../../../PG/TGS_TeamK/Content/ArrowTrail/Material/MI_Instance/MI_IceParticle.uasset" 5763
"../../../../../../PG/TGS_TeamK/Content/ArrowTrail/Material/MI_Instance/MI_WaterParticle.uasset" 5764
"../../../../../../PG/TGS_TeamK/Content/ArrowTrail/Material/MI_Instance/MI_WaterRibbon.uasset" 5765
"../../Plugins/FX/Niagara/Content/Modules/Ribbons/ScaleRibbonWidth.uasset" 5766
"../../Plugins/FX/Niagara/Content/Modules/Solvers/ApplyInitialForces.uasset" 5767
"C:/Users/kbc12306156/AppData/Local/UnrealEngine/Common/DerivedDataCache/Buckets/LegacyNiagaraScriptDerivedData/6d/09/dde2dd2c9210d2f0ea08738a9c47ae470eff.udd" 5768
"C:/Users/kbc12306156/AppData/Local/UnrealEngine/Common/DerivedDataCache/Buckets/LegacyNiagaraScriptDerivedData/a4/02/9653936019df8bc20fcac01c5335ee98e773.udd" 5769
"C:/Users/kbc12306156/AppData/Local/UnrealEngine/Common/DerivedDataCache/Buckets/LegacyNiagaraScriptDerivedData/46/84/f4e7b6a44be184647075b2e4402e1db55422.udd" 5770
"C:/Users/kbc12306156/AppData/Local/UnrealEngine/Common/DerivedDataCache/Buckets/LegacyNiagaraScriptDerivedData/6b/e7/b2dffd15c706919502b71bb52b165f89bf51.udd" 5771
"C:/Users/kbc12306156/AppData/Local/UnrealEngine/Common/DerivedDataCache/Buckets/LegacyNiagaraScriptDerivedData/d9/b5/6abe96e7a8e6e73e399ffce0eb3b9cffa9bf.udd" 5772
"C:/Users/kbc12306156/AppData/Local/UnrealEngine/Common/DerivedDataCache/Buckets/LegacyNiagaraScriptDerivedData/4a/9b/31923ce77cf20d994d42a7fc7d5660067efe.udd" 5773
"C:/Users/kbc12306156/AppData/Local/UnrealEngine/Common/DerivedDataCache/Buckets/LegacyNiagaraScriptDerivedData/8a/35/528703c50daa0edac8ea16e491151c60f58b.udd" 5774
"C:/Users/kbc12306156/AppData/Local/UnrealEngine/Common/DerivedDataCache/Buckets/LegacyNiagaraScriptDerivedData/6f/01/a04f09244e3d38a2e952d19a9e230da71d88.udd" 5775
"C:/Users/kbc12306156/AppData/Local/UnrealEngine/Common/DerivedDataCache/Buckets/LegacyNiagaraScriptDerivedData/da/48/b3ce3e1e6f7bbc225def0b44305a83e47193.udd" 5776
"C:/Users/kbc12306156/AppData/Local/UnrealEngine/Common/DerivedDataCache/Buckets/LegacyNiagaraScriptDerivedData/a9/28/57104048b892caa48d3dfb131c5fe8b3e89d.udd" 5777
"C:/Users/kbc12306156/AppData/Local/UnrealEngine/Common/DerivedDataCache/Buckets/LegacyNiagaraScriptDerivedData/1b/94/a76e115a84f0f14d6b7a6e2545562ce551f9.udd" 5778
"../../../Engine/Plugins/Interchange/Runtime/Content/gltf/MaterialInstances_SG/MI_Translucent_ClearCoat.uasset" 5779
"../../../../../../PG/TGS_TeamK/Content/ArrowTrail/Material/MI_Instance/MI_ArrowRibbon_02.uasset" 5780
"../../../../../../PG/TGS_TeamK/Content/ArrowTrail/Material/MI_Instance/MI_IceParticle1.uasset" 5781
"C:/Users/kbc12306156/AppData/Local/UnrealEngine/Common/DerivedDataCache/Buckets/LegacyNiagaraScriptDerivedData/f5/12/d8f9ad84463d835862073e5a3e4ebebe8c18.udd" 5782
"C:/Users/kbc12306156/AppData/Local/UnrealEngine/Common/DerivedDataCache/Buckets/LegacyNiagaraScriptDerivedData/12/1d/d9e7f23822d7203f49f8a6162a8b88703074.udd" 5783
"C:/Users/kbc12306156/AppData/Local/UnrealEngine/Common/DerivedDataCache/Buckets/LegacyNiagaraScriptDerivedData/d0/d9/20fdbc387e4602eab3f7158c9a59d1c546ee.udd" 5784
"C:/Users/kbc12306156/AppData/Local/UnrealEngine/Common/DerivedDataCache/Buckets/LegacyNiagaraScriptDerivedData/2e/1a/435187d209548ed016308e92df9eaa42f1d0.udd" 5785
"C:/Users/kbc12306156/AppData/Local/UnrealEngine/Common/DerivedDataCache/Buckets/LegacyNiagaraScriptDerivedData/61/7e/f0f944130b86a9e76a2c1a7ae0a043ec929c.udd" 5786
"C:/Users/kbc12306156/AppData/Local/UnrealEngine/Common/DerivedDataCache/Buckets/LegacyNiagaraScriptDerivedData/78/94/bc0e29dacb29369bb2d440d4e59f396e9675.udd" 5787
"C:/Users/kbc12306156/AppData/Local/UnrealEngine/Common/DerivedDataCache/Buckets/LegacyNiagaraScriptDerivedData/73/5a/7fb447a60a3c36c00ed5c0cfda81dac0bd84.udd" 5788
"C:/Users/kbc12306156/AppData/Local/UnrealEngine/Common/DerivedDataCache/Buckets/LegacyNiagaraScriptDerivedData/c4/01/7771171ec1c2fc8f6161b2dcd648b5a53c36.udd" 5789
"C:/Users/kbc12306156/AppData/Local/UnrealEngine/Common/DerivedDataCache/Buckets/LegacyNiagaraScriptDerivedData/57/8d/8a6c125a64a920316c5dd70fb62b3e5d7e3e.udd" 5790
"C:/Users/kbc12306156/AppData/Local/UnrealEngine/Common/DerivedDataCache/Buckets/LegacyNiagaraScriptDerivedData/fd/a9/cbb534bdd5275c4e5a7a1af487452e0c407e.udd" 5791
"C:/Users/kbc12306156/AppData/Local/UnrealEngine/Common/DerivedDataCache/Buckets/LegacyNiagaraScriptDerivedData/a1/04/87dea139150d59371f7f2dbb9d42d5c8a84a.udd" 5792
"../../../Engine/Plugins/Interchange/Runtime/Content/gltf/MaterialInstances_SG/MI_Translucent.uasset" 5793
"../../../../../../PG/TGS_TeamK/Content/ArrowTrail/Material/MI_Instance/MI_IceRibbon.uasset" 5794
"../../../../../../PG/TGS_TeamK/Content/ArrowTrail/Material/MI_Instance/MI_Smoke.uasset" 5795
"C:/Users/kbc12306156/AppData/Local/UnrealEngine/Common/DerivedDataCache/Buckets/LegacyNiagaraScriptDerivedData/ad/20/7fbf38066f58f9d921c180aabbb471bcf30a.udd" 5796
"C:/Users/kbc12306156/AppData/Local/UnrealEngine/Common/DerivedDataCache/Buckets/LegacyNiagaraScriptDerivedData/b6/f1/948d01072960278dbeb2c6823965ccacd455.udd" 5797
"C:/Users/kbc12306156/AppData/Local/UnrealEngine/Common/DerivedDataCache/Buckets/LegacyNiagaraScriptDerivedData/2b/24/900b4e8c0dbdc5b015139d2d8a0d56977406.udd" 5798
"C:/Users/kbc12306156/AppData/Local/UnrealEngine/Common/DerivedDataCache/Buckets/LegacyNiagaraScriptDerivedData/85/30/9a01a2294461b2810592617478ba6b4a5480.udd" 5799
"C:/Users/kbc12306156/AppData/Local/UnrealEngine/Common/DerivedDataCache/Buckets/LegacyNiagaraScriptDerivedData/40/34/e7cd39d3b0b2290ef54360bf5023fca68acd.udd" 5800
"C:/Users/kbc12306156/AppData/Local/UnrealEngine/Common/DerivedDataCache/Buckets/LegacyNiagaraScriptDerivedData/8d/e4/c1f40d59219918cf270f343e6ef93876b0be.udd" 5801
"C:/Users/kbc12306156/AppData/Local/UnrealEngine/Common/DerivedDataCache/Buckets/LegacyNiagaraScriptDerivedData/29/e5/94dfb62e81d631eed8e7f52383ded41695b7.udd" 5802
"C:/Users/kbc12306156/AppData/Local/UnrealEngine/Common/DerivedDataCache/Buckets/LegacyNiagaraScriptDerivedData/11/49/87d534cb5d1ebb4b9f8956395444babc4178.udd" 5803
"C:/Users/kbc12306156/AppData/Local/UnrealEngine/Common/DerivedDataCache/Buckets/LegacyNiagaraScriptDerivedData/5e/b9/f056c4004ebe118e1b8e1c45ea1744287c76.udd" 5804
"C:/Users/kbc12306156/AppData/Local/UnrealEngine/Common/DerivedDataCache/Buckets/LegacyNiagaraScriptDerivedData/14/10/80dc46b7333f04970cb38e64cb059399a349.udd" 5805
"C:/Users/kbc12306156/AppData/Local/UnrealEngine/Common/DerivedDataCache/Buckets/LegacyNiagaraScriptDerivedData/93/a3/016c3d7ce25ae0c6af9dc13151f5710bfe3c.udd" 5806
"../../../Engine/Plugins/Interchange/Runtime/Content/gltf/MaterialInstances_MR/MI_Translucent_TS.uasset" 5807
"../../../../../../PG/TGS_TeamK/Content/ParagonIggyScorch/Characters/Global/MaterialFunctions/HitFlash.uasset" 5808
"../../../../../../PG/TGS_TeamK/Content/ParagonIggyScorch/Characters/Global/MaterialFunctions/MF_BrightnessAdjust.uasset" 5809
"../../../../../../PG/TGS_TeamK/Content/ParagonIggyScorch/Characters/Global/MaterialFunctions/MF_DeathFade.uasset" 5810
"../../../../../../PG/TGS_TeamK/Content/ParagonIggyScorch/Characters/Global/MaterialFunctions/MF_OrionRimlight.uasset" 5811
"../../../Engine/Plugins/Interchange/Runtime/Content/gltf/MaterialInstances_MR/MI_Translucent_ClearCoat_TS.uasset" 5812
"../../../../../../PG/TGS_TeamK/Content/ParagonWraith/FX/Materials/M_ShadowPlaneShimmer.uasset" 5813
"../../../../../../PG/TGS_TeamK/Content/Vefects/Easy_Shockwaves_VFX/VFX/Shockwaves/Particles/Color_Variation/VFX_Shockwave_01_Black_Big_1s.uasset" 5814
"../../../../../../PG/TGS_TeamK/Content/StarterContent/Shapes/Shape_Cylinder.uasset" 5815
"../../../Engine/Plugins/Interchange/Runtime/Content/gltf/MaterialInstances_MR/MI_Translucent_ClearCoat.uasset" 5816
"../../../../../../PG/TGS_TeamK/Content/ParagonWraith/FX/Materials/MaterialFunctions/HitFlash.uasset" 5817
"../../../../../../PG/TGS_TeamK/Content/ParagonWraith/FX/Materials/MaterialFunctions/MF_BrightnessAdjust.uasset" 5818
"../../../../../../PG/TGS_TeamK/Content/ParagonWraith/FX/Materials/MaterialFunctions/MF_DeathFade.uasset" 5819
"../../../../../../PG/TGS_TeamK/Content/ParagonWraith/FX/Materials/MaterialFunctions/MF_OrionRimlight.uasset" 5820
"../../../Engine/Plugins/Interchange/Runtime/Content/gltf/MaterialInstances_MR/MI_Translucent.uasset" 5821
"../../Plugins/Interchange/Runtime/Content/gltf/M_Transmission.uasset" 5822
"../../../Engine/Plugins/Interchange/Runtime/Content/gltf/MaterialInstances_SG/MI_Opaque_TS.uasset" 5823
"../../../Engine/Plugins/Interchange/Runtime/Content/gltf/MaterialInstances_SG/MI_Opaque_ClearCoat_TS.uasset" 5824
"../../../Engine/Plugins/Interchange/Runtime/Content/gltf/MaterialInstances_SG/MI_Opaque_ClearCoat.uasset" 5825
"../../../Engine/Plugins/Interchange/Runtime/Content/gltf/MaterialInstances_SG/MI_Opaque.uasset" 5826
"../../Plugins/Interchange/Runtime/Content/gltf/M_Sheen.uasset" 5827
"../../../Engine/Plugins/Interchange/Runtime/Content/gltf/MaterialInstances_MR/MI_Opaque_TS.uasset" 5828
"../../../Engine/Plugins/Interchange/Runtime/Content/gltf/MaterialInstances_MR/MI_Opaque_ClearCoat_TS.uasset" 5829
"../../../Engine/Plugins/Interchange/Runtime/Content/gltf/MaterialInstances_MR/MI_Opaque_ClearCoat.uasset" 5830
"../../../Engine/Plugins/Interchange/Runtime/Content/gltf/MaterialInstances_MR/MI_Opaque.uasset" 5831
"../../Plugins/Interchange/Runtime/Content/gltf/M_Translucent.uasset" 5832
"C:/PG/TGS_TeamK/Content/ThirdPerson/Blueprints/BP_Burst.uasset" 5833
"C:/PG/TGS_TeamK/Content/EPMasterMaterials/Materials/Masters/MM_EP_MinimumPBR+Parameters.uasset" 5834
"C:/PG/TGS_TeamK/Content/ParagonWraith/Characters/Heroes/Wraith/Skins/ODGreen/Materials/M_Wraith_Gun_ODGreen.uasset" 5835
"C:/PG/TGS_TeamK/Content/ParagonWraith/Characters/Heroes/Wraith/Skins/LunarOps/Materials/M_Wraith_Backpack_LunarOps.uasset" 5836
"C:/PG/TGS_TeamK/Content/ParagonWraith/Characters/Heroes/Wraith/Skins/LunarOps/Materials/M_Wraith_Attachment_LunarOps.uasset" 5837
"C:/PG/TGS_TeamK/Content/ParagonWraith/Characters/Heroes/Wraith/Skins/LunarOps/Materials/M_Wraith_Gun_LunarOps.uasset" 5838
"C:/PG/TGS_TeamK/Content/ParagonWraith/Characters/Heroes/Wraith/Skins/LunarOps/Materials/M_Wraith_Lowerbody_LunarOps.uasset" 5839
"C:/PG/TGS_TeamK/Content/ParagonWraith/Characters/Heroes/Wraith/Skins/LunarOps/Materials/M_Wraith_Upperbody_LunarOps.uasset" 5840
"../../Plugins/Interchange/Runtime/Content/gltf/M_Opaque.uasset" 5841
"C:/PG/TGS_TeamK/Content/ParagonWraith/Characters/Heroes/Wraith/Materials/M_Wraith_Backpack.uasset" 5842
"C:/PG/TGS_TeamK/Content/ParagonWraith/Characters/Heroes/Wraith/Materials/M_Wraith_Gun.uasset" 5843
"C:/PG/TGS_TeamK/Content/ParagonWraith/Characters/Heroes/Wraith/Materials/M_Wraith_Lowerbody.uasset" 5844
"C:/PG/TGS_TeamK/Content/ParagonWraith/Characters/Heroes/Wraith/Materials/M_Wraith_Upperbody.uasset" 5845
"C:/PG/TGS_TeamK/Content/ParagonIggyScorch/Characters/Heroes/IggyScorch/Materials/M_IggyScorch_Bottle_Injector_Glass.uasset" 5846
"C:/PG/TGS_TeamK/Content/ParagonIggyScorch/Characters/Global/Eyes/Materials/M_TearLine.uasset" 5847
"C:/PG/TGS_TeamK/Content/ParagonIggyScorch/Characters/Heroes/IggyScorch/Materials/M_IggyScorch_Thrower.uasset" 5848
"C:/PG/TGS_TeamK/Content/ParagonIggyScorch/Characters/Heroes/IggyScorch/Materials/M_OilPouch.uasset" 5849
"../../../../../../PG/TGS_TeamK/Content/ParagonWraith/FX/Meshes/Heroes/Wraith/FX/SM_Wraith_Drone_ElectroField.uasset" 5850
"../../../../../../PG/TGS_TeamK/Content/ParagonWraith/FX/Particles/Abilities/TeleportTarget/FX/P_Wraith_Teleport_Orb.uasset" 5851
"../../../../../../PG/TGS_TeamK/Content/SE_BGM/AS_1619692_?????????????????.uasset" 5852
"C:/PG/TGS_TeamK/Content/ParagonIggyScorch/Characters/Heroes/IggyScorch/Skins/Fireball/Materials/M_IggyScorch_Dispenser_Fireball.uasset" 5853
"../../../../../../PG/TGS_TeamK/Content/EPMasterMaterials/Materials/Masters/Functions/MF_EP_MinimumPBR+Parameters.uasset" 5854
"C:/PG/TGS_TeamK/Content/ParagonIggyScorch/Characters/Heroes/IggyScorch/Skins/Fireball/Materials/M_IggyScorch_Mount_Front_Fireball.uasset" 5855
"../../../../../../PG/TGS_TeamK/Content/ParagonWraith/Characters/Global/MaterialFunctions/MF_CharacterEffects.uasset" 5856
"../../../../../../PG/TGS_TeamK/Content/ParagonWraith/Characters/Global/MaterialFunctions/MF_OrionCharacterAO.uasset" 5857
"../../../../../../PG/TGS_TeamK/Content/ParagonWraith/Characters/Global/MaterialLayers/Metal/ML_Gray_Gun_Metal.uasset" 5858
"../../../../../../PG/TGS_TeamK/Content/ParagonWraith/Characters/Global/MaterialLayers/Metal/ML_LowContrastHardMetal.uasset" 5859
"../../../../../../PG/TGS_TeamK/Content/ParagonWraith/Characters/Global/MaterialLayers/Synthetics/ML_CarbonFiber.uasset" 5860
"../../../../../../PG/TGS_TeamK/Content/ParagonWraith/Characters/Global/MaterialLayers/Synthetics/ML_Gem.uasset" 5861
"../../../../../../PG/TGS_TeamK/Content/ParagonWraith/Characters/Global/MaterialLayers/Synthetics/ML_RoughPlastic.uasset" 5862
"../../../../../../PG/TGS_TeamK/Content/ParagonWraith/Characters/Heroes/Wraith/Materials/MLayer/ML_WraithGunmetal02.uasset" 5863
"../../../../../../PG/TGS_TeamK/Content/ParagonWraith/Characters/Heroes/Wraith/Materials/MLayer/ML_Wraithlatex.uasset" 5864
"../../../../../../PG/TGS_TeamK/Content/ParagonWraith/Characters/Heroes/Wraith/Skins/LunarOps/Textures/T_Wraith_LunarOps_Gun_RGB.uasset" 5865
"../../../../../../PG/TGS_TeamK/Content/ParagonWraith/Characters/Heroes/Wraith/Skins/ODGreen/Textures/T_Wraith_Gun_ODGreen_Mask.uasset" 5866
"../../../../../../PG/TGS_TeamK/Content/ParagonWraith/Characters/Heroes/Wraith/Skins/ODGreen/Textures/T_Wraith_Gun_ODGreen_Mask2.uasset" 5867
"../../../../../../PG/TGS_TeamK/Content/ParagonWraith/Characters/Heroes/Wraith/Textures/T_Wraith_gun_N_DEMO.uasset" 5868
"C:/PG/TGS_TeamK/Content/ParagonIggyScorch/Characters/Heroes/IggyScorch/Skins/Fireball/Materials/M_IggyScorch_Mount_Rear_Fireball.uasset" 5869
"../../../../../../PG/TGS_TeamK/Content/ParagonWraith/Characters/Global/MaterialLayers/Metal/ML_Brushed_Copper2.uasset" 5870
"../../../../../../PG/TGS_TeamK/Content/ParagonWraith/Characters/Global/MaterialLayers/Metal/ML_Metal_Scratched_Circular.uasset" 5871
"../../../../../../PG/TGS_TeamK/Content/ParagonWraith/Characters/Heroes/Wraith/Materials/MLayer/MF_Wraith_Emissive_Fade.uasset" 5872
"../../../../../../PG/TGS_TeamK/Content/ParagonWraith/Characters/Heroes/Wraith/Skins/LunarOps/Materials/ML/MF_Wraith_CarPaint.uasset" 5873
"../../../../../../PG/TGS_TeamK/Content/ParagonWraith/Characters/Heroes/Wraith/Skins/LunarOps/Textures/T_Wraith_Backpack_LunarOps_Mask.uasset" 5874
"../../../../../../PG/TGS_TeamK/Content/ParagonWraith/Characters/Heroes/Wraith/Textures/T_Wraith_Backpack_Mask2.uasset" 5875
"../../../../../../PG/TGS_TeamK/Content/ParagonWraith/Characters/Heroes/Wraith/Textures/T_Wraith_backpack_N_DEMO.uasset" 5876
"C:/PG/TGS_TeamK/Content/ParagonIggyScorch/Characters/Heroes/IggyScorch/Skins/Fireball/Materials/M_IggyScorch_Pilot_Fireball.uasset" 5877
"../../../../../../PG/TGS_TeamK/Content/ParagonWraith/Characters/Global/MaterialLayers/Fabric/ML_NylonStrap.uasset" 5878
"../../../../../../PG/TGS_TeamK/Content/ParagonWraith/Characters/Global/MaterialLayers/Metal/ML_AnodizedAluminium.uasset" 5879
"../../../../../../PG/TGS_TeamK/Content/ParagonWraith/FX/Materials/Heroes/Wraith/MLayer/MF_Wraithlatex.uasset" 5880
"../../../../../../PG/TGS_TeamK/Content/ParagonWraith/Characters/Heroes/Wraith/Skins/LunarOps/Textures/T_Accessories_ts_DEMO.uasset" 5881
"../../../../../../PG/TGS_TeamK/Content/ParagonWraith/Characters/Heroes/Wraith/Skins/LunarOps/Textures/T_Wraith_attachment_LunarOps_Mask1.uasset" 5882
"../../../../../../PG/TGS_TeamK/Content/ParagonWraith/Characters/Heroes/Wraith/Skins/LunarOps/Textures/T_Wraith_attachment_LunarOps_Mask2.uasset" 5883
"../../../../../../PG/TGS_TeamK/Content/ParagonWraith/Characters/Heroes/Wraith/Skins/LunarOps/Textures/T_Wraith_attachment_LunarOps_RGB.uasset" 5884
"C:/PG/TGS_TeamK/Content/ParagonIggyScorch/Characters/Heroes/IggyScorch/Skins/MechaTerror/Materials/M_IggyScorch_MechaTerror_Hoses.uasset" 5885
"../../../../../../PG/TGS_TeamK/Content/ParagonWraith/Characters/Heroes/Wraith/Materials/MLayer/MF_GunCarMat.uasset" 5886
"../../../../../../PG/TGS_TeamK/Content/ParagonWraith/Characters/Heroes/Wraith/Textures/T_Wraith_Gun_Mask2.uasset" 5887
"C:/PG/TGS_TeamK/Content/ParagonIggyScorch/Characters/Heroes/IggyScorch/Skins/MechaTerror/Materials/M_IggyScorch_MechaTerror_Hydraulics.uasset" 5888
"../../../../../../PG/TGS_TeamK/Content/ParagonWraith/Characters/Heroes/Wraith/Skins/LunarOps/Textures/T_Wraith_lowerBody_LunarOps_Mask.uasset" 5889
"../../../../../../PG/TGS_TeamK/Content/ParagonWraith/Characters/Heroes/Wraith/Skins/LunarOps/Textures/T_Wraith_lowerBody_LunarOps_Mask2.uasset" 5890
"../../../../../../PG/TGS_TeamK/Content/ParagonWraith/Characters/Heroes/Wraith/Skins/LunarOps/Textures/T_Wraith_LunarOps_Lowerbody_RGBA.uasset" 5891
"../../../../../../PG/TGS_TeamK/Content/ParagonWraith/Characters/Heroes/Wraith/Textures/T_Wraith_lowerbody_N_DEMO.uasset" 5892
"../../../../../../PG/TGS_TeamK/Content/ParagonWraith/Characters/Heroes/Wraith/Textures/T_Wraith_Lowerbody_RGBA.uasset" 5893
"C:/PG/TGS_TeamK/Content/ParagonIggyScorch/Characters/Heroes/IggyScorch/Skins/MechaTerror/Materials/M_IggyScorch_MechaTerror_Pilot_1.uasset" 5894
"../../../../../../PG/TGS_TeamK/Content/ParagonWraith/Characters/Heroes/Wraith/Skins/LunarOps/Textures/T_Wraith_UpperBody_LunarOps_Mask.uasset" 5895
"../../../../../../PG/TGS_TeamK/Content/ParagonWraith/Characters/Heroes/Wraith/Skins/LunarOps/Textures/T_Wraith_UpperBody_LunarOps_Mask2.uasset" 5896
"../../../../../../PG/TGS_TeamK/Content/ParagonWraith/Characters/Heroes/Wraith/Skins/LunarOps/Textures/T_Wraith_Upperbody_LunarOps_RGBA.uasset" 5897
"../../../../../../PG/TGS_TeamK/Content/ParagonWraith/Characters/Heroes/Wraith/Textures/T_Wraith_upperbody_N_DEMO.uasset" 5898
"C:/PG/TGS_TeamK/Content/ParagonIggyScorch/Characters/Heroes/IggyScorch/Skins/MechaTerror/Materials/M_IggyScorch_MechaTerror_Pilot_2.uasset" 5899
"../../../../../../PG/TGS_TeamK/Content/ParagonWraith/Characters/Global/MaterialLayers/Metal/ML_SoftMetal01.uasset" 5900
"../../../../../../PG/TGS_TeamK/Content/ParagonWraith/Characters/Global/MaterialLayers/Painted/ML_MetallicClearCoat.uasset" 5901
"../../../../../../PG/TGS_TeamK/Content/ParagonWraith/Characters/Global/MaterialLayers/Synthetics/ML_SimpleEmissive_underGlass.uasset" 5902
"../../../../../../PG/TGS_TeamK/Content/ParagonWraith/Characters/Heroes/Wraith/Textures/T_Wraith_Backpack_Mask.uasset" 5903
"C:/PG/TGS_TeamK/Content/ParagonIggyScorch/Characters/Heroes/IggyScorch/Skins/MechaTerror/Materials/M_IggyScorch_MechaTerror_Pilot_Claw.uasset" 5904
"../../../../../../PG/TGS_TeamK/Content/ParagonWraith/Characters/Global/MaterialLayers/Metal/ML_Gray_Gun_Metal4.uasset" 5905
"../../../../../../PG/TGS_TeamK/Content/ParagonWraith/Characters/Heroes/Wraith/Textures/T_Wraith_Gun_Mask.uasset" 5906
"C:/PG/TGS_TeamK/Content/ParagonIggyScorch/Characters/Heroes/IggyScorch/Skins/MechaTerror/Materials/M_IggyScorch_MechaTerror_Pilot_Eyes.uasset" 5907
"../../../../../../PG/TGS_TeamK/Content/ParagonWraith/Characters/Heroes/Wraith/Textures/T_Wraith_LowerBody_Mask.uasset" 5908
"../../../../../../PG/TGS_TeamK/Content/ParagonWraith/Characters/Heroes/Wraith/Textures/T_Wraith_LowerBody_Mask2.uasset" 5909
"C:/PG/TGS_TeamK/Content/ParagonIggyScorch/Characters/Global/Eyes/Materials/M_EyeRefractive.uasset" 5910
"../../../../../../PG/TGS_TeamK/Content/ParagonWraith/Characters/Heroes/Wraith/Textures/T_Wraith_UpperBody_Mask.uasset" 5911
"../../../../../../PG/TGS_TeamK/Content/ParagonWraith/Characters/Heroes/Wraith/Textures/T_Wraith_UpperBody_Mask2.uasset" 5912
"../../../../../../PG/TGS_TeamK/Content/ParagonWraith/Characters/Heroes/Wraith/Textures/T_Wraith_Upperbody_RGBA.uasset" 5913
"C:/PG/TGS_TeamK/Content/ParagonIggyScorch/Characters/Global/Hair/Materials/M_HairSheet_Master2.uasset" 5914
"../../../../../../PG/TGS_TeamK/Content/ParagonIggyScorch/Characters/Global/MaterialFunctions/MF_CharacterEffects.uasset" 5915
"../../../../../../PG/TGS_TeamK/Content/ParagonIggyScorch/Characters/Heroes/IggyScorch/Materials/ML/ML_IggyScorch_Injector_Glass.uasset" 5916
"C:/PG/TGS_TeamK/Content/ParagonIggyScorch/Characters/Heroes/IggyScorch/Skins/MechaTerror/Materials/Parent/M_IggyScorch_MechaTerror_Container.uasset" 5917
"C:/PG/TGS_TeamK/Content/ParagonIggyScorch/Characters/Heroes/IggyScorch/Skins/MechaTerror/Materials/Parent/T_IggyScorch_MechaTerror_Glass.uasset" 5918
"../../../../../../PG/TGS_TeamK/Content/ParagonIggyScorch/Characters/Global/MaterialFunctions/MatLayerBlend_Decal.uasset" 5919
"../../../../../../PG/TGS_TeamK/Content/ParagonIggyScorch/Characters/Global/MaterialFunctions/MF_OrionCharacterAO.uasset" 5920
"../../../../../../PG/TGS_TeamK/Content/ParagonIggyScorch/Characters/Global/MaterialLayers/Metal/ML_GlossyArmor_03.uasset" 5921
"../../../../../../PG/TGS_TeamK/Content/ParagonIggyScorch/Characters/Global/MaterialLayers/Metal/ML_Gray_Flat_Black_Metal3.uasset" 5922
"../../../../../../PG/TGS_TeamK/Content/ParagonIggyScorch/Characters/Global/MaterialLayers/Painted/ML_Paint_OverMetal.uasset" 5923
"../../../../../../PG/TGS_TeamK/Content/ParagonIggyScorch/Characters/Global/MaterialLayers/Rubber/M_RubberHose_Simple.uasset" 5924
"../../../../../../PG/TGS_TeamK/Content/ParagonIggyScorch/Characters/Global/MaterialLayers/Rubber/ML_Dark_rubber.uasset" 5925
"../../../../../../PG/TGS_TeamK/Content/ParagonIggyScorch/Characters/Heroes/IggyScorch/Materials/SSP_IggyScorch_Mount_SS_Profile.uasset" 5926
"../../../../../../PG/TGS_TeamK/Content/ParagonIggyScorch/Characters/Heroes/IggyScorch/Textures/T_IggyScorch_Items_Decal.uasset" 5927
"../../../../../../PG/TGS_TeamK/Content/ParagonIggyScorch/Characters/Heroes/IggyScorch/Textures/T_IggyScorch_Items_MASK.uasset" 5928
"../../../../../../PG/TGS_TeamK/Content/ParagonIggyScorch/Characters/Heroes/IggyScorch/Textures/T_IggyScorch_Items_MASK2.uasset" 5929
"../../../../../../PG/TGS_TeamK/Content/ParagonIggyScorch/Characters/Heroes/IggyScorch/Textures/T_IggyScorch_Items_N.uasset" 5930
"../../../../../../PG/TGS_TeamK/Content/ParagonIggyScorch/Characters/Heroes/IggyScorch/Textures/T_IggyScorch_Items_RGB.uasset" 5931
"C:/PG/TGS_TeamK/Content/ParagonIggyScorch/Characters/Heroes/IggyScorch/Skins/MechaTerror/Materials/Parent/M_IggyScorch_MechaTerror_Items_1.uasset" 5932
"../../../../../../PG/TGS_TeamK/Content/ParagonIggyScorch/Characters/Heroes/IggyScorch/Textures/T_guts.uasset" 5933
"../../../../../../PG/TGS_TeamK/Content/ParagonIggyScorch/Characters/Heroes/IggyScorch/Textures/T_IggyScorch_Mount_Rear_N.uasset" 5934
"C:/PG/TGS_TeamK/Content/ParagonIggyScorch/Characters/Heroes/IggyScorch/Skins/MechaTerror/Materials/Parent/M_IggyScorch_MechaTerror_Items_2.uasset" 5935
"../../../../../../PG/TGS_TeamK/Content/ParagonIggyScorch/Characters/Global/MaterialLayers/Metal/ML_Brushed_Copper2.uasset" 5936
"../../../../../../PG/TGS_TeamK/Content/ParagonIggyScorch/Characters/Global/MaterialLayers/Metal/ML_CastIron.uasset" 5937
"../../../../../../PG/TGS_TeamK/Content/ParagonIggyScorch/Characters/Global/MaterialLayers/Metal/ML_SoftMetal01.uasset" 5938
"../../../../../../PG/TGS_TeamK/Content/ParagonIggyScorch/Characters/Global/MaterialLayers/Skin/T_Pore_Specular.uasset" 5939
"../../../../../../PG/TGS_TeamK/Content/ParagonIggyScorch/Characters/Heroes/IggyScorch/Textures/T_IggyScorch_Dispenser__RGB.uasset" 5940
"../../../../../../PG/TGS_TeamK/Content/ParagonIggyScorch/Characters/Heroes/IggyScorch/Textures/T_IggyScorch_Dispenser_D.uasset" 5941
"../../../../../../PG/TGS_TeamK/Content/ParagonIggyScorch/Characters/Heroes/IggyScorch/Textures/T_IggyScorch_Dispenser_MASK.uasset" 5942
"C:/PG/TGS_TeamK/Content/ParagonIggyScorch/Characters/Heroes/IggyScorch/Skins/MechaTerror/Materials/Parent/M_IggyScorch_MechaTerror_Mount_1.uasset" 5943
"../../../../../../PG/TGS_TeamK/Content/ParagonIggyScorch/Characters/Heroes/IggyScorch/Materials/MF/MF_IggyScorch_Mount_Emissive.uasset" 5944
"../../../../../../PG/TGS_TeamK/Content/ParagonIggyScorch/Characters/Heroes/IggyScorch/Skins/Fireball/Materials/Material_Layers/ML_IggyScorch_FB_Lava_Rock.uasset" 5945
"../../../../../../PG/TGS_TeamK/Content/ParagonIggyScorch/Characters/Heroes/IggyScorch/Skins/Fireball/Textures/T_IggyScorch_Mount_Front_Fireball_N.uasset" 5946
"../../../../../../PG/TGS_TeamK/Content/ParagonIggyScorch/Characters/Heroes/IggyScorch/Skins/Fireball/Textures/T_IggyScorch_Mount_Front_Fireball_RGB_2.uasset" 5947
"../../../../../../PG/TGS_TeamK/Content/ParagonIggyScorch/Characters/Heroes/IggyScorch/Skins/Fireball/Textures/T_IggyScorch_Mount_Front_Fireball_Skin.uasset" 5948
"../../../../../../PG/TGS_TeamK/Content/ParagonIggyScorch/Characters/Heroes/IggyScorch/Textures/T_IggyScorch_Mount_Front_MASK.uasset" 5949
"../../../../../../PG/TGS_TeamK/Content/ParagonIggyScorch/Characters/Heroes/IggyScorch/Textures/T_IggyScorch_Mount_Front_RGB.uasset" 5950
"../../../../../../PG/TGS_TeamK/Content/ParagonIggyScorch/Characters/Heroes/IggyScorch/Textures/T_IggyScorch_Skin_Elephant_Color.uasset" 5951
"C:/PG/TGS_TeamK/Content/ParagonIggyScorch/Characters/Heroes/IggyScorch/Skins/MechaTerror/Materials/Parent/M_IggyScorch_MechaTerror_Mount_2.uasset" 5952
"../../../../../../PG/TGS_TeamK/Content/ParagonIggyScorch/Characters/Global/MaterialLayers/Fabric/ML_Whool01.uasset" 5953
"../../../../../../PG/TGS_TeamK/Content/ParagonIggyScorch/Characters/Heroes/IggyScorch/Skins/Fireball/Textures/T_IggyScorch_Mount_Rear_Fireball_MASK2.uasset" 5954
"../../../../../../PG/TGS_TeamK/Content/ParagonIggyScorch/Characters/Heroes/IggyScorch/Skins/Fireball/Textures/T_IggyScorch_Mount_Rear_Fireball_RGB.uasset" 5955
"../../../../../../PG/TGS_TeamK/Content/ParagonIggyScorch/Characters/Heroes/IggyScorch/Skins/Fireball/Textures/T_IggyScorch_Mount_Rear_Fireball_Skin.uasset" 5956
"../../../../../../PG/TGS_TeamK/Content/ParagonIggyScorch/Characters/Heroes/IggyScorch/Textures/T_IggyScorch_Mount_Rear_EMISS.uasset" 5957
"../../../../../../PG/TGS_TeamK/Content/ParagonIggyScorch/Characters/Heroes/IggyScorch/Textures/T_IggyScorch_Mount_Rear_RGB.uasset" 5958
"../../../../../../PG/TGS_TeamK/Content/ParagonIggyScorch/Characters/Heroes/IggyScorch/Textures/T_IggyScorch_Mount_Rear_RGB3.uasset" 5959
"C:/PG/TGS_TeamK/Content/ParagonIggyScorch/Characters/Heroes/IggyScorch/Materials/M_IggyScorch_Dispenser.uasset" 5960
"../../../../../../PG/TGS_TeamK/Content/ParagonIggyScorch/Characters/Global/MaterialLayers/Fabric/ML_Canvas_Grey01.uasset" 5961
"../../../../../../PG/TGS_TeamK/Content/ParagonIggyScorch/Characters/Global/MaterialLayers/Fabric/ML_HeavyFabric02.uasset" 5962
"../../../../../../PG/TGS_TeamK/Content/ParagonIggyScorch/Characters/Global/MaterialLayers/Fabric/ML_Whool02.uasset" 5963
"../../../../../../PG/TGS_TeamK/Content/ParagonIggyScorch/Characters/Global/MaterialLayers/Metal/ML_SoftMetal03.uasset" 5964
"../../../../../../PG/TGS_TeamK/Content/ParagonIggyScorch/Characters/Global/MaterialLayers/Rubber/ML_Rubber.uasset" 5965
"../../../../../../PG/TGS_TeamK/Content/ParagonIggyScorch/Characters/Heroes/IggyScorch/Skins/Fireball/Materials/SSP_IggyScorch_Pilot_Fireball.uasset" 5966
"../../../../../../PG/TGS_TeamK/Content/ParagonIggyScorch/Characters/Heroes/IggyScorch/Skins/Fireball/Textures/T_IggyScorch_Pilot_Fireball_Skin.uasset" 5967
"../../../../../../PG/TGS_TeamK/Content/ParagonIggyScorch/Characters/Heroes/IggyScorch/Textures/T_IggyScorch_Pilot_MASK.uasset" 5968
"../../../../../../PG/TGS_TeamK/Content/ParagonIggyScorch/Characters/Heroes/IggyScorch/Textures/T_IggyScorch_Pilot_MASK2.uasset" 5969
"../../../../../../PG/TGS_TeamK/Content/ParagonIggyScorch/Characters/Heroes/IggyScorch/Textures/T_IggyScorch_Pilot_N.uasset" 5970
"../../../../../../PG/TGS_TeamK/Content/ParagonIggyScorch/Characters/Heroes/IggyScorch/Textures/T_IggyScorch_Pilot_Opacity.uasset" 5971
"../../../../../../PG/TGS_TeamK/Content/ParagonIggyScorch/Characters/Heroes/IggyScorch/Textures/T_IggyScorch_Pilot_RGB.uasset" 5972
"../../../../../../PG/TGS_TeamK/Content/ParagonIggyScorch/Characters/Heroes/IggyScorch/Textures/T_IggyScorch_Pilot_Skin_N_detail.uasset" 5973
"C:/PG/TGS_TeamK/Content/ParagonIggyScorch/Characters/Heroes/IggyScorch/Materials/M_IggyScorch_Mount_Front.uasset" 5974
"../../../../../../PG/TGS_TeamK/Content/ParagonIggyScorch/Characters/Global/MaterialLayers/Metal/ML_Metal_Braided.uasset" 5975
"../../../../../../PG/TGS_TeamK/Content/ParagonIggyScorch/Characters/Heroes/IggyScorch/Skins/MechaTerror/Textures/T_IggyScorch_MechaTerror_Hoses_RGBA.uasset" 5976
"C:/PG/TGS_TeamK/Content/ParagonIggyScorch/Characters/Heroes/IggyScorch/Materials/M_IggyScorch_Mount_Rear.uasset" 5977
"../../../../../../PG/TGS_TeamK/Content/ParagonIggyScorch/Characters/Global/MaterialLayers/Metal/ML_GlossyArmor.uasset" 5978
"../../../../../../PG/TGS_TeamK/Content/ParagonIggyScorch/Characters/Heroes/IggyScorch/Skins/MechaTerror/Textures/T_IggyScorch_MechaTerror_Hydraulics_RGBA.uasset" 5979
"C:/PG/TGS_TeamK/Content/ParagonIggyScorch/Characters/Heroes/IggyScorch/Materials/M_IggyScorch_Pilot.uasset" 5980
"../../../../../../PG/TGS_TeamK/Content/ParagonIggyScorch/Characters/Global/MaterialFunctions/MF_ThinFilm_Frensel.uasset" 5981
"../../../../../../PG/TGS_TeamK/Content/ParagonIggyScorch/Characters/Global/MaterialLayers/Metal/ML_AnodizedAluminium.uasset" 5982
"../../../../../../PG/TGS_TeamK/Content/ParagonIggyScorch/Characters/Global/MaterialLayers/Metal/ML_BladeMetal.uasset" 5983
"../../../../../../PG/TGS_TeamK/Content/ParagonIggyScorch/Characters/Global/MaterialLayers/Painted/ML_Paint_OverMetal02.uasset" 5984
"../../../../../../PG/TGS_TeamK/Content/ParagonIggyScorch/Characters/Global/MaterialLayers/Synthetics/ML_Gem.uasset" 5985
"../../../../../../PG/TGS_TeamK/Content/ParagonIggyScorch/Characters/Heroes/IggyScorch/Skins/MechaTerror/Textures/T_IggyScorch_MechaTerror_Pilot_MASK_1.uasset" 5986
"../../../../../../PG/TGS_TeamK/Content/ParagonIggyScorch/Characters/Heroes/IggyScorch/Skins/MechaTerror/Textures/T_IggyScorch_MechaTerror_Pilot_MASK_2.uasset" 5987
"../../../../../../PG/TGS_TeamK/Content/ParagonIggyScorch/Characters/Heroes/IggyScorch/Skins/MechaTerror/Textures/T_IggyScorch_MechaTerror_Pilot_N.uasset" 5988
"../../../../../../PG/TGS_TeamK/Content/ParagonIggyScorch/Characters/Heroes/IggyScorch/Skins/MechaTerror/Textures/T_IggyScorch_MechaTerror_Pilot_RGBA.uasset" 5989
"C:/PG/TGS_TeamK/Content/ParagonWraith/FX/Materials/Heroes/Wraith/M_Wraith_Upperbody.uasset" 5990
"../../../../../../PG/TGS_TeamK/Content/ParagonIggyScorch/Characters/Global/MaterialLayers/Metal/ML_LowContrastHardMetal.uasset" 5991
"C:/PG/TGS_TeamK/Content/EPMasterMaterials/Materials/Instances/Examples/Default/MI_EP_PlasterExample+Parameters01b.uasset" 5992
"../../../../../../PG/TGS_TeamK/Content/ParagonIggyScorch/Characters/Global/MaterialLayers/Metal/ML_Metal_SandCast.uasset" 5993
"../../../../../../PG/TGS_TeamK/Content/ParagonIggyScorch/Characters/Global/MaterialLayers/Rubber/ML_Rubber_LowContrast.uasset" 5994
"../../../../../../PG/TGS_TeamK/Content/ParagonIggyScorch/Characters/Heroes/IggyScorch/Skins/MechaTerror/Textures/T_IggyScorch_MechaTerror_Pilot_Claw_MASK.uasset" 5995
"../../../../../../PG/TGS_TeamK/Content/ParagonIggyScorch/Characters/Heroes/IggyScorch/Skins/MechaTerror/Textures/T_IggyScorch_MechaTerror_Pilot_Claw_N.uasset" 5996
"../../../../../../PG/TGS_TeamK/Content/ParagonIggyScorch/Characters/Heroes/IggyScorch/Skins/MechaTerror/Textures/T_IggyScorch_MechaTerror_Pilot_Claw_RGBA.uasset" 5997
"C:/PG/TGS_TeamK/Content/Enemy/Blueprints/BP_Enemy_Bullet.uasset" 5998
"C:/PG/TGS_TeamK/Content/ParagonWraith/Characters/Heroes/Wraith/Skins/LunarOps/Materials/M_Ghost_Backpack_Martian.uasset" 5999
"../../../../../../PG/TGS_TeamK/Content/ParagonIggyScorch/Characters/Global/Eyes/MaterialFunctions/ML_EyeRefraction.uasset" 6000
"../../../../../../PG/TGS_TeamK/Content/ParagonIggyScorch/Characters/Global/Eyes/MaterialFunctions/ML_IggyULTEye.uasset" 6001
"../../../../../../PG/TGS_TeamK/Content/ParagonIggyScorch/Characters/Global/Eyes/Textures/EpicQuadPanorama_CC.uasset" 6002
"../../../../../../PG/TGS_TeamK/Content/ParagonIggyScorch/Characters/Global/Eyes/Textures/Example/SSP_EyeInner_Profile.uasset" 6003
"../../../../../../PG/TGS_TeamK/Content/ParagonIggyScorch/Characters/Global/Eyes/Textures/Example/T_EYE_NORMALS.uasset" 6004
"../../../../../../PG/TGS_TeamK/Content/ParagonIggyScorch/Characters/Global/Eyes/Textures/Example/T_Eye_Wet_Normal.uasset" 6005
"../../../../../../PG/TGS_TeamK/Content/ParagonIggyScorch/Characters/Global/Eyes/Textures/Example/T_EyeIrisBaseColor_Example_2.uasset" 6006
"../../../../../../PG/TGS_TeamK/Content/ParagonIggyScorch/Characters/Global/Eyes/Textures/Example/T_EyeScleraBaseColor_Example_2.uasset" 6007
"../../../../../../PG/TGS_TeamK/Content/ParagonIggyScorch/Characters/Global/Eyes/Textures/Example/T_Sphere_EYE_NORMALS.uasset" 6008
"../../../../../../PG/TGS_TeamK/Content/ParagonIggyScorch/Characters/Global/Eyes/Textures/T_DecalMask_Radial03.uasset" 6009
"../../../../../../PG/TGS_TeamK/Content/ParagonIggyScorch/Characters/Global/Eyes/Textures/T_Swirly_Noise.uasset" 6010
"C:/PG/TGS_TeamK/Content/ParagonWraith/Characters/Heroes/Wraith/Skins/LunarOps/Materials/M_Ghost_Attachment_Martian.uasset" 6011
"../../../../../../PG/TGS_TeamK/Content/ParagonIggyScorch/Characters/Global/Hair/Materials/MF_BlendHairColorsWithParam.uasset" 6012
"../../../../../../PG/TGS_TeamK/Content/ParagonIggyScorch/Characters/Global/MaterialFunctions/ParagonCharacterHairWind.uasset" 6013
"../../../../../../PG/TGS_TeamK/Content/ParagonIggyScorch/Characters/Global/Hair/T_Caustics_2.uasset" 6014
"../../../../../../PG/TGS_TeamK/Content/ParagonIggyScorch/Characters/Global/Hair/T_Fire_Tiled_D.uasset" 6015
"../../../../../../PG/TGS_TeamK/Content/ParagonIggyScorch/Characters/Global/Hair/T_gradient_stasis.uasset" 6016
"../../../../../../PG/TGS_TeamK/Content/ParagonIggyScorch/Characters/Global/Hair/TestContent/T_HairClump02_Alpha.uasset" 6017
"../../../../../../PG/TGS_TeamK/Content/ParagonIggyScorch/Characters/Global/Hair/TestContent/T_HairClump02_Depth.uasset" 6018
"../../../../../../PG/TGS_TeamK/Content/ParagonIggyScorch/Characters/Global/Hair/TestContent/T_HairClump02_DyeMask.uasset" 6019
"../../../../../../PG/TGS_TeamK/Content/ParagonIggyScorch/Characters/Global/Hair/TestContent/T_HairClump02_ID.uasset" 6020
"../../../../../../PG/TGS_TeamK/Content/ParagonIggyScorch/Characters/Global/Hair/TestContent/T_HairClump02_Roots.uasset" 6021
"C:/PG/TGS_TeamK/Content/ParagonWraith/Characters/Heroes/Wraith/Skins/LunarOps/Materials/M_Ghost_Gun_Martian.uasset" 6022
"../../../../../../PG/TGS_TeamK/Content/ParagonIggyScorch/Characters/Heroes/IggyScorch/Skins/MechaTerror/Materials/Layers/ML_IggyScorch_MechaTerror_Leather.uasset" 6023
"../../../../../../PG/TGS_TeamK/Content/ParagonIggyScorch/Characters/Heroes/IggyScorch/Skins/MechaTerror/Textures/T_IggyScorch_MechaTerror_Container_A_MASK.uasset" 6024
"../../../../../../PG/TGS_TeamK/Content/ParagonIggyScorch/Characters/Heroes/IggyScorch/Skins/MechaTerror/Textures/T_IggyScorch_MechaTerror_Container_B_MASK.uasset" 6025
"../../../../../../PG/TGS_TeamK/Content/ParagonIggyScorch/Characters/Heroes/IggyScorch/Skins/MechaTerror/Textures/T_IggyScorch_MechaTerror_Container_COLOR.uasset" 6026
"../../../../../../PG/TGS_TeamK/Content/ParagonIggyScorch/Characters/Heroes/IggyScorch/Skins/MechaTerror/Textures/T_IggyScorch_MechaTerror_Container_N.uasset" 6027
"../../../../../../PG/TGS_TeamK/Content/ParagonIggyScorch/Characters/Heroes/IggyScorch/Skins/MechaTerror/Textures/T_IggyScorch_MechaTerror_Container_RGBAO.uasset" 6028
"C:/PG/TGS_TeamK/Content/ParagonWraith/Characters/Heroes/Wraith/Skins/LunarOps/Materials/M_Ghost_Lowerbody_Martian.uasset" 6029
"C:/PG/TGS_TeamK/Content/ParagonWraith/Characters/Heroes/Wraith/Skins/LunarOps/Materials/M_Ghost_Upperbody_Martian.uasset" 6030
"../../../../../../PG/TGS_TeamK/Content/ParagonIggyScorch/Characters/Global/MaterialFunctions/MF_Oil.uasset" 6031
"../../../../../../PG/TGS_TeamK/Content/ParagonIggyScorch/Characters/Heroes/IggyScorch/Materials/MF/mf_IggyScorch_Thrower_Emissive.uasset" 6032
"../../../../../../PG/TGS_TeamK/Content/ParagonIggyScorch/Characters/Heroes/IggyScorch/Skins/MechaTerror/Textures/T_IggyScorch_MechaTerror_Items_COLOR.uasset" 6033
"../../../../../../PG/TGS_TeamK/Content/ParagonIggyScorch/Characters/Heroes/IggyScorch/Skins/MechaTerror/Textures/T_IggyScorch_MechaTerror_Items_MASK_1.uasset" 6034
"../../../../../../PG/TGS_TeamK/Content/ParagonIggyScorch/Characters/Heroes/IggyScorch/Skins/MechaTerror/Textures/T_IggyScorch_MechaTerror_Items_N.uasset" 6035
"../../../../../../PG/TGS_TeamK/Content/ParagonIggyScorch/Characters/Heroes/IggyScorch/Skins/MechaTerror/Textures/T_IggyScorch_MechaTerror_Items_RGBA.uasset" 6036
"C:/PG/TGS_TeamK/Content/ParagonWraith/Characters/Heroes/Wraith/Meshes/Wraith.uasset" 6037
"../../../../../../PG/TGS_TeamK/Content/ParagonIggyScorch/Characters/Global/MaterialLayers/Rubber/ML_DarkSoft_Rubber.uasset" 6038
"C:/PG/TGS_TeamK/Content/ParagonIggyScorch/Characters/Heroes/IggyScorch/Materials/M_IggyScorch_Bottle_Injector_Glass_NoFire.uasset" 6039
"../../../../../../PG/TGS_TeamK/Content/ParagonIggyScorch/Characters/Heroes/IggyScorch/Skins/MechaTerror/Textures/T_IggyScorch_MechaTerror_Mount_Front_COLOR.uasset" 6040
"../../../../../../PG/TGS_TeamK/Content/ParagonIggyScorch/Characters/Heroes/IggyScorch/Skins/MechaTerror/Textures/T_IggyScorch_MechaTerror_Mount_Front_MASK_1.uasset" 6041
"../../../../../../PG/TGS_TeamK/Content/ParagonIggyScorch/Characters/Heroes/IggyScorch/Skins/MechaTerror/Textures/T_IggyScorch_MechaTerror_Mount_Front_N.uasset" 6042
"../../../../../../PG/TGS_TeamK/Content/ParagonIggyScorch/Characters/Heroes/IggyScorch/Skins/MechaTerror/Textures/T_IggyScorch_MechaTerror_Mount_Front_RGBA.uasset" 6043
"C:/PG/TGS_TeamK/Content/ParagonIggyScorch/Characters/Heroes/IggyScorch/Materials/MIC_IggyScorch_Mount_EyeRefractive.uasset" 6044
"../../../../../../PG/TGS_TeamK/Content/ParagonIggyScorch/Characters/Heroes/IggyScorch/Skins/MechaTerror/Textures/T_IggyScorch_MechaTerror_Mount_Front_N_DEMO.uasset" 6045
"C:/PG/TGS_TeamK/Content/ParagonIggyScorch/Characters/Heroes/IggyScorch/Materials/MIC_IggyScorch_Pilot_EyeRefractive.uasset" 6046
"../../../../../../PG/TGS_TeamK/Content/ParagonIggyScorch/Characters/Global/MaterialLayers/Fabric/ML_Fabric_SmoothTech01.uasset" 6047
"C:/PG/TGS_TeamK/Content/ParagonIggyScorch/Characters/Heroes/IggyScorch/Skins/Fireball/Materials/MI_IggyScorch_Hair_Fireball.uasset" 6048
"../../../../../../PG/TGS_TeamK/Content/ParagonIggyScorch/Characters/Heroes/IggyScorch/Textures/T_IggyScorch_Mount_Front_N.uasset" 6049
"../../../../../../PG/TGS_TeamK/Content/ParagonIggyScorch/Characters/Heroes/IggyScorch/Textures/T_IggyScorch_Mount_Front_Skin.uasset" 6050
"C:/PG/TGS_TeamK/Content/ParagonIggyScorch/Characters/Heroes/IggyScorch/Materials/MI_IggyScorch_Hair.uasset" 6051
"../../../../../../PG/TGS_TeamK/Content/ParagonIggyScorch/Characters/Global/MaterialLayers/Fabric/ML_Whool03.uasset" 6052
"../../../../../../PG/TGS_TeamK/Content/ParagonIggyScorch/Characters/Global/MaterialLayers/Metal/ML_Dark_Metal.uasset" 6053
"../../../../../../PG/TGS_TeamK/Content/ParagonIggyScorch/Characters/Heroes/IggyScorch/Textures/CS/T_IggyScorch_Mount_Rear_MASK.uasset" 6054
"../../../../../../PG/TGS_TeamK/Content/ParagonIggyScorch/Characters/Heroes/IggyScorch/Textures/T_IggyScorch_Mount_Rear_MASK.uasset" 6055
"../../../../../../PG/TGS_TeamK/Content/ParagonIggyScorch/Characters/Heroes/IggyScorch/Textures/T_IggyScorch_Mount_Rear_MASK2.uasset" 6056
"../../../../../../PG/TGS_TeamK/Content/ParagonIggyScorch/Characters/Heroes/IggyScorch/Textures/T_IggyScorch_Mount_Rear_Skin.uasset" 6057
"C:/PG/TGS_TeamK/Content/ParagonIggyScorch/Characters/Heroes/IggyScorch/Skins/MechaTerror/Materials/MIC_IggyScorch_MechaTerror_Container.uasset" 6058
"../../../../../../PG/TGS_TeamK/Content/ParagonIggyScorch/Characters/Global/MaterialLayers/Wood/ML_Wood01.uasset" 6059
"../../../../../../PG/TGS_TeamK/Content/ParagonIggyScorch/Characters/Heroes/IggyScorch/Materials/SP_IggyScorch_SubsurfaceProfile.uasset" 6060
"../../../../../../PG/TGS_TeamK/Content/ParagonIggyScorch/Characters/Heroes/IggyScorch/Textures/T_IggyScorch_Pilot_Skin.uasset" 6061
"C:/PG/TGS_TeamK/Content/ParagonIggyScorch/Characters/Heroes/IggyScorch/Skins/MechaTerror/Materials/MIC_IggyScorch_MechaTerror_Glass_NoFire.uasset" 6062
"../../../../../../PG/TGS_TeamK/Content/ParagonWraith/FX/Materials/MaterialFunctions/MF_CharacterEffects.uasset" 6063
"../../../../../../PG/TGS_TeamK/Content/ParagonWraith/FX/Materials/MaterialFunctions/MF_OrionCharacterAO.uasset" 6064
"../../../../../../PG/TGS_TeamK/Content/ParagonWraith/FX/Materials/MaterialLayers/Metal/ML_Metal_Scratched_Circular.uasset" 6065
"../../../../../../PG/TGS_TeamK/Content/ParagonWraith/FX/Materials/MaterialLayers/Metal/ML_SoftMetal01.uasset" 6066
"../../../../../../PG/TGS_TeamK/Content/ParagonWraith/FX/Materials/MaterialLayers/Painted/ML_MetallicClearCoat.uasset" 6067
"../../../../../../PG/TGS_TeamK/Content/ParagonWraith/FX/Materials/MaterialLayers/Synthetics/ML_SimpleEmissive_underGlass.uasset" 6068
"../../../../../../PG/TGS_TeamK/Content/ParagonWraith/FX/Textures/Heroes/Wraith/T_Wraith_UpperBody_Mask.uasset" 6069
"../../../../../../PG/TGS_TeamK/Content/ParagonWraith/FX/Textures/Heroes/Wraith/T_Wraith_UpperBody_Mask2.uasset" 6070
"../../../../../../PG/TGS_TeamK/Content/ParagonWraith/FX/Textures/Heroes/Wraith/T_Wraith_upperbody_N_DEMO.uasset" 6071
"../../../../../../PG/TGS_TeamK/Content/ParagonWraith/FX/Textures/Heroes/Wraith/T_Wraith_Upperbody_RGBA.uasset" 6072
"C:/PG/TGS_TeamK/Content/ParagonIggyScorch/Characters/Heroes/IggyScorch/Skins/MechaTerror/Materials/MIC_IggyScorch_MechaTerror_Items_1.uasset" 6073
"../../../../../../PG/TGS_TeamK/Content/EPMasterMaterials/Materials/Masters/MM_EP_MinimumPBR+Parameters.uasset" 6074
"../../../../../../PG/TGS_TeamK/Content/EPMasterMaterials/Textures/Examples/Walls/T_GrayPlaster01c_A.uasset" 6075
"../../../../../../PG/TGS_TeamK/Content/EPMasterMaterials/Textures/Examples/Walls/T_GrayPlaster01c_AORH.uasset" 6076
"../../../../../../PG/TGS_TeamK/Content/EPMasterMaterials/Textures/Examples/Walls/T_GrayPlaster01c_N.uasset" 6077
"C:/PG/TGS_TeamK/Content/ParagonIggyScorch/Characters/Heroes/IggyScorch/Skins/MechaTerror/Materials/MIC_IggyScorch_MechaTerror_Items_2.uasset" 6078
"../../../../../../PG/TGS_TeamK/Content/ParagonWraith/Characters/Heroes/Wraith/Skins/LunarOps/Materials/M_Wraith_Backpack_LunarOps.uasset" 6079
"../../../../../../PG/TGS_TeamK/Content/ArrowTrail/FX/NS_ArrowTrail_Fire_02.uasset" 6080
"C:/PG/TGS_TeamK/Content/ParagonIggyScorch/Characters/Heroes/IggyScorch/Skins/MechaTerror/Materials/MIC_IggyScorch_MechaTerror_Mount_1_Front.uasset" 6081
"C:/PG/TGS_TeamK/Content/ParagonIggyScorch/Characters/Heroes/IggyScorch/Skins/MechaTerror/Materials/MIC_IggyScorch_MechaTerror_Mount_1_Rear.uasset" 6082
"../../../../../../PG/TGS_TeamK/Content/ParagonWraith/Characters/Heroes/Wraith/Skins/LunarOps/Materials/M_Wraith_Attachment_LunarOps.uasset" 6083
"C:/PG/TGS_TeamK/Content/ParagonIggyScorch/Characters/Heroes/IggyScorch/Skins/MechaTerror/Materials/MIC_IggyScorch_MechaTerror_Mount_2_Front.uasset" 6084
"../../../../../../PG/TGS_TeamK/Content/ParagonWraith/Characters/Heroes/Wraith/Skins/LunarOps/Materials/M_Wraith_Gun_LunarOps.uasset" 6085
"C:/PG/TGS_TeamK/Content/ParagonIggyScorch/Characters/Heroes/IggyScorch/Skins/MechaTerror/Materials/MIC_IggyScorch_MechaTerror_Mount_2_Rear.uasset" 6086
"../../../../../../PG/TGS_TeamK/Content/ParagonWraith/Characters/Heroes/Wraith/Skins/LunarOps/Materials/M_Wraith_Lowerbody_LunarOps.uasset" 6087
"C:/PG/TGS_TeamK/Content/ParagonWraith/FX/Materials/Heroes/Wraith/FX/M_Wraith_Upperbody_Drone_Inst.uasset" 6088
"../../../../../../PG/TGS_TeamK/Content/ParagonWraith/Characters/Heroes/Wraith/Skins/LunarOps/Materials/M_Wraith_Upperbody_LunarOps.uasset" 6089
"C:/PG/TGS_TeamK/Content/ParagonWraith/Characters/Heroes/Wraith/Skins/LunarOps/Meshes/Wraith_LunarOps.uasset" 6090
"../../../../../../PG/TGS_TeamK/Content/ParagonWraith/Characters/Heroes/Wraith/Materials/M_Wraith_Backpack.uasset" 6091
"../../../../../../PG/TGS_TeamK/Content/ParagonWraith/Characters/Heroes/Wraith/Materials/M_Wraith_Gun.uasset" 6092
"../../../../../../PG/TGS_TeamK/Content/ParagonWraith/Characters/Heroes/Wraith/Materials/M_Wraith_Lowerbody.uasset" 6093
"../../../../../../PG/TGS_TeamK/Content/ParagonWraith/Characters/Heroes/Wraith/Materials/M_Wraith_Upperbody.uasset" 6094
"../../../../../../PG/TGS_TeamK/Content/ParagonWraith/Characters/Heroes/Wraith/Meshes/Wraith_Extents.uasset" 6095
"../../../../../../PG/TGS_TeamK/Content/ParagonWraith/Characters/Heroes/Wraith/Meshes/Wraith_ShadowCyl.uasset" 6096
"../../../../../../PG/TGS_TeamK/Content/ParagonWraith/Characters/Heroes/Wraith/Meshes/Wraith.uasset" 6097
"C:/Users/kbc12306156/AppData/Local/UnrealEngine/Common/DerivedDataCache/Buckets/LegacySKELETALMESH/4a/b3/c21825a7fa7b8bfe44b74efe7b36212fb49e.udd" 6098
"C:/Users/kbc12306156/AppData/Local/UnrealEngine/Common/DerivedDataCache/Content/c1/c8/d674da32d743f892048c1632f735d356c0a9.udd" 6099
"C:/PG/TGS_TeamK/Content/ParagonIggyScorch/Characters/Heroes/IggyScorch/Skins/Fireball/Meshes/IggyScorch_Fireball.uasset" 6100
"../../../../../../PG/TGS_TeamK/Content/ParagonIggyScorch/Characters/Heroes/IggyScorch/Materials/M_IggyScorch_Bottle_Injector_Glass.uasset" 6101
"C:/PG/TGS_TeamK/Content/ParagonIggyScorch/Characters/Heroes/IggyScorch/Meshes/IggyScorch.uasset" 6102
"../../../../../../PG/TGS_TeamK/Content/ParagonIggyScorch/Characters/Global/Eyes/Materials/M_EyeRefractive.uasset" 6103
"../../../../../../PG/TGS_TeamK/Content/ParagonIggyScorch/Characters/Heroes/IggyScorch/Textures/T_IggyScorch_Mount_EyeIrisBaseColor.uasset" 6104
"C:/PG/TGS_TeamK/Content/ParagonIggyScorch/Characters/Heroes/IggyScorch/Skins/MechaTerror/Meshes/IggyScorch_MechaTerror.uasset" 6105
"C:/PG/TGS_TeamK/Content/ParagonWraith/FX/Meshes/Heroes/Wraith/SM_Wraith_Drone.uasset" 6106
"../../../../../../PG/TGS_TeamK/Content/ParagonIggyScorch/Characters/Global/Hair/Materials/M_HairSheet_Master2.uasset" 6107
"../../../../../../PG/TGS_TeamK/Content/ParagonIggyScorch/Characters/Global/Hair/SharedHairContent/MaleBearded_Iggy/T_Iggy_Hair_Depth.uasset" 6108
"../../../../../../PG/TGS_TeamK/Content/ParagonIggyScorch/Characters/Global/Hair/SharedHairContent/MaleBearded_Iggy/T_Iggy_Hair_ID.uasset" 6109
"../../../../../../PG/TGS_TeamK/Content/ParagonIggyScorch/Characters/Global/Hair/SharedHairContent/MaleBearded_Iggy/T_Iggy_Hair_Opacity.uasset" 6110
"../../../../../../PG/TGS_TeamK/Content/ParagonIggyScorch/Characters/Global/Hair/SharedHairContent/MaleBearded_Iggy/T_Iggy_Hair_Root.uasset" 6111
"../../../../../../PG/TGS_TeamK/Content/ParagonIggyScorch/Characters/Heroes/IggyScorch/Skins/Fireball/Textures/T_IggyScorch_Fireball_Pilot_Hair_D.uasset" 6112
"C:/PG/TGS_TeamK/Content/ThirdPerson/Blueprints/ClearPown.uasset" 6113
"C:/PG/TGS_TeamK/Content/ThirdPerson/Blueprints/ClearPown_2.uasset" 6114
"../../../../../../PG/TGS_TeamK/Content/ParagonIggyScorch/Characters/Heroes/IggyScorch/Skins/MechaTerror/Materials/Parent/M_IggyScorch_MechaTerror_Container.uasset" 6115
"C:/PG/TGS_TeamK/Content/ThirdPerson/Blueprints/death.uasset" 6116
"../../../../../../PG/TGS_TeamK/Content/ParagonIggyScorch/Characters/Heroes/IggyScorch/Skins/MechaTerror/Materials/Parent/T_IggyScorch_MechaTerror_Glass.uasset" 6117
"../../../../../../PG/TGS_TeamK/Content/ParagonIggyScorch/Characters/Global/T_White.uasset" 6118
"../../../../../../PG/TGS_TeamK/Content/ParagonIggyScorch/Characters/Heroes/IggyScorch/Skins/MechaTerror/Textures/T_IggyScorch_MechaTerror_Mount_Rear_N.uasset" 6119
"C:/PG/TGS_TeamK/Content/GM_Title.uasset" 6120
"../../../../../../PG/TGS_TeamK/Content/ParagonIggyScorch/Characters/Heroes/IggyScorch/Skins/MechaTerror/Materials/Parent/M_IggyScorch_MechaTerror_Items_1.uasset" 6121
"C:/PG/TGS_TeamK/Content/ThirdPerson/Maps/Title1.umap" 6122
"../../../../../../PG/TGS_TeamK/Content/ParagonIggyScorch/Characters/Heroes/IggyScorch/Skins/MechaTerror/Materials/Parent/M_IggyScorch_MechaTerror_Items_2.uasset" 6123
"C:/PG/TGS_TeamK/Content/ThirdPerson/Maps/Title.umap" 6124
"../../../../../../PG/TGS_TeamK/Content/ParagonIggyScorch/Characters/Heroes/IggyScorch/Skins/MechaTerror/Materials/Parent/M_IggyScorch_MechaTerror_Mount_1.uasset" 6125
"../../../Engine/Content/EngineSounds/Submixes/MasterEQSubmixDefault.uasset" 6126
"../../../../../../PG/TGS_TeamK/Content/ParagonIggyScorch/Characters/Heroes/IggyScorch/Skins/MechaTerror/Textures/T_IggyScorch_MechaTerror_Mount_Rear_COLOR.uasset" 6127
"../../../../../../PG/TGS_TeamK/Content/ParagonIggyScorch/Characters/Heroes/IggyScorch/Skins/MechaTerror/Textures/T_IggyScorch_MechaTerror_Mount_Rear_MASK_1.uasset" 6128
"../../../../../../PG/TGS_TeamK/Content/ParagonIggyScorch/Characters/Heroes/IggyScorch/Skins/MechaTerror/Textures/T_IggyScorch_MechaTerror_Mount_Rear_RGBA.uasset" 6129
"../../../Engine/Content/EngineSounds/Submixes/MasterSubmixDefault.uasset" 6130
"../../../../../../PG/TGS_TeamK/Content/ParagonIggyScorch/Characters/Heroes/IggyScorch/Skins/MechaTerror/Materials/Parent/M_IggyScorch_MechaTerror_Mount_2.uasset" 6131
"../../../Engine/Content/EngineSounds/Submixes/MasterReverbSubmixDefault.uasset" 6132
"C:/PG/TGS_TeamK/Content/ThirdPerson/Blueprints/BP_ThirdPersonCharacter.uasset" 6133
"../../../../../../PG/TGS_TeamK/Content/ParagonWraith/FX/Materials/Heroes/Wraith/M_Wraith_Upperbody.uasset" 6134
"C:/PG/TGS_TeamK/Content/ThirdPerson/Blueprints/BP_ThirdPersonGameMode.uasset" 6135
"../../../../../../PG/TGS_TeamK/Content/ParagonWraith/Characters/Heroes/Wraith/Skins/LunarOps/Materials/M_Ghost_Attachment_Martian.uasset" 6136
"../../../../../../PG/TGS_TeamK/Content/ParagonWraith/Characters/Heroes/Wraith/Skins/LunarOps/Materials/M_Ghost_Backpack_Martian.uasset" 6137
"../../../../../../PG/TGS_TeamK/Content/ParagonWraith/Characters/Heroes/Wraith/Skins/LunarOps/Materials/M_Ghost_Gun_Martian.uasset" 6138
"../../../../../../PG/TGS_TeamK/Content/ParagonWraith/Characters/Heroes/Wraith/Skins/LunarOps/Materials/M_Ghost_Lowerbody_Martian.uasset" 6139
"../../../../../../PG/TGS_TeamK/Content/ParagonWraith/Characters/Heroes/Wraith/Skins/LunarOps/Materials/M_Ghost_Upperbody_Martian.uasset" 6140
"../../../../../../PG/TGS_TeamK/Content/ParagonWraith/Characters/Heroes/Wraith/Skins/LunarOps/Meshes/Wraith_LunarOps.uasset" 6141
"C:/Users/kbc12306156/AppData/Local/UnrealEngine/Common/DerivedDataCache/Buckets/LegacySKELETALMESH/dc/80/8b8b0147f849e219163e22de2f79d57a43af.udd" 6142
"C:/Users/kbc12306156/AppData/Local/UnrealEngine/Common/DerivedDataCache/Content/58/da/73fac67613585e69ae3c621a23ff240d0a16.udd" 6143
"C:/PG/TGS_TeamK/Content/ThirdPerson/Blueprints/BP_BulletPool.uasset" 6144
"../../../../../../PG/TGS_TeamK/Content/ParagonIggyScorch/Characters/Global/Eyes/Materials/M_Eye_Occlusion.uasset" 6145
"../../../../../../PG/TGS_TeamK/Content/ParagonIggyScorch/Characters/Global/Eyes/Materials/M_TearLine.uasset" 6146
"../../../../../../PG/TGS_TeamK/Content/ParagonIggyScorch/Characters/Heroes/IggyScorch/Materials/M_IggyScorch_Goggles_Glass.uasset" 6147
"../../../../../../PG/TGS_TeamK/Content/ParagonIggyScorch/Characters/Heroes/IggyScorch/Materials/M_IggyScorch_Thrower.uasset" 6148
"../../../../../../PG/TGS_TeamK/Content/ParagonIggyScorch/Characters/Heroes/IggyScorch/Materials/M_OilPouch.uasset" 6149
"../../../../../../PG/TGS_TeamK/Content/ParagonIggyScorch/Characters/Heroes/IggyScorch/Skins/Fireball/Materials/M_IggyScorch_Dispenser_Fireball.uasset" 6150
"../../../../../../PG/TGS_TeamK/Content/ParagonIggyScorch/Characters/Heroes/IggyScorch/Skins/Fireball/Materials/M_IggyScorch_Mount_Front_Fireball.uasset" 6151
"../../../../../../PG/TGS_TeamK/Content/ParagonIggyScorch/Characters/Heroes/IggyScorch/Skins/Fireball/Materials/M_IggyScorch_Mount_Rear_Fireball.uasset" 6152
"../../../../../../PG/TGS_TeamK/Content/ParagonIggyScorch/Characters/Heroes/IggyScorch/Skins/Fireball/Materials/M_IggyScorch_Pilot_Fireball.uasset" 6153
"../../../../../../PG/TGS_TeamK/Content/ParagonIggyScorch/Characters/Heroes/IggyScorch/Materials/M_IggyScorch_Bottle_Injector_Glass_NoFire.uasset" 6154
"../../../../../../PG/TGS_TeamK/Content/ParagonIggyScorch/Characters/Heroes/IggyScorch/Materials/MIC_IggyScorch_Mount_EyeRefractive.uasset" 6155
"../../../../../../PG/TGS_TeamK/Content/ParagonIggyScorch/Characters/Heroes/IggyScorch/Materials/MIC_IggyScorch_Pilot_EyeRefractive.uasset" 6156
"../../../../../../PG/TGS_TeamK/Content/ParagonIggyScorch/Characters/Heroes/IggyScorch/Skins/Fireball/Materials/MI_IggyScorch_Hair_Fireball.uasset" 6157
"../../../../../../PG/TGS_TeamK/Content/ParagonIggyScorch/Characters/Heroes/IggyScorch/Meshes/IggyScorch_CylShadows.uasset" 6158
"../../../../../../PG/TGS_TeamK/Content/ParagonIggyScorch/Characters/Heroes/IggyScorch/Meshes/IggyScorch_PhysicsAsset.uasset" 6159
"../../../../../../PG/TGS_TeamK/Content/ParagonIggyScorch/Characters/Heroes/IggyScorch/Skins/Fireball/Meshes/IggyScorch_Fireball.uasset" 6160
"C:/Users/kbc12306156/AppData/Local/UnrealEngine/Common/DerivedDataCache/Buckets/LegacySKELETALMESH/5f/90/5e128a064e59444a42fb1a71c2325843ca26.udd" 6161
"C:/Users/kbc12306156/AppData/Local/UnrealEngine/Common/DerivedDataCache/Content/b2/b3/8d9c5a566d4a2f835aad68d0575dafc1d250.udd" 6162
"C:/PG/TGS_TeamK/Content/ThirdPerson/Blueprints/BP_MyGameState.uasset" 6163
"../../../../../../PG/TGS_TeamK/Content/ParagonIggyScorch/Characters/Heroes/IggyScorch/Materials/M_IggyScorch_Dispenser.uasset" 6164
"../../../../../../PG/TGS_TeamK/Content/ParagonIggyScorch/Characters/Heroes/IggyScorch/Materials/M_IggyScorch_Mount_Front.uasset" 6165
"../../../../../../PG/TGS_TeamK/Content/ParagonIggyScorch/Characters/Heroes/IggyScorch/Materials/M_IggyScorch_Mount_Rear.uasset" 6166
"../../../../../../PG/TGS_TeamK/Content/ParagonIggyScorch/Characters/Heroes/IggyScorch/Materials/M_IggyScorch_Pilot.uasset" 6167
"../../../../../../PG/TGS_TeamK/Content/ParagonIggyScorch/Characters/Heroes/IggyScorch/Materials/MI_IggyScorch_Hair.uasset" 6168
"../../../../../../PG/TGS_TeamK/Content/ParagonIggyScorch/Characters/Heroes/IggyScorch/Meshes/IggyScorch.uasset" 6169
"C:/Users/kbc12306156/AppData/Local/UnrealEngine/Common/DerivedDataCache/Buckets/LegacySKELETALMESH/e9/ff/b0057da66d871f9e832af18a8deeaf995140.udd" 6170
"C:/PG/TGS_TeamK/Content/Enemy/Blueprints/BP_Enemy.uasset" 6171
"../../../../../../PG/TGS_TeamK/Content/ParagonIggyScorch/Characters/Heroes/IggyScorch/Skins/MechaTerror/Materials/M_IggyScorch_MechaTerror_Hoses.uasset" 6172
"../../../../../../PG/TGS_TeamK/Content/ParagonIggyScorch/Characters/Heroes/IggyScorch/Skins/MechaTerror/Materials/M_IggyScorch_MechaTerror_Hydraulics.uasset" 6173
"../../../../../../PG/TGS_TeamK/Content/ParagonIggyScorch/Characters/Heroes/IggyScorch/Skins/MechaTerror/Materials/M_IggyScorch_MechaTerror_Pilot_1.uasset" 6174
"../../../../../../PG/TGS_TeamK/Content/ParagonIggyScorch/Characters/Heroes/IggyScorch/Skins/MechaTerror/Materials/M_IggyScorch_MechaTerror_Pilot_2.uasset" 6175
"../../../../../../PG/TGS_TeamK/Content/ParagonIggyScorch/Characters/Heroes/IggyScorch/Skins/MechaTerror/Materials/M_IggyScorch_MechaTerror_Pilot_Claw.uasset" 6176
"../../../../../../PG/TGS_TeamK/Content/ParagonIggyScorch/Characters/Heroes/IggyScorch/Skins/MechaTerror/Materials/M_IggyScorch_MechaTerror_Pilot_Eyes.uasset" 6177
"../../../../../../PG/TGS_TeamK/Content/ParagonIggyScorch/Characters/Heroes/IggyScorch/Skins/MechaTerror/Materials/MIC_IggyScorch_MechaTerror_Container.uasset" 6178
"../../../../../../PG/TGS_TeamK/Content/ParagonIggyScorch/Characters/Heroes/IggyScorch/Skins/MechaTerror/Materials/MIC_IggyScorch_MechaTerror_Glass_NoFire.uasset" 6179
"../../../../../../PG/TGS_TeamK/Content/ParagonIggyScorch/Characters/Heroes/IggyScorch/Skins/MechaTerror/Materials/MIC_IggyScorch_MechaTerror_Items_1.uasset" 6180
"../../../../../../PG/TGS_TeamK/Content/ParagonIggyScorch/Characters/Heroes/IggyScorch/Skins/MechaTerror/Materials/MIC_IggyScorch_MechaTerror_Items_2.uasset" 6181
"../../../../../../PG/TGS_TeamK/Content/ParagonIggyScorch/Characters/Heroes/IggyScorch/Skins/MechaTerror/Materials/MIC_IggyScorch_MechaTerror_Mount_1_Front.uasset" 6182
"../../../../../../PG/TGS_TeamK/Content/ParagonIggyScorch/Characters/Heroes/IggyScorch/Skins/MechaTerror/Materials/MIC_IggyScorch_MechaTerror_Mount_1_Rear.uasset" 6183
"../../../../../../PG/TGS_TeamK/Content/ParagonIggyScorch/Characters/Heroes/IggyScorch/Skins/MechaTerror/Materials/MIC_IggyScorch_MechaTerror_Mount_2_Front.uasset" 6184
"../../../../../../PG/TGS_TeamK/Content/ParagonIggyScorch/Characters/Heroes/IggyScorch/Skins/MechaTerror/Materials/MIC_IggyScorch_MechaTerror_Mount_2_Rear.uasset" 6185
"../../../../../../PG/TGS_TeamK/Content/ParagonIggyScorch/Characters/Heroes/IggyScorch/Skins/MechaTerror/Meshes/IggyScorch_MechaTerror.uasset" 6186
"C:/Users/kbc12306156/AppData/Local/UnrealEngine/Common/DerivedDataCache/Buckets/LegacySKELETALMESH/60/ec/8a06567d3bb4ed0ccc3b73d3366592b1da88.udd" 6187
"C:/Users/kbc12306156/AppData/Local/UnrealEngine/Common/DerivedDataCache/Content/4b/77/09dbe7402210bc384d6ffcae2dc3e1ecf562.udd" 6188
"C:/PG/TGS_TeamK/Content/UI/WBP_UI.uasset" 6189
"../../../../../../PG/TGS_TeamK/Content/ParagonWraith/FX/Materials/Heroes/Wraith/FX/M_Wraith_Upperbody_Drone_Inst.uasset" 6190
"C:/Users/kbc12306156/AppData/Local/UnrealEngine/Common/DerivedDataCache/Buckets/LegacyMESHDATAKEY/d1/ba/9ead7e23f292204544d7cbf9d73dd9a0f3fc.udd" 6191
"C:/Users/kbc12306156/AppData/Local/UnrealEngine/Common/DerivedDataCache/Buckets/StaticMesh/b5/dc/e9dd7591f1f93cabced573537279cca2ffb6.udd" 6192
"C:/Users/kbc12306156/AppData/Local/UnrealEngine/Common/DerivedDataCache/Buckets/LegacyDIST/66/8b/6de3a014ee61bb389f69f57cd9de1aa99e19.udd" 6193
"C:/Users/kbc12306156/AppData/Local/UnrealEngine/Common/DerivedDataCache/Buckets/LegacyCARD/39/4c/02ed6ca29b5643fcc2b9e36b2e505be1d9e4.udd" 6194
"C:/Users/kbc12306156/AppData/Local/UnrealEngine/Common/DerivedDataCache/Buckets/LegacyNavCollision/4f/52/12c964f44389bfbd433e275b11f9a62a5900.udd" 6195
"C:/PG/TGS_TeamK/Content/ParagonIggyScorch/Characters/Heroes/IggyScorch/IggyScorch_AnimBP.uasset" 6196
"../../../../../../PG/TGS_TeamK/Content/ParagonWraith/Characters/Heroes/Wraith/Anim_Blueprint.uasset" 6197
"../../../../../../PG/TGS_TeamK/Content/ParagonWraith/Characters/Heroes/Wraith/Animations/Lose_Montage.uasset" 6198
"../../../../../../PG/TGS_TeamK/Content/ParagonWraith/Characters/Heroes/Wraith/Animations/Recall_Montage.uasset" 6199
"C:/PG/TGS_TeamK/Content/Enemy/Blueprints/BP_Boss_Enemy.uasset" 6200
"../../../../../../PG/TGS_TeamK/Content/ParagonWraith/Characters/Heroes/Wraith/Animations/Idle_Montage.uasset" 6201
"../../../../../../PG/TGS_TeamK/Content/ParagonWraith/Characters/Heroes/Wraith/Animations/test_Montage2.uasset" 6202
"C:/PG/TGS_TeamK/Content/ParagonIggyScorch/Characters/Heroes/IggyScorch/IggyScorchPlayerCharacter.uasset" 6203
"../../../../../../PG/TGS_TeamK/Content/ParagonWraith/Characters/Heroes/Wraith/Animations/Death.uasset" 6204
"../../../../../../PG/TGS_TeamK/Content/Direction/Death_Camera.uasset" 6205
"C:/PG/TGS_TeamK/Content/Enemy/Blueprints/baria.uasset" 6206
"../../../../../../PG/TGS_TeamK/Content/ThirdPerson/Blueprints/ClearPown.uasset" 6207
